sort,family_scientific,family_english,common_name,scientific_name,AM,AMR,E,EX,HIST,IO,MM,N,NR,NRR,OM,PM,PMR,RAR,RS,SO,VIO,VM,VN,VO,VP,VSO,VSA,water_bird,strict_water_bird,sort_1996,sort_2009,avibaseid,entry_checklist_of_kenya,note_2009,note_2019
1,Struthionidae,Ostriches,Common Ostrich,Struthio camelus (race camelus),,,,,,,,,,,,,,,,,,,,,,,,,,1,1,avibase-2247CB05,Common Ostrich Struthio camelus massaicus,"In the 1996 list, Struthio (camelus) molybdophanes, English name the Somali Ostrich, was treated as a separate species (Freitag & Robinson 1993), necessitating the qualifier ‘Common’ for the species containing the other two races (nominate camelus and massaicus); with the lumping in the present list no qualifier is required","(nominate race camelus Ex?) (Freitag & Robinson, 1983; Miller et al., 2011)"
2,Struthionidae,Ostriches,Somali Ostrich,Struthio molybdophanes,,,,,,,,,,,,,,,,,,,,,,,,,,,,avibase-40329BB6,Somali Ostrich Struthio molybdophanes,,
3,Anatidae,Ducks and Geese,White-faced Whistling Duck,Dendrocygna viduata,,,,,,,,,,,,,,,,,,,,,,,,TRUE,TRUE,71,22,avibase-A534AFEA,White-faced Whistling Duck Dendrocygna viduata,"In the 1996 list, Struthio (camelus) molybdophanes, English name the Somali Ostrich, was treated as a separate species (Freitag & Robinson 1993), necessitating the qualifier ‘Common’ for the species containing the other two races (nominate camelus and massaicus); with the lumping in the present list no qualifier is required",
4,Anatidae,Ducks and Geese,Fulvous Whistling Duck,Dendrocygna bicolor,,,,,,,,TRUE,,,,,,,,,,,,,,,,TRUE,TRUE,70,23,avibase-9A60617E,Fulvous Whistling Duck Dendrocygna bicolor N,,
5,Anatidae,Ducks and Geese,White-backed Duck,Thalassornis leuconotus,,,,,,,,,,,,,,,,,,,,,,,,TRUE,TRUE,72,24,avibase-2EEDACD5,White-backed Duck Thalassornis leuconotus,,
6,Anatidae,Ducks and Geese,Maccoa Duck,Oxyura maccoa,,,,,,,,,,,,,,,,,,,,,,,,TRUE,TRUE,94,45,avibase-1C2F4E80,Maccoa Duck Oxyura maccoa,,
7,Anatidae,Ducks and Geese,Egyptian Goose,Alopochen aegyptiaca,,,,,,,,,,,,,,,,,,,,,,,,TRUE,TRUE,74,27,avibase-DA2F24E3,Egyptian Goose Alopochen aegyptiaca,Was Alopochen aegyptiacus in the 1996 list; gender change follows David & Gosselin (2002b),
8,Anatidae,Ducks and Geese,Spur-winged Goose,Plectropterus gambensis,,,,,,,,,,,,,,,,,,,,,,,,TRUE,TRUE,73,25,avibase-EB01B24C,Spur-winged Goose Plectropterus gambensis,,
9,Anatidae,Ducks and Geese,Knob-billed Duck,Sarkidiornis melanotos,,TRUE,,,,,,,,,,,,,,,,,,,,,,TRUE,TRUE,76,26,avibase-3948131B,Knob-billed Duck Sarkidiornis melanotos am,,
10,Anatidae,Ducks and Geese,African Pygmy Goose,Nettapus auritus,,,,,,,,,,,,,,,,,,,,,,,,TRUE,TRUE,77,28,avibase-EC7C1618,African Pygmy Goose Nettapus auritus,,
11,Anatidae,Ducks and Geese,Southern Pochard,Netta erythrophthalma,,TRUE,,,,,,,,,,,,,,,,,,,,,,TRUE,TRUE,90,41,avibase-36C0242E,Southern Pochard Netta erythrophthalma am,,
12,Anatidae,Ducks and Geese,Common Pochard,Aythya ferina,,,,,,,,,,,,,,TRUE,,,,,,,TRUE,,,TRUE,TRUE,91,42,avibase-A96692E0,Common Pochard Aythya ferina VP Rar.,PM,
13,Anatidae,Ducks and Geese,Ferruginous Duck,Aythya nyroca,,,,,,,,,,,,TRUE,,,,,,,,,,,,TRUE,TRUE,92,43,avibase-7CF91527,Ferruginous Duck Aythya nyroca PM,,
14,Anatidae,Ducks and Geese,Tufted Duck,Aythya fuligula,,,,,,,,,,,,TRUE,,,,,,,,,,,,TRUE,TRUE,93,44,avibase-67CEA1C1,Tufted Duck Aythya fuligula PM,PM,
15,Anatidae,Ducks and Geese,Northern Shoveler,Spatula clypeata,,,,,,,,,,,,TRUE,,,,,,,,,,,,TRUE,TRUE,89,35,avibase-ED4CE8E7,Northern Shoveler Spatula clypeata PM,,
16,Anatidae,Ducks and Geese,Garganey,Spatula querquedula,,,,,,,,,,,,TRUE,,,,,,,,,,,,TRUE,TRUE,84,38,avibase-F577BA0F,Garganey Spatula querquedula PM,,
17,Anatidae,Ducks and Geese,Hottentot Teal,Spatula hottentota,,,,,,,,,,,,,,,,,,,,,,,,TRUE,TRUE,88,40,avibase-FA831F65,Hottentot Teal Spatula hottentota,,
18,Anatidae,Ducks and Geese,Gadwall,Mareca strepera,,,,,,,,,,,,TRUE,,,,,,,,,,,,TRUE,TRUE,82,30,avibase-C235A4D7,Gadwall Mareca strepera PM,,Formerly Anas strepera
19,Anatidae,Ducks and Geese,Eurasian Wigeon,Mareca penelope,,,,,,,,,,,,TRUE,,,,,,,,,,,,TRUE,TRUE,81,31,avibase-15EE0D36,Eurasian Wigeon Mareca penelope PM,,
20,Anatidae,Ducks and Geese,Cape Teal,Anas capensis,,,,,,,,,,,,,,,,,,,,,,,,TRUE,TRUE,80,29,avibase-25DA0F41,Cape Teal Anas capensis,,
21,Anatidae,Ducks and Geese,African Black Duck,Anas sparsa,,,,,,,,,,,,,,,,,,,,,,,,TRUE,TRUE,79,32,avibase-1EAFAD9F,African Black Duck Anas sparsa,,
22,Anatidae,Ducks and Geese,Mallard,Anas platyrhynchos,,,,,,,,,,,,,,TRUE,,,,,,,TRUE,,,TRUE,TRUE,78,33,avibase-85625D75,Mallard Anas platyrhynchos VP Rar.,,
23,Anatidae,Ducks and Geese,Yellow-billed Duck,Anas undulata,,TRUE,,,,,,,,,,,,,,,,,,,,,,TRUE,TRUE,85,34,avibase-7F64AD87,Yellow-billed Duck Anas undulata am,,
24,Anatidae,Ducks and Geese,Red-billed Teal,Anas erythrorhyncha,,,,,,,,,,,,,,,,,,,,,,,,TRUE,TRUE,87,36,avibase-8F6876AC,Red-billed Teal Anas erythrorhyncha,,
25,Anatidae,Ducks and Geese,Northern Pintail,Anas acuta,,,,,,,,,,,,TRUE,,,,,,,,,,,,TRUE,TRUE,86,37,avibase-56CCA717,Northern Pintail Anas acuta PM,,
26,Anatidae,Ducks and Geese,Eurasian Teal,Anas crecca,,,,,,,,,,,,TRUE,,,,,,,,,,,,TRUE,TRUE,83,39,avibase-BC6C3CCE,Eurasian Teal Anas crecca PM,,
27,Numididae,Guineafowl,Helmeted Guineafowl,Numida meleagris,,,,,,,,,,,,,,,,,,,,,,,,,,204,2,avibase-1044B438,Helmeted Guineafowl Numida meleagris,,
28,Numididae,Guineafowl,Vulturine Guineafowl,Acryllium vulturinum,,,,,,,,,,,,,,,,,,,,,,,,,,203,4,avibase-F7A3FA35,Vulturine Guineafowl Acryllium vulturinum,,
29,Numididae,Guineafowl,Crested Guineafowl,Guttera pucherani,,,,,,,,,,,,,,,,,,,,,,,,,,202,3,avibase-D5813CA4,Crested Guineafowl Guttera pucherani,"The nominate, mainly coastal and lowland race is sometimes regarded as being a species, the Kenya Crested Guineafowl; mainly western and highland forest birds of the race verreauxi are then split off as a species, the Crested Guinea Fowl",
29.1,Numididae,Guineafowl,Kenya Crested Guineafowl,Guttera pucherani pucherani,,,,,,,,,,,,,,,,,,,,,,,,,,,,avibase-35D60F12,Kenya Crested Guineafowl G. p. pucherani,,
29.2,Numididae,Guineafowl,Crested Guineafowl,Guttera (pucherani) verreauxi,,,,,,,,,,,,,,,,,,,,,,,,,,,,avibase-9D29C252,Crested Guineafowl G. (p.) verreauxi,,
30,Odontophoridae,Stone Partridge,Stone Partridge,Ptilopachus petrosus,,,,,,,,,,,,,,,,,,,,,,,,,,182,5,avibase-57B05159,Stone Partridge Ptilopachus petrosus,,
31,Phasianidae,"Francolins, Spurfowl and Quails",Common Quail,Coturnix coturnix (race coturnix),,,,,,,,,,TRUE,,,TRUE,,,,,,,,,,,,,178,19,avibase-CAFE345D,Common Quail Coturnix coturnix pm (nominate race coturnix NRR),,
32,Phasianidae,"Francolins, Spurfowl and Quails",Harlequin Quail,Coturnix delegorguei,,TRUE,,,,,,,,,,,,,,,,,,,,,,,,180,20,avibase-0CA903BB,Harlequin Quail Coturnix delegorguei am,,
33,Phasianidae,"Francolins, Spurfowl and Quails",African Blue Quail,Synoicus adansoniee,TRUE,,,,,,,,,,,,,,,,,,,,,,,,,179,21,avibase-CAA45AC6,African Blue Quail Synoicus adansonii AM,,Formerly Blue Quail
34,Phasianidae,"Francolins, Spurfowl and Quails",Scaly Francolin,Pternistis squamatus,,,,,,,,,,,,,,,,,,,,,,,,,,195,13,avibase-1B11690B,Scaly Francolin Pternistis squamatus,,
35,Phasianidae,"Francolins, Spurfowl and Quails",Hildebrandt's Francolin,Pternistis hildebrandti,,,,,,,,,,,,,,,,,,,,,,,,,,194,14,avibase-F5A73AAA,Hildebrandt’s Francolin Pternistis hildebrandti,,
36,Phasianidae,"Francolins, Spurfowl and Quails",Red-necked Spurfowl,Pternistis afer,,,,,,,,,,,,,,,,,,,,,,,,,,201,17,avibase-5FA94F66,Red-necked Spurfowl Pternistis afer,,
37,Phasianidae,"Francolins, Spurfowl and Quails",Yellow-necked Spurfowl, Pternistis leucoscepus,,,,,,,,,,,,,,,,,,,,,,,,,,199,18,avibase-90AFDF9E,Yellow-necked Spurfowl Pternistis leucoscepus,,
38,Phasianidae,"Francolins, Spurfowl and Quails",Jackson’s Francolin,Pternistis jacksoni,,,TRUE,,,,,,,,,,,,,,,,,,,,,,,196,15,avibase-A7E59764,Jackson’s Francolin Pternistis jacksoni E,,
39,Phasianidae,"Francolins, Spurfowl and Quails",Chestnut-naped Francolin,Pternistis castaneicollis (race atrifrons),,,,,,,,,,TRUE,,,,TRUE,,,,,,,,,,,,198,16,avibase-81474844,Chestnut-naped Francolin Pternistis castaneicollis NRR Rar.,,"Race recorded in Kenya is atrifrons. Should atrifrons be fully accepted as a separate species, English name will become Black-fronted Francolin"
40,Phasianidae,"Francolins, Spurfowl and Quails",Crested Francolin,Dendroperdix sephaena,,,,,,,,,,,,,,,,,,,,,,,,,,190,12,avibase-8004C7E5,Crested Francolin Dendroperdix sephaena,,
41,Phasianidae,"Francolins, Spurfowl and Quails",Coqui Francolin,Peliperdix coqui,,,,,,,,,,,,,,,,,,,,,,,,,,183,6,avibase-ECD7C1D8,Coqui Francolin Peliperdix coqui,,
42,Phasianidae,"Francolins, Spurfowl and Quails",Ring-necked Francolin,Scleroptila streptophora,,,,,,,,,,TRUE,,,,,,,,,,,,,,,,185,7,avibase-5B115F6C,Ring-necked Francolin Scleroptila streptophora NRR,,
43,Phasianidae,"Francolins, Spurfowl and Quails",Red-winged Francolin,Scleroptila levaillantii,,,,,,,,,,,,,,,,,,,,,,,,,,186,8,avibase-B49935ED,Red-winged Francolin Scleroptila levaillantii,,
44,Phasianidae,"Francolins, Spurfowl and Quails",Shelley's Francolin,Scleroptila shelleyi (race macarthuri),,,TRUE,,,,,,,,,,,,,,,,,,,,,,,188,9,avibase-A15F6836,Shelley’s Francolin Scleroptila shelleyi (race macarthuri E),,
45,Phasianidae,"Francolins, Spurfowl and Quails",Elgon Francolin,Scleroptila elgonensis (race theresae),,,TRUE,,,,,,,,,,,,,,,,,,,,,,,,,avibase-3D25568A,Elgon Francolin Scleroptila elgonensis (race theresae E),, The treatment of Elgon Francolin as a separate species from Moorland Francolin (as listed in the 2009 checklist) has been documented in Hunter et al. (2019)
46,Phasianidae,"Francolins, Spurfowl and Quails",Archer’s Francolin ,Scleroptila gutturalis,,,,,,,,,,,,,,,,,,,,,,,,,,,,avibase-8E833C63,Archer’s Francolin Scleroptila gutturalis,,"The wrong protocol was followed in the 2009 Checklist, using Orange River Francolin Francolinus levalliantoides, given that gutturalis was described prior to levalliantoides (Turner & Pearson, 2015)"
47,Podicipedidae,Grebes,Little Grebe,Tachybaptus ruficollis,,,,,,,,,,,,,,,,,,,,,,,,TRUE,TRUE,5,60,avibase-215FEA89,Little Grebe Tachybaptus ruficollis,,
48,Podicipedidae,Grebes,Great Crested Grebe,Podiceps cristatus,,,,,,,,,,,,,,,,,,,,,,,,TRUE,TRUE,3,61,avibase-8F269702,Great Crested Grebe Podiceps cristatus,,
49,Podicipedidae,Grebes,Black-necked Grebe,Podiceps nigricollis,,,,,,,,,,,,,,,,,,,,,,,,TRUE,TRUE,4,62,avibase-32DCEC14,Black-necked Grebe Podiceps nigricollis,,
50,Phoenicopteridae,Flamingos,Greater Flamingo,Phoenicopterus roseus,,TRUE,,,,,,,,,,,TRUE,,,,,,,,,,,TRUE,TRUE,68,63,avibase-0F9B5174,Greater Flamingo Phoenicopterus roseus am pm,,
51,Phoenicopteridae,Flamingos,Lesser Flamingo,Phoeniconaias minor,,TRUE,,,,,,,,,,,,,,,,,,,,,,TRUE,TRUE,69,64,avibase-B06A9079,Lesser Flamingo Phoeniconaias minor am ,,
52,Columbidae,Pigeons and Doves,Feral Pigeon,Columba livia,,,,,,,,,,,,,,,,,,,,,,,,,,368,334,avibase-BBA263C2,Feral (Rock) Pigeon Columba livia Introduced,,
53,Columbidae,Pigeons and Doves,Speckled Pigeon,Columba guinea,,,,,,,,,,,,,,,,,,,,,,,,,,366,335,avibase-A6EA9F02,Speckled Pigeon Columba guinea,,
54,Columbidae,Pigeons and Doves,African Olive Pigeon,Columba arquatrix,,,,,,,,,,,,,,,,,,,,,,,,,,365,336,avibase-EEDB8253,African Olive Pigeon Columba arquatrix,Called just Olive Pigeon in the 1996 list,
55,Columbidae,Pigeons and Doves,Eastern Bronze-naped Pigeon,Columba delegorguei,,,,,,,,,,,,,,,,,,,,,,,,,,364,337,avibase-870E4DDA,Eastern Bronze-naped Pigeon Columba delegorguei,,
56,Columbidae,Pigeons and Doves,Lemon Dove,Aplopelia larvata,,,,,,,,,,,,,,,,,,,,,,,,,,369,338,avibase-EE40DDB6,Lemon Dove Aplopelia larvata,,
57,Columbidae,Pigeons and Doves,European Turtle Dove,Streptopelia turtur,,,,,,,,,,,,,,,,,,,,,TRUE,,,,,375,339,avibase-5788552B,European Turtle Dove Streptopelia turtur VP,,
58,Columbidae,Pigeons and Doves,Dusky Turtle Dove,Streptopelia lugens,,,,,,,,,,,,,,,,,,,,,,,,,,376,340,avibase-8770C6A7,Dusky Turtle Dove Streptopelia lugens,,
59,Columbidae,Pigeons and Doves,African White-winged Dove,Streptopelia reichenowi ,,,,,,,,,,,,,,,,,,,,,,,,,,374,341,avibase-65FE8029,African White-winged Dove Streptopelia reichenowi ,Near Threatened,
60,Columbidae,Pigeons and Doves,African Mourning Dove,Streptopelia decipiens,,,,,,,,,,,,,,,,,,,,,,,,,,371,342,avibase-70BD722B,African Mourning Dove Streptopelia decipiens,,
61,Columbidae,Pigeons and Doves,Red-eyed Dove,Streptopelia semitorquata,,,,,,,,,,,,,,,,,,,,,,,,,,370,343,avibase-9888B3AE,Red-eyed Dove Streptopelia semitorquata,,
62,Columbidae,Pigeons and Doves,Ring-necked Dove,Streptopelia capicola,,,,,,,,,,,,,,,,,,,,,,,,,,373,344,avibase-AB937AEB,Ring-necked Dove Streptopelia capicola,,
63,Columbidae,Pigeons and Doves,Laughing Dove,Spilopelia senegalensis,,,,,,,,,,,,,,,,,,,,,,,,,,377,345,avibase-B2D6AB06,Laughing Dove Spilopelia senegalensis,,
64,Columbidae,Pigeons and Doves,Bruce's Green Pigeon,Treron waalia,,,,,,,,,,,,,,,,,,,,,,,,,,355,350,avibase-46C90944,Bruce’s Green Pigeon Treron waalia,,
65,Columbidae,Pigeons and Doves,African Green Pigeon,Treron calvus,,,,,,,,,,,,,,,,,,,,,,,,,,354,351,avibase-00146574,African Green Pigeon Treron calvus,"Following David & Gosselin (2002b), calvus is correct (was calva in the 1996 list)",
66,Columbidae,Pigeons and Doves,Emerald-spotted Wood-Dove,Turtur chalcospilos,,,,,,,,,,,,,,,,,,,,,,,,,,359,346,avibase-BDF442F2,Emerald-spotted Wood Dove Turtur chalcospilos,,
67,Columbidae,Pigeons and Doves,Blue-spotted Wood-Dove,Turtur afer,,,,,,,,,,,,,,,,,,,,,,,,,,358,347,avibase-23D5FC36,Blue-spotted Wood Dove Turtur afer,,
68,Columbidae,Pigeons and Doves,Tambourine Dove,Turtur tympanistria,,,,,,,,,,,,,,,,,,,,,,,,,,357,348,avibase-7308278F,Tambourine Dove Turtur tympanistria,,
69,Columbidae,Pigeons and Doves,Namaqua Dove,Oena capensis,,,,,,,,,,,,,,,,,,,,,,,,,,361,349,avibase-DDC2CC92,Namaqua Dove Oena capensis,,
70,Pteroclidae,Sandgrouse,Chestnut-bellied Sandgrouse,Pterocles exustus,,,,,,,,,,,,,,,,,,,,,,,,,,349,329,avibase-F5DE9155,Chestnut-bellied Sandgrouse Pterocles exustus,Called Common Button-quail in the 1996 list,
71,Pteroclidae,Sandgrouse,Yellow-throated Sandgrouse,Pterocles gutturalis,,,,,,,,,,,,,,,,,,,,,,,,,,353,330,avibase-8B6EA5FA,Yellow-throated Sandgrouse Pterocles gutturalis,,
72,Pteroclidae,Sandgrouse,Black-faced Sandgrouse,Pterocles decoratus,,,,,,,,,,,,,,,,,,,,,,,,,,350,331,avibase-70AFED2C,Black-faced Sandgrouse Pterocles decoratus,,
73,Pteroclidae,Sandgrouse,Lichtenstein's Sandgrouse,Pterocles lichtensteinii,,,,,,,,,,,,,,,,,,,,,,,,,,351,332,avibase-F3715F7B,Lichtenstein’s Sandgrouse Pterocles lichtensteinii,,
74,Pteroclidae,Sandgrouse,Four-banded Sandgrouse,Pterocles quadricinctus,,,,,,,,,,,,,,,,,,,,,,,,,,352,333,avibase-461482EA,Four-banded Sandgrouse Pterocles quadricinctus,,
75,Otididae, Bustards,Black-bellied Bustard,Lissotis melanogaster,,,,,,,,,,,,,,,,,,,,,,,,,,239,196,avibase-562F4456,Black-bellied Bustard Lissotis melanogaster,This and the next species were in Eupodotis in the 1996 list,
76,Otididae, Bustards,Hartlaub's Bustard,Lissotis hartlaubii,,,,,,,,,,,,,,,,,,,,,,,,,,240,197,avibase-402E7401,Hartlaub’s Bustard Lissotis hartlaubii,Called Common Button-quail in the 1996 list,
77,Otididae, Bustards,Arabian Bustard,Ardeotis arabs,,,,,,,,,,,,,,,,,,,,,,,,,,236,190,avibase-6A394479,Arabian Bustard Ardeotis arabs,"A pair collected, January 1932, northern Turkana and one photographed, January 1989 near Ileret",
78,Otididae, Bustards,Kori Bustard,Ardeotis kori,,,,,,,,,,,,,,,,,,,,,,,,,,235,191,avibase-4FC41CA0,Kori Bustard Ardeotis kori,,
79,Otididae, Bustards,Denham’s Bustard,Ardeotis denhami ,,,,,,,,,,,,,,,,,,,,,,,,,,233,192,avibase-4FDBC0CB,Denham’s Bustard Ardeotis denhami ,,
80,Otididae, Bustards,Heuglin’s Bustard,Ardeotis heuglinii,,,,,,,,,,,,,,,,,,,,,,,,,,234,193,avibase-4971D1EF,Heuglin’s Bustard Ardeotis heuglinii,,
81,Otididae, Bustards,Buff-crested Bustard,Lophotis gindiana,,,,,,,,,,,,,,,,,,,,,,,,,,237,195,avibase-968D57F9,Buff-crested Bustard Lophotis gindiana,,
82,Otididae, Bustards,White-bellied Bustard,Eupodotis senegalensis,,,,,,,,,,,,,,,,,,,,,,,,,,238,194,avibase-3B287014,White-bellied Bustard Eupodotis senegalensis,,
83,Cuculidae,Cuckoos and Coucals,Black Coucal,Centropus grillii,,,,,,,,,,,,,,,,,,,,,,,,,,424,387,avibase-DB09507D,Black Coucal Centropus grillii,,
84,Cuculidae,Cuckoos and Coucals,Blue-headed Coucal,Centropus monachus,,,,,,,,,,,,,,,,,,,,,,,,,,426,388,avibase-7C879D6D,Blue-headed Coucal Centropus monachus,,
85,Cuculidae,Cuckoos and Coucals,Senegal Coucal,Centropus senegalensis,,,,,,,,,,,,,,,,,,,,,,,,,,425,389,avibase-4A83155B,Senegal Coucal Centropus senegalensis,,
86,Cuculidae,Cuckoos and Coucals,White-browed Coucal,Centropus superciliosus,,,,,,,,,,,,,,,,,,,,,,,,,,422,390,avibase-BD2BC35C,White-browed Coucal Centropus superciliosus,,
87,Cuculidae,Cuckoos and Coucals,Western Yellowbill (Blue Malkoha),Ceuthmochares aereus,,,,,,,,,,,,,,,,,,,,,,,,,,421,386,avibase-E0D521B7,Western Yellowbill (Blue Malkoha) Ceuthmochares aereus,am,
88,Cuculidae,Cuckoos and Coucals,Southern Yellowbill (Green Malkoha),Ceuthmochares australis,,TRUE,,,,,,,,,,,,,,,,,,,,,,,,,,avibase-3A46A20C,Southern Yellowbill (Green Malkoha) Ceuthmochares australis am,,
89,Cuculidae,Cuckoos and Coucals,Jacobin Cuckoo,Clamator jacobinus,,TRUE,,,,,,,,,,,TRUE,,,,,,,,,,,,,404,372,avibase-BF0A0954,Jacobin Cuckoo Clamator jacobinus am pm om,,
90,Cuculidae,Cuckoos and Coucals,Levaillant’s Cuckoo,Clamator levaillantii,,TRUE,,,,,,,,,,,,,,,,,,,,,,,,405,373,avibase-3C8C3A31,Levaillant’s Cuckoo Clamator levaillantii am,,
91,Cuculidae,Cuckoos and Coucals,Great Spotted Cuckoo,Clamator glandarius,,TRUE,,,,,,,,,,,TRUE,,,,,,,,,,,,,406,374,avibase-3D67C56A,Great Spotted Cuckoo Clamator glandarius am (pm),,
92,Cuculidae,Cuckoos and Coucals,Thick-billed Cuckoo,Pachycoccyx audeberti,,,,,,,,,,,,,,,,,,,,,,,,,,407,375,avibase-2AD52363,Thick-billed Cuckoo Pachycoccyx audeberti,,
93,Cuculidae,Cuckoos and Coucals,Klaas's Cuckoo,Chrysococcyx klaas,,,,,,,,,,,,,,,,,,,,,,,,,,419,383,avibase-1FACD210,Klaas’s Cuckoo Chrysococcyx klaas,,
94,Cuculidae,Cuckoos and Coucals,African Emerald Cuckoo,Chrysococcyx cupreus,,,,,,,,,,,,,,,,,,,,,,,,,,417,384,avibase-1B309CB5,African Emerald Cuckoo Chrysococcyx cupreus,,
95,Cuculidae,Cuckoos and Coucals,Diederik Cuckoo,Chrysococcyx caprius,,TRUE,,,,,,,,,,,,,,,,,,,,,,,,420,385,avibase-0482FA7E,Diederik Cuckoo Chrysococcyx caprius am,am,
96,Cuculidae,Cuckoos and Coucals,Barred Long-tailed Cuckoo,Cercococcyx montanus,,,,,,,,,,,,,,,,,,,,,,,,,,416,382,avibase-B8D42059,Barred Long-tailed Cuckoo Cercococcyx montanus,,
97,Cuculidae,Cuckoos and Coucals,Red-chested Cuckoo,Cuculus solitarius,,TRUE,,,,,,,,,,,,,,,,,,,,,,,,409,376,avibase-26A34DA5,Red-chested Cuckoo Cuculus solitarius am,am,
98,Cuculidae,Cuckoos and Coucals,Black Cuckoo,Cuculus clamosus,,TRUE,,,,,,,,,,,,,,,,,,,,,,,,408,377,avibase-EDB84334,Black Cuckoo Cuculus clamosus am,am,
99,Cuculidae,Cuckoos and Coucals,Common Cuckoo,Cuculus canorus,,,,,,,,,,,,TRUE,,,,,,,,,,,,,,410,378,avibase-B3D2C3C5,Common Cuckoo Cuculus canorus PM,,
100,Cuculidae,Cuckoos and Coucals,African Cuckoo,Cuculus gularis,TRUE,,,,,,,,,,,,,,,,,,,,,,,,,411,379,avibase-66931B3F,African Cuckoo Cuculus gularis AM,AM,
101,Cuculidae,Cuckoos and Coucals,Lesser Cuckoo,Cuculus poliocephalus,,,,,,,,,,,TRUE,TRUE,,,,,,,,,,,,,,412,380,avibase-FF41B79F,Lesser Cuckoo Cuculus poliocephalus PM OM,,
102,Cuculidae,Cuckoos and Coucals,Madagascar Cuckoo,Cuculus rochii,,,,,,,TRUE,,,,,,,,,,,,,,,,,,,413,381,avibase-C2E0717C,Madagascar Cuckoo Cuculus rochii MM,,
103,Musophagidae,Turacos and Go-Away-Birds,Great Blue Turaco,Corythaeola cristata,,,,,,,,,,,,,,,,,,,,,,,,,,390,361,avibase-002445CB,Great Blue Turaco Corythaeola cristata,,
104,Musophagidae,Turacos and Go-Away-Birds,White-bellied Go-away-bird,Criniferoides leucogaster,,,,,,,,,,,,,,,,,,,,,,,,,,401,370,avibase-2AA4BC58,White-bellied Go-away-bird Criniferoides leucogaster,,
105,Musophagidae,Turacos and Go-Away-Birds,Eastern Grey Plantain-eater,Crinifer zonurus,,,,,,,,,,,,,,,,,,,,,,,,,,403,371,avibase-10B14696,Eastern Grey Plantain-eater Crinifer zonurus,,
106,Musophagidae,Turacos and Go-Away-Birds,Bare-faced Go-away-bird,Corythaixoides personatus,,,,,,,,,,,,,,,,,,,,,,,,,,400,369,avibase-215428B0,Bare-faced Go-away-bird Corythaixoides personatus,,
106.1,Musophagidae,Turacos and Go-Away-Birds,Bare-faced (Brown-faced) Go-away-bird,Corythaixoides personatus personatus,,,,,,,,,,,,,,TRUE,,,,,,,,,,,,,,avibase-71A552DA,Bare-faced (Brown-faced) Go-away-bird C. p. personatus Rar.,,
106.2,Musophagidae,Turacos and Go-Away-Birds,Bare-faced (Black-faced) Go-away-bird,Corythaixoides (personatus) leopoldi,,,,,,,,,,,,,,,,,,,,,,,,,,,,avibase-BEDA5DA6,Bare-faced (Black-faced) Go-away-bird C. (p.) leopoldi,,
107,Musophagidae,Turacos and Go-Away-Birds,Purple-crested Turaco,Gallirex porphyreolophus,,,,,,,,,,,,,,,,,,,,,,,,,,393,367,avibase-76E45A19,Purple-crested Turaco Gallirex porphyreolophus,,
108,Musophagidae,Turacos and Go-Away-Birds,Schalow's Turaco,Tauraco Schalowi,,,,,,,,,,,,,,,,,,,,,,,,,,395,362,avibase-22952180,Schalow’s Turaco Tauraco schalowi,,
109,Musophagidae,Turacos and Go-Away-Birds,Black-billed Turaco,Tauraco schuettii,,,,,,,,,,,,,,,,,,,,,,,,,,396,363,avibase-C9A1C773,Black-billed Turaco Tauraco schuettii,,
110,Musophagidae,Turacos and Go-Away-Birds,Fischer’s Turaco,Tauraco fischeri ,,,,,,,,,,,,,,,,,,,,,,,,,,397,364,avibase-D5846D2A,Fischer’s Turaco Tauraco fischeri ,Near Threatened,
111,Musophagidae,Turacos and Go-Away-Birds,White-crested Turaco,Tauraco leucolophus,,,,,,,,,,,,,,,,,,,,,,,,,,399,365,avibase-FF2AF138,White-crested Turaco Tauraco leucolophus,,
112,Musophagidae,Turacos and Go-Away-Birds,Hartlaub's Turaco,Tauraco hartlaubi,,,,,,,,,,,,,,,,,,,,,,,,,,398,366,avibase-94214F1C,Hartlaub’s Turaco Tauraco hartlaubi,,
113,Musophagidae,Turacos and Go-Away-Birds,Ross's Turaco,Musophaga rossae,,,,,,,,,,,,,,,,,,,,,,,,,,391,368,avibase-2C7BA3A6,Ross’s Turaco Musophaga rossae,,
114,Caprimulgidae,Nightjars,Eurasian Nightjar,Caprimulgus europaeus,,,,,,,,,,,,TRUE,,,,,,,,,,,,,,457,410,avibase-80D4B0FE,Eurasian Nightjar Caprimulgus europaeus PM,PM,
115,Caprimulgidae,Nightjars,Dusky Nightjar,Caprimulgus fraenatus,,,,,,,,,,,,,,,,,,,,,,,,,,456,411,avibase-E93A0F33,Dusky Nightjar Caprimulgus fraenatus,,
116,Caprimulgidae,Nightjars,Nubian Nightjar,Caprimulgus nubicus ,TRUE,,,,,,,,,,,,,,,,,,,,,,,,,451,412,avibase-626D56E4,Nubian Nightjar Caprimulgus nubicus AM,,
117,Caprimulgidae,Nightjars,Donaldson Smith's Nightjar,Caprimulgus donaldsoni,,,,,,,,,,,,,,,,,,,,,,,,,,450,413,avibase-D1D9B619,Donaldson Smith’s Nightjar Caprimulgus donaldsoni,The American zoologist and collector Dr Arthur Donaldson Smith (1864–1939) had no hyphen in his name,
118,Caprimulgidae,Nightjars,Fiery-necked Nightjar,Caprimulgus pectoralis,,,,,,,,,,,,,,,,,,,,,,,,,,448,414,avibase-7E3578A2,Fiery-necked Nightjar Caprimulgus pectoralis,,
118.1,Caprimulgidae,Nightjars,Fiery-necked Nightjar,Caprimulgus pectoralis,,,,,,,,,,,,,,,,,,,,,,,,,,,,avibase-62ED1974,Fiery-necked Nightjar C. pectoralis,The taxonomy of this and the next species is complex and controversial. The race C. p. nigriscapularis is called the Black-shouldered Nightjar and is considered a separate species by some,
118.2,Caprimulgidae,Nightjars,Black-shouldered Nightjar,Caprimulgus (pectoralis) nigriscapularis,,,,,,,,,,,,,,,,,,,,,,,,,,,,avibase-AB8E1D95,,,
119,Caprimulgidae,Nightjars,Montane Nightjar,Caprimulgus poliocephalus,,,,,,,,,,,,,,,,,,,,,,,,,,449,415,avibase-FB96690D,Montane Nightjar Caprimulgus poliocephalus,,
120,Caprimulgidae,Nightjars,Swamp Nightjar,Caprimulgus natalensis,,,,,,,,,,,,,,,,,,,,,,,,,,455,416,avibase-52E6406E,Swamp Nightjar Caprimulgus natalensis,Called the African White-tailed Nightjar in the 1996 list,
121,Caprimulgidae,Nightjars,Plain Nightjar,Caprimulgus inornatus,TRUE,,,,,,,,,,,,,,,,,,,,,,,,,454,417,avibase-7C3959D6,Plain Nightjar Caprimulgus inornatus AM,,
122,Caprimulgidae,Nightjars,Star-spotted Nightjar,Caprimulgus stellatus,,,,,,,,,,,,,,,,,,,,,,,,,,453,418,avibase-CE884D49,Star-spotted Nightjar Caprimulgus stellatus,,
123,Caprimulgidae,Nightjars,Freckled Nightjar,Caprimulgus tristigma,,,,,,,,,,,,,,,,,,,,,,,,,,452,419,avibase-E3C780D6,Freckled Nightjar Caprimulgus tristigma,,
124,Caprimulgidae,Nightjars,Long-tailed Nightjar,Caprimulgus climacurus,,TRUE,,,,,,,,,,,,,,,,,,,,,,,,461,420,avibase-A20EA34D,Long-tailed Nightjar Caprimulgus climacurus am,,
125,Caprimulgidae,Nightjars,Slender-tailed Nightjar,Caprimulgus clarus,,,,,,,,,,,,,,,,,,,,,,,,,,460,421,avibase-54494BCE,Slender-tailed Nightjar Caprimulgus clarus,,
126,Caprimulgidae,Nightjars,Gabon Nightjar,Caprimulgus fossii,,TRUE,,,,,,,,,,,,,,,,,,,,,,,,459,422,avibase-4FD242D0,Gabon (Mozambique/Square-tailed) Nightjar Caprimulgus fossii am,Called Square-tailed Nightjar or Mozambique Nightjar by some authors,
127,Caprimulgidae,Nightjars,Standard-winged Nightjar,Macrodipteryx longipennis,TRUE,,,,,,,,,,,,,,,,,,,,,,,,,463,423,avibase-D36F4D98,Standard-winged Nightjar Macrodipteryx longipennis AM,,
128,Caprimulgidae,Nightjars,Pennant-winged Nightjar,Macrodipteryx vexillarius,TRUE,,,,,,,,,,,,,,,,,,,,,,,,,462,424,avibase-A526534E,Pennant-winged Nightjar Macrodipteryx vexillarius AM,AM,
129,Apodidae,Swifts,Mottled Spinetail,Telacanthura ussheri,,,,,,,,,,,,,,,,,,,,,,,,,,467,427,avibase-8ACC245F,Mottled Spinetail Telacanthura ussheri,,
130,Apodidae,Swifts,Sabine’s Spinetail,Rhaphidura sabini,,,,TRUE,,,,,,,,,,,,,,,,,,,,,,464,428,avibase-1E12D857,Sabine’s Spinetail Rhaphidura sabini Ex.,,
131,Apodidae,Swifts,Böhm's Spinetail,Neafrapus boehmi,,,,,,,,,,,,,,,,,,,,,,,,,,466,426,avibase-0D52DFC7,Böhm’s Spinetail Neafrapus boehmi,,
132,Apodidae,Swifts,Scarce Swift,Schoutedenapus myoptilus,,,,,,,,,,,,,,,,,,,,,,,,,,468,425,avibase-8439A6E7,Scarce Swift Schoutedenapus myoptilus,,
133,Apodidae,Swifts,African Palm Swift,Cypsiurus parvus,,,,,,,,,,,,,,,,,,,,,,,,,,469,429,avibase-DA106373,African Palm Swift Cypsiurus parvus,,
134,Apodidae,Swifts,Alpine Swift,Tachymarptis melba,,,,,,,,,,,,,,,,,,,,,,,,,,476,430,avibase-FA1CAD29,Alpine Swift Tachymarptis melba,This and the next species were included in Apus in the 1996 list. There is no evidence that Palaearctic birds reach Kenya,
135,Apodidae,Swifts,Mottled Swift,Tachymarptis aequatorialis,,,,,,,,,,,,,,,,,,,,,,,,,,475,431,avibase-91429F78,Mottled Swift Tachymarptis aequatorialis,,
136,Apodidae,Swifts,Common Swift,Apus apus,,,,,,,,,,,,TRUE,,,,,,,,,,,,,,470,432,avibase-4E6EF3F9,Common Swift Apus apus PM,"PM, Called the Eurasian Swift in the 1996 list",
137,Apodidae,Swifts,Nyanza Swift,Apus niansae,,,,,,,,,,,,,,,,,,,,,,,,,,473,433,avibase-2103011F,Nyanza Swift Apus niansae,,
138,Apodidae,Swifts,African Black Swift,Apus barbatus,,,,,,,,,,,,,,,,,,,,,,,,,,471,434,avibase-DEE4829A,African Black Swift Apus barbatus,,
139,Apodidae,Swifts,Forbes-Watson’s Swift,Apus berliozi,TRUE,,,,,,,,,,,,,,,,,,,,,,,,,474,435,avibase-45D3FD5A,Forbes-Watson’s Swift Apus berliozi AM,,
140,Apodidae,Swifts,Little Swift,Apus affinis,,,,,,,,,,,,,,,,,,,,,,,,,,479,436,avibase-D209A90C,Little Swift Apus affinis,,
141,Apodidae,Swifts,Horus Swift,Apus horus,,TRUE,,,,,,,,,,,,,,,,,,,,,,,,478,437,avibase-FF79A533,Horus Swift Apus horus am,,
142,Apodidae,Swifts,White-rumped Swift,Apus caffer,,,,,,,,,,,,,,,,,,,,,,,,,,477,438,avibase-FA9F6019,White-rumped Swift Apus caffer,,
143,Rallidae,"Rails, Crakes and Gallinules",African Water Rail,Rallus caerulescens,,,,,,,,,,,,,,,,,,,,,,,,TRUE,TRUE,217,203,avibase-5B443EDE,African Water Rail Rallus caerulescens,,
144,Rallidae,"Rails, Crakes and Gallinules",African Crake,Crex egregia,,TRUE,,,,,,,,,,,,,,,,,,,,,,TRUE,TRUE,215,204,avibase-09A0F2EB,African Crake Crex egregia am,,
145,Rallidae,"Rails, Crakes and Gallinules",Corncrake,Crex crex,,,,,,,,,,,,TRUE,,,,,,,,,,,,TRUE,TRUE,216,205,avibase-7E257242,Corncrake Crex crex PM,,
146,Rallidae,"Rails, Crakes and Gallinules",Black Crake,Zapornia flavirostra,,,,,,,,,,,,,,,,,,,,,,,,TRUE,TRUE,222,206,avibase-148F0B01,Black Crake Zapornia flavirostra,,
147,Rallidae,"Rails, Crakes and Gallinules",Baillon’s Crake,Zapornia pusilla,,TRUE,,,,,,,,,,,TRUE,,,,,,,,,,,TRUE,TRUE,218,207,avibase-34D5B04D,Baillon’s Crake Zapornia pusilla am (pm),,
148,Rallidae,"Rails, Crakes and Gallinules",Spotted Crake,Porzana porzana,,,,,,,,,,,,TRUE,,,,,,,,,,,,TRUE,TRUE,220,208,avibase-460708F9,Spotted Crake Porzana porzana PM,,
149,Rallidae,"Rails, Crakes and Gallinules",Striped Crake,Amaurornis marginalis,TRUE,,,,,,,,,,,,,,,,,,,,,,,TRUE,TRUE,221,209,avibase-13967506,Striped Crake Amaurornis marginalis AM,,
150,Rallidae,"Rails, Crakes and Gallinules",Purple Swamphen,Porphyrio porphyrio (race madagascariensis),,,,,,,,,,,,,,,,,,,,,,,,TRUE,TRUE,224,210,avibase-865C039E,Purple Swamphen Porphyrio porphyrio,,"Race recorded in Kenya is madagascariensis. Should madagascariensis be accepted as a separate species, English name will become African Swamphen"
151,Rallidae,"Rails, Crakes and Gallinules",Allen's Gallinule,Porphyrio alleni,,TRUE,,,,,,,,,,,,,,,,,,,,,,TRUE,TRUE,223,211,avibase-53288666,Allen’s Gallinule Porphyrio alleni am,,
152,Rallidae,"Rails, Crakes and Gallinules",Common Moorhen,Gallinula chloropus,,,,,,,,,,,,,,,,,,,,,,,,TRUE,TRUE,225,212,avibase-8F82FF8C,Common Moorhen Gallinula chloropus,,
153,Rallidae,"Rails, Crakes and Gallinules",Lesser Moorhen,Gallinula angulata,TRUE,,,,,,,,,,,,,,,,,,,,,,,TRUE,TRUE,226,213,avibase-A927C1AE,Lesser Moorhen Gallinula angulata AM,AM,
154,Rallidae,"Rails, Crakes and Gallinules",Red-knobbed Coot,Fulica cristata,,TRUE,,,,,,,,,,,,,,,,,,,,,,TRUE,TRUE,227,214,avibase-53235FDC,Red-knobbed Coot Fulica cristata am,am,
155,Sarothruridae,Flufftails,White-spotted Flufftail,Sarothrura pulchra,,,,,,,,,,,,,,,,,,,,,,,,,,208,198,avibase-6EF64F69,White-spotted Flufftail Sarothrura pulchra,,
156,Sarothruridae,Flufftails,Buff-spotted Flufftail,Sarothrura elegans,,,,,,,,,,,,,,,,,,,,,,,,TRUE,,209,199,avibase-E75BA92C,Buff-spotted Flufftail Sarothrura elegans,,
157,Sarothruridae,Flufftails,Red-chested Flufftail,Sarothrura rufa,,,,,,,,,,,,,,,,,,,,,,,,TRUE,,210,200,avibase-10B56544,Red-chested Flufftail Sarothrura rufa,,
158,Sarothruridae,Flufftails,Streaky-breasted Flufftail,Sarothrura boehmi,TRUE,,,,,,,,,,,,,,,,,,,,,,,,,212,201,avibase-EBA9F2C4,Streaky-breasted Flufftail Sarothrura boehmi AM,AM,
159,Sarothruridae,Flufftails,Striped Flufftail,Sarothrura affinis,,,,,,,,,,,,,,,,,,,,,,,,TRUE,,213,202,avibase-D4A066EA,Striped Flufftail Sarothrura affinis,,
160,Heliornithidae,Finfoots,African Finfoot,Podica senegalensis,,,,,,,,,,,,,,,,,,,,,,,,TRUE,TRUE,232,215,avibase-46DECAEE,African Finfoot Podica senegalensis,,
161,Gruidae,Cranes,Grey Crowned Crane,Balearica regulorum,,,,,,,,,,,,,,,,,,,,,,,,TRUE,TRUE,230,216,avibase-D10CAC5D,Grey Crowned Crane Balearica regulorum ,,
162,Gruidae,Cranes,Black Crowned Crane,Balearica pavonina,,,,,,,,,,,,,,,,,,,,,,,,TRUE,TRUE,231,217,avibase-31413BFF,Black Crowned Crane Balearica pavonina ,,
163,Gruidae,Cranes,Demoiselle Crane,Anthropoides virgo,,,,,TRUE,,,,,,,,,TRUE,,,,,,,TRUE,,,TRUE,TRUE,228,218,avibase-64DDD14D,Demoiselle Crane Grus virgo VP Hist. Rar.,,
164,Gruidae,Cranes,Common Crane,Grus grus,,,,,,,,,,,,,,TRUE,,,,,,,TRUE,,,TRUE,TRUE,229,219,avibase-99B8841E,Common Crane Grus grus VP Rar.,"PM, First Kenya record, one northeast of Eldoret on 2 October 1999 (EARC 2004); two seen and photographed by many people, January–February 2008, Lake Naivasha, but never published",
165,Burhinidae,Thick-knees,Stone-curlew,Burhinus oedicnemus,,,,,,,,,,,,TRUE,,,,,,,,,,,,TRUE,TRUE,248,223,avibase-C7DB323E,Eurasian Thick-knee (Stone-curlew) Burhinus oedicnemus PM,"PM, Called the Eurasian Thick-knee in the 1996 list",
166,Burhinidae,Thick-knees,Senegal Thick-knee,Burhinus senegalensis,,,,,,,,,,,,,,,,,,,,,,,,TRUE,TRUE,249,224,avibase-85DF723B,Senegal Thick-knee Burhinus senegalensis,,
167,Burhinidae,Thick-knees,Water Thick-knee,Burhinus vermiculatus,,,,,,,,,,,,,,,,,,,,,,,,TRUE,TRUE,250,225,avibase-96CCAFEE,Water Thick-knee Burhinus vermiculatus,,
168,Burhinidae,Thick-knees,Spotted Thick-knee,Burhinus capensis,,,,,,,,,,,,,,,,,,,,,,,,TRUE,TRUE,251,226,avibase-862F6F04,Spotted Thick-knee Burhinus capensis,,
169,Pluvianidae,Egyptian Plover,Egyptian Plover,Pluvianus aegyptius,,,,,,,,,,,,,,TRUE,,,,,,,,,,,,252,289,avibase-1B28A4B6,Egyptian Plover Pluvianus aegyptius Rar.,,Formerly listed under Glareolidaw
170,Haematopodidae,Oystercatchers,Eurasian Oystercatcher,Haematopus ostralegus,,,,,,,,,,,,TRUE,,,,,,,,,,,,TRUE,TRUE,245,227,avibase-ED663165,Eurasian Oystercatcher Haematopus ostralegus PM,,
171,Recurvirostridae,Stilts and Avocets,Black-winged Stilt,Himantopus himantopus,,TRUE,,,,,,,,,,,TRUE,,,,,,,,,,,TRUE,TRUE,247,229,avibase-3CAEB7CE,Black-winged Stilt Himantopus himantopus am (pm),,
172,Recurvirostridae,Stilts and Avocets,Pied Avocet,Recurvirostra avosetta,,TRUE,,,,,,,,,,,TRUE,,,,,,,,,,,TRUE,TRUE,246,230,avibase-C73ED2F5,Pied Avocet Recurvirostra avosetta am pm,am,
173,Charadriidae,Plovers and Lapwings,Pacific Golden Plover,Pluvialis fulva,,,,,,,,,,,,TRUE,,,,,,,,,,,,TRUE,TRUE,274,241,avibase-07C11CF3,Pacific Golden Plover Pluvialis fulva PM,,
174,Charadriidae,Plovers and Lapwings,Grey Plover,Pluvialis squatarola,,,,,,,,,,,,TRUE,,,,,,,,,,,,TRUE,TRUE,275,242,avibase-27903EF7,Grey Plover Pluvialis squatarola PM,,
175,Charadriidae,Plovers and Lapwings,Common Ringed Plover,Charadrius hiaticula,,,,,,,,,,,,TRUE,,,,,,,,,,,,TRUE,TRUE,263,243,avibase-EDA37B7C,Common Ringed Plover Charadrius hiaticula PM,,
176,Charadriidae,Plovers and Lapwings,Little Ringed Plover,Charadrius dubius,,,,,,,,,,,,TRUE,,,,,,,,,,,,TRUE,TRUE,264,244,avibase-35EC3BBF,Little Ringed Plover Charadrius dubius PM,PM,
177,Charadriidae,Plovers and Lapwings,Kittlitz’s Plover,Charadrius pecuarius,,TRUE,,,,,,,,,,,,,,,,,,,,,,TRUE,TRUE,265,245,avibase-0F0DCC2F,Kittlitz’s Plover Charadrius pecuarius am,,
178,Charadriidae,Plovers and Lapwings,Three-banded Plover,Charadrius tricollaris,,,,,,,,,,,,,,,,,,,,,,,,TRUE,TRUE,266,246,avibase-8DAF86A1,Three-banded Plover Charadrius tricollaris,,
179,Charadriidae,Plovers and Lapwings,White-fronted Plover,Charadrius marginatus,,,,,,,,,,,,,,,,,,,,,,,,TRUE,TRUE,270,247,avibase-214B3533,White-fronted Plover Charadrius marginatus,,
180,Charadriidae,Plovers and Lapwings,Kentish Plover,Charadrius alexandrinus,,,,,,,,,,,,TRUE,,,,,,,,,,,,TRUE,TRUE,269,248,avibase-AA4385A2,Kentish Plover Charadrius alexandrinus PM,,
181,Charadriidae,Plovers and Lapwings,Chestnut-banded Plover,Charadrius pallidus (race venustus),,,,,,,,,,,,,,,,,,,,,,,,TRUE,TRUE,268,249,avibase-61F0E581,Chestnut-banded Plover Charadrius pallidus ,,"Race in Kenya is venustus. Should venustus be accepted as a separate species, English name will become Magadi Plover"
182,Charadriidae,Plovers and Lapwings,Lesser Sand Plover,Charadrius mongolus,,,,,,,,,,,,TRUE,,,,,,,,,,,,TRUE,TRUE,271,250,avibase-66DA1FB3,Lesser Sand Plover Charadrius mongolus PM,,
183,Charadriidae,Plovers and Lapwings,Greater Sand Plover,Charadrius leschenaultii,,,,,,,,,,,,TRUE,,,,,,,,,,,,TRUE,TRUE,272,251,avibase-98B9C10B,Greater Sand Plover Charadrius leschenaultii PM,"PM, Called Greater Sandplover in the 1996 list",
184,Charadriidae,Plovers and Lapwings,Caspian Plover,Charadrius asiaticus,,,,,,,,,,,,TRUE,,,,,,,,,,,,TRUE,TRUE,273,252,avibase-264D0351,Caspian Plover Charadrius asiaticus PM,,
185,Charadriidae,Plovers and Lapwings,Northern Lapwing,Vanellus vanellus,,,,,,,,,,TRUE,,,,TRUE,,,,,,,TRUE,,,TRUE,TRUE,276,231,avibase-F029489A,Northern Lapwing Vanellus vanellus VP NRR Rar.,,
186,Charadriidae,Plovers and Lapwings,Long-toed Plover,Vanellus crassirostris,,,,,,,,,,,,,,,,,,,,,,,,TRUE,TRUE,277,232,avibase-F7D5320E,Long-toed Plover (Lapwing) Vanellus crassirostris,,
187,Charadriidae,Plovers and Lapwings,Blacksmith Plover,Vanellus armatus,,,,,,,,,,,,,,,,,,,,,,,,TRUE,TRUE,278,233,avibase-2F23EDC6,Blacksmith Plover (Lapwing) Vanellus armatus,,
188,Charadriidae,Plovers and Lapwings,Spur-winged Plover,Vanellus spinosus,,,,,,,,,,,,,,,,,,,,,,,,TRUE,TRUE,279,234,avibase-F5E92B22,Spur-winged Plover (Lapwing) Vanellus spinosus,,
189,Charadriidae,Plovers and Lapwings,Black-headed Plover,Vanellus tectus,,,,,,,,,,,,,,,,,,,,,,,,TRUE,TRUE,280,235,avibase-D531B5D3,Black-headed Plover (Lapwing) Vanellus tectus,,
190,Charadriidae,Plovers and Lapwings,Senegal Plover,Vanellus lugubris,,,,,,,,,,,,,,,,,,,,,,,,TRUE,TRUE,282,236,avibase-42D3918F,Senegal Plover (Lapwing) Vanellus lugubris,,
191,Charadriidae,Plovers and Lapwings,Black-winged Plover,Vanellus melanopterus,,,,,,,,,,,,,,,,,,,,,,,,TRUE,TRUE,283,237,avibase-83D95620,Black-winged Plover (Lapwing) Vanellus melanopterus,,
192,Charadriidae,Plovers and Lapwings,Crowned Plover,Vanellus coronatus,,,,,,,,,,,,,,,,,,,,,,,,TRUE,TRUE,284,238,avibase-D0FA8EBE,Crowned Plover (Lapwing) Vanellus coronatus,,
193,Charadriidae,Plovers and Lapwings,African Wattled Plover,Vanellus senegallus,,,,,,,,,,,,,,,,,,,,,,,,TRUE,TRUE,285,239,avibase-074251A3,African Wattled Plover (Lapwing) Vanellus senegallus,,
194,Charadriidae,Plovers and Lapwings,Brown-chested Plover,Vanellus superciliosus,,,,,,,,,,,,,,,,,,,,,,,,TRUE,TRUE,286,240,avibase-881C954D,Brown-chested Plover (Lapwing) Vanellus superciliosus ,,
195,Rostratulidae,Painted-snipes,Greater Painted-snipe,Rostratula benghalensis,,,,,,,,,,,,,,,,,,,,,,,,TRUE,TRUE,243,253,avibase-7516E687,Greater Painted-snipe Rostratula benghalensis,,
196,Jacanidae,Jacanas,Lesser Jacana,Microparra capensis,,,,,,,,,,,,,,,,,,,,,,,,TRUE,TRUE,242,254,avibase-29B03FAE,Lesser Jacana Microparra capensis,,
197,Jacanidae,Jacanas,African Jacana,Actophilornis africanus,,,,,,,,,,,,,,,,,,,,,,,,TRUE,TRUE,241,255,avibase-D16D486D,African Jacana Actophilornis africanus,,
198,Scolopacidae,Sandpipers and Allies,Whimbrel,Numenius phaeopus,,,,,,,,,,,,TRUE,,,,,,,,,,,,TRUE,TRUE,306,263,avibase-F9305BAA,Whimbrel Numenius phaeopus PM,,
199,Scolopacidae,Sandpipers and Allies,Eurasian Curlew,Numenius arquata,,,,,,,,,,,,TRUE,,,,,,,,,,,,TRUE,TRUE,307,264,avibase-3BB5CBA6,Eurasian Curlew Numenius arquata PM,,
200,Scolopacidae,Sandpipers and Allies,Black-tailed Godwit,Limosa limosa,,,,,,,,,,,,TRUE,,,,,,,,,,,,TRUE,TRUE,304,261,avibase-454B5CD5,Black-tailed Godwit Limosa limosa PM,,
201,Scolopacidae,Sandpipers and Allies,Bar-tailed Godwit,Limosa lapponica,,,,,,,,,,,,TRUE,,,,,,,,,,,,TRUE,TRUE,305,262,avibase-9A684C99,Bar-tailed Godwit Limosa lapponica PM,,
202,Scolopacidae,Sandpipers and Allies,Ruddy Turnstone,Arenaria interpres,,,,,,,,,,,,TRUE,,,,,,,,,,,,TRUE,TRUE,316,274,avibase-DC3050A9,Ruddy Turnstone Arenaria interpres PM,,
203,Scolopacidae,Sandpipers and Allies,Red Knot,Calidris canutus,,,,,,,,,,,,,,TRUE,,,,,,,TRUE,,,TRUE,TRUE,295,275,avibase-B5CE8FAD,Red Knot Calidris canutus VP Rar.,,
204,Scolopacidae,Sandpipers and Allies,Sanderling,Calidris alba,,,,,,,,,,,,TRUE,,,,,,,,,,,,TRUE,TRUE,294,276,avibase-06B9BD24,Sanderling Calidris alba PM,,
205,Scolopacidae,Sandpipers and Allies,Red-necked Stint,Calidris ruficollis,,,,,,,,,,TRUE,,,,TRUE,,,,,,,TRUE,,,TRUE,TRUE,288,277,avibase-BBDF2F1B,Red-necked Stint Calidris ruficollis VP NRR Rar.,,
206,Scolopacidae,Sandpipers and Allies,Little Stint,Calidris minuta,,,,,,,,,,,,TRUE,,,,,,,,,,,,TRUE,TRUE,287,278,avibase-9936FF4A,Little Stint Calidris minuta PM,,
207,Scolopacidae,Sandpipers and Allies,Temminck’s Stint,Calidris temminckii,,,,,,,,,,,,TRUE,,,,,,,,,,,,TRUE,TRUE,289,279,avibase-5ACF7FB3,Temminck’s Stint Calidris temminckii PM,,
208,Scolopacidae,Sandpipers and Allies,Long-toed Stint,Calidris subminuta,,,,,,,,,,TRUE,,,,,,,,,,,TRUE,,,TRUE,TRUE,290,280,avibase-7D629288,Long-toed Stint Calidris subminuta VP NRR,,
209,Scolopacidae,Sandpipers and Allies,Pectoral Sandpiper,Calidris melanotos,,,,,,,,,,,,,,TRUE,,,,,TRUE,,TRUE,,,TRUE,TRUE,291,281,avibase-ACC99F35,Pectoral Sandpiper Calidris melanotos VP VN Rar.,,
210,Scolopacidae,Sandpipers and Allies,Curlew Sandpiper,Calidris ferruginea,,,,,,,,,,,,TRUE,,,,,,,,,,,,TRUE,TRUE,293,282,avibase-143A681C,Curlew Sandpiper Calidris ferruginea PM,,
211,Scolopacidae,Sandpipers and Allies,Dunlin,Calidris alpina,,,,,,,,,,,,TRUE,,,,,,,,,,,,TRUE,TRUE,292,283,avibase-15369E8E,Dunlin Calidris alpina PM,,
212,Scolopacidae,Sandpipers and Allies,Broad-billed Sandpiper,Calidris falcinellus,,,,,,,,,,,,TRUE,,,,,,,,,,,,TRUE,TRUE,296,284,avibase-0A14882F,Broad-billed Sandpiper Calidris falcinellus PM,,
213,Scolopacidae,Sandpipers and Allies,Ruff,Calidris pugnax,,,,,,,,,,,,TRUE,,,,,,,,,,,,TRUE,TRUE,298,286,avibase-2DABF98F,Ruff Calidris pugnax PM,,
214,Scolopacidae,Sandpipers and Allies,Buff-breasted Sandpiper,Calidris subruficollis,,,,,,,,,,TRUE,,,,TRUE,,,,,TRUE,,,,,TRUE,TRUE,297,285,avibase-3A3C62BC,Buff-breasted Sandpiper Calidris subruficollis VN NRR Rar.,,
215,Scolopacidae,Sandpipers and Allies,Jack Snipe,Lymnocryptes minimus,,,,,,,,,,TRUE,,TRUE,,,,,,,,,,,,TRUE,TRUE,299,256,avibase-1A15F0C6,Jack Snipe Lymnocryptes minimus PM NRR ,,
216,Scolopacidae,Sandpipers and Allies,Pintail Snipe,Gallinago stenura,,,,,,,,,,TRUE,,,,TRUE,,,,,,,TRUE,,,TRUE,TRUE,303,257,avibase-EE61E2CA,Pin-tailed Snipe Gallinago stenura VP NRR Rar.,"PM, Three records, January 1969 Lake Naivasha, October–December 1981 near Mombasa and January 1982 Lake Naivasha",
217,Scolopacidae,Sandpipers and Allies,African Snipe,Gallinago nigripennis,,TRUE,,,,,,,,,,,,,,,,,,,,,,TRUE,TRUE,301,258,avibase-831FC147,African Snipe Gallinago nigripennis am,,
218,Scolopacidae,Sandpipers and Allies,Great Snipe,Gallinago media,,,,,,,,,,,,TRUE,,,,,,,,,,,,TRUE,TRUE,302,259,avibase-BCCD5840,Great Snipe Gallinago media PM,,
219,Scolopacidae,Sandpipers and Allies,Common Snipe,Gallinago gallinago,,,,,,,,,,,,TRUE,,,,,,,,,,,,TRUE,TRUE,300,260,avibase-9151E0BA,Common Snipe Gallinago gallinago PM,,
220,Scolopacidae,Sandpipers and Allies,Terek Sandpiper,Xenus cinereus,,,,,,,,,,,,TRUE,,,,,,,,,,,,TRUE,TRUE,315,271,avibase-6D5992EE,Terek Sandpiper Xenus cinereus PM,,
221,Scolopacidae,Sandpipers and Allies,Common Sandpiper,Actitis hypoleucos,,,,,,,,,,,,TRUE,,,,,,,,,,,,TRUE,TRUE,314,272,avibase-8548B07E,Common Sandpiper Actitis hypoleucos PM,,
222,Scolopacidae,Sandpipers and Allies,Spotted Sandpiper,Actitis macularius,,,,,,,,,,TRUE,,,,TRUE,,,,,TRUE,,,,,TRUE,TRUE,315.5,273,avibase-0D88C072,Spotted Sandpiper Actitis macularius VN NRR Rar.,,
223,Scolopacidae,Sandpipers and Allies,Spotted Redshank,Tringa erythropus,,,,,,,,,,,,TRUE,,,,,,,,,,,,TRUE,TRUE,308,265,avibase-0895DD84,Spotted Redshank Tringa erythropus PM,,
224,Scolopacidae,Sandpipers and Allies,Common Redshank,Tringa totanus,,,,,,,,,,,,TRUE,,,,,,,,,,,,TRUE,TRUE,309,266,avibase-D6BFC73A,Common Redshank Tringa totanus PM,,
225,Scolopacidae,Sandpipers and Allies,Marsh Sandpiper,Tringa stagnatilis,,,,,,,,,,,,TRUE,,,,,,,,,,,,TRUE,TRUE,310,267,avibase-15CF9352,Marsh Sandpiper Tringa stagnatilis PM,,
226,Scolopacidae,Sandpipers and Allies,Common Greenshank,Tringa nebularia,,,,,,,,,,,,TRUE,,,,,,,,,,,,TRUE,TRUE,311,268,avibase-18B415D2,Common Greenshank Tringa nebularia PM,,
227,Scolopacidae,Sandpipers and Allies,Green Sandpiper,Tringa ochropus,,,,,,,,,,,,TRUE,,,,,,,,,,,,TRUE,TRUE,312,269,avibase-A7B17EFC,Green Sandpiper Tringa ochropus PM,,
228,Scolopacidae,Sandpipers and Allies,Wood Sandpiper,Tringa glareola,,,,,,,,,,,,TRUE,,,,,,,,,,,,TRUE,TRUE,313,270,avibase-8E67DC5F,Wood Sandpiper Tringa glareola PM,,
229,Scolopacidae,Sandpipers and Allies,Red-necked Phalarope,Phalaropus lobatus,,,,,,,,,,,,TRUE,,,,,,,,,,,,TRUE,TRUE,317,287,avibase-E6F3BA54,Red-necked Phalarope Phalaropus lobatus PM,PM,
230,Scolopacidae,Sandpipers and Allies,Grey Phalarope,Phalaropus fulicarius,,,,,,,,,,TRUE,,,,TRUE,,,,,,,TRUE,,,TRUE,TRUE,318,288,avibase-18A19380,Grey Phalarope Phalaropus fulicarius VP NRR Rar.,,
231,Turnicidae,Buttonquails and Quail-plover,Common Buttonquail,Turnix sylvaticus,,,,,,,,,,,,,,,,,,,,,,,,,,206,216,avibase-0DA8BB90,Common Buttonquail Turnix sylvaticus,Called Common Button-quail in the 1996 list,
232,Turnicidae,Buttonquails and Quail-plover,Black-rumped Buttonquail,Turnix hottentottus,,,,,TRUE,,,,,,,,,,,,,,,,,,,,,207,217,avibase-0874B4D5,Black-rumped Buttonquail Turnix hottentottus Hist.,"Only three confirmed records since 1955: February 1958, August–November 1988 and October 1993, all in the Kitale area. In the 1996 list was called Turnix hottentotta, gender changed now following David & Gosselin (2002b), and the English name was Black-rumped Button-quail Gosselin (2002b), and the English name was Black-rumped Button-quail",
233,Turnicidae,Buttonquails and Quail-plover,Quail-plover,Ortyxelos meiffrenii,,,,,,,,,,,,,,,,,,,,,,,,,,205,218,avibase-B605A049,Quail-plover Ortyxelos meiffrenii,,
234,Dromadidae,Crab-plover,Crab-plover,Dromas ardeola,TRUE,,,,,,,,,,,,,,,,,,,,,,,TRUE,TRUE,,,avibase-C3E33FEB,Crab-plover Dromas ardeola AM,AM,
235,Glareolidae,Coursers and Pratincoles,Cream-coloured Courser,Cursorius cursor,,,,,,,,,,TRUE,,,,TRUE,,,,,,,TRUE,,,,TRUE,256,290,avibase-DE0A72A7,Cream-coloured Courser Cursorius cursor VP NRR Rar.,,
236,Glareolidae,Coursers and Pratincoles,Somali Courser,Cursorius somalensis,,,,,,,,,,,,,,,,,,,,,,,,,TRUE,257,291,avibase-6091E70B,Somali Courser Cursorius somalensis,,
237,Glareolidae,Coursers and Pratincoles,Temminck's Courser,Cursorius temminckii,,,,,,,,,,,,,,,,,,,,,,,,,TRUE,258,292,avibase-7A841F83,Temminck’s Courser Cursorius temminckii,,
238,Glareolidae,Coursers and Pratincoles,Double-banded Courser,Rhinoptilus africanus,,,,,,,,,,,,,,,,,,,,,,,,,TRUE,253,293,avibase-C130193B,Double-banded Courser Rhinoptilus africanus,Called Two-banded Courser in the 1996 list,
239,Glareolidae,Coursers and Pratincoles,Heuglin's Courser,Rhinoptilus cinctus,,,,,,,,,,,,,,,,,,,,,,,,,TRUE,254,294,avibase-29D50ED5,Heuglin’s Courser Rhinoptilus cinctus,,
240,Glareolidae,Coursers and Pratincoles,Bronze-winged Courser,Rhinoptilus chalcopterus,TRUE,,,,,,,,,,,,,,,,,,,,,,,,TRUE,255,295,avibase-F5145338,Bronze-winged Courser Rhinoptilus chalcopterus AM,,
241,Glareolidae,Coursers and Pratincoles,Collared Pratincole,Glareola pratincola,,TRUE,,,,,,,,,,,,,,,,,,,,,,TRUE,TRUE,259,296,avibase-D56ABB4E,Collared Pratincole Glareola pratincola am,,
242,Glareolidae,Coursers and Pratincoles,Black-winged Pratincole,Glareola nordmanni,,,,,,,,,,,,TRUE,,,,,,,,,,,,TRUE,TRUE,260,297,avibase-E1F6A875,Black-winged Pratincole Glareola nordmanni PM,PM; Near Threatened,
243,Glareolidae,Coursers and Pratincoles,Madagascar Pratincole,Glareola ocularis,,,,,,,TRUE,,,,,,,,,,,,,,,,,TRUE,TRUE,261,298,avibase-AC0F25BB,Madagascar Pratincole Glareola ocularis MM,,
244,Glareolidae,Coursers and Pratincoles,Rock Pratincole,Glareola nuchalis,,,,,,,,,,,,,,,,,,,,,,,,TRUE,TRUE,262,299,avibase-95820ED1,Rock Pratincole Glareola nuchalis,,
245,Stercorariidae,Skuas,Pomarine Skua,Stercorarius pomarinus,,,,,,,,,,TRUE,,,,,,,,,,,TRUE,,,,,319,326,avibase-7CB8F5B7,Pomarine Skua Stercorarius pomarinus VP NRR,PM,Formerly listed under Laridae
246,Stercorariidae,Skuas,Arctic Skua,Stercorarius parasiticus,,,,,,,,,,,,,,,,,,,,,TRUE,,,,,320,327,avibase-39086887,Arctic Skua Stercorarius parasiticus VP,VP,
247,Stercorariidae,Skuas,Long-tailed Skua,Stercorarius longicaudus,,,,,TRUE,,,,,,,,,TRUE,,,,,,,TRUE,,,,,321,328,avibase-1D446440,Long-tailed Skua Stercorarius longicaudus VP Hist. Rar.,,
248,Laridae,"Gulls, Terns and Skimmers",Brown Noddy,Anous stolidus,,,,,,,,,,,,,,,,,,,,,,,,TRUE,TRUE,346,323,avibase-A070171E,Brown Noddy Anous stolidus,,
249,Laridae,"Gulls, Terns and Skimmers",Lesser Noddy,Anous tenuirostris,,,,,,TRUE,,,,,,,,,,,,,,,,,,TRUE,TRUE,347,324,avibase-03F9EB15,Lesser Noddy Anous tenuirostris IO,,
250,Laridae,"Gulls, Terns and Skimmers",African Skimmer ,Rynchops flavirostris ,,,,,,,,,,,,,,,,,,,,,,,,TRUE,TRUE,348,325,avibase-907B1140,African Skimmer Rynchops flavirostris ,,
251,Laridae,"Gulls, Terns and Skimmers",Grey-headed Gull,Chroicocephalus cirrocephalus,,,,,,,,,,,,,,,,,,,,,,,,TRUE,TRUE,326,305,avibase-6EB497FA,Grey-headed Gull Chroicocephalus cirrocephalus,This and the next two species included in Larus in the 1996 list,
252,Laridae,"Gulls, Terns and Skimmers",Black-headed Gull,Chroicocephalus ridibundus,,,,,,,,,,,,TRUE,,,,,,,,,,,,TRUE,TRUE,327,306,avibase-FB02DD96,Black-headed Gull Chroicocephalus ridibundus PM,,
253,Laridae,"Gulls, Terns and Skimmers",Slender-billed Gull,Chroicocephalus genei,,,,,,,,,,,,TRUE,,,,,,,,,,,,TRUE,TRUE,328,307,avibase-27CE7132,Slender-billed Gull Chroicocephalus genei PM,,
254,Laridae,"Gulls, Terns and Skimmers",Sooty Gull,Ichthyaetus hemprichii,,TRUE,,,,,,,,,,,,,,,,,,,,,,TRUE,TRUE,322,300,avibase-67D43542,Sooty Gull Ichthyaetus hemprichii am,,
255,Laridae,"Gulls, Terns and Skimmers",White-eyed Gull, Ichthyaetus leucophthalmus,,,,,,,,,,TRUE,,,,TRUE,,,,,,,,,,TRUE,TRUE,,,avibase-A7F240E3,White-eyed Gull Ichthyaetus leucophthalmus am NRR Rar.,,
256,Laridae,"Gulls, Terns and Skimmers",Pallas’s Gull ,Ichthyaetus ichthyaetus,,,,,,,,,,TRUE,,TRUE,,,,,,,,,,,,TRUE,TRUE,329,304,avibase-EF930CDC,Pallas’s Gull Ichthyaetus ichthyaetus PM NRR,,
257,Laridae,"Gulls, Terns and Skimmers",Common Gull,Larus canus,,,,,,,,,,,,,,TRUE,,,,,,,TRUE,,,TRUE,TRUE,322.5,301,avibase-00DA9D91,Common Gull Larus canus VP Rar.,,
258,Laridae,"Gulls, Terns and Skimmers",Kelp Gull,Larus dominicanus,,,,,,,,,,TRUE,,,,TRUE,,,,,,,,TRUE,,TRUE,TRUE,325,302,avibase-E6536E4E,Kelp Gull Larus dominicanus VSO NRR Rar.,"VS, The sole record is of an adult photographed, 2 January 1984, Malindi",
259,Laridae,"Gulls, Terns and Skimmers",Lesser Black-backed Gull,Larus fuscus,,,,,,,,,,,,,,,,,,,,,,,,TRUE,TRUE,324,303,avibase-2D52E3A5,Lesser Black-backed Gull complex,,The taxonomy of this group is tentative.
259.1,Laridae,"Gulls, Terns and Skimmers",Baltic Gull,Larus fuscus fuscus,,,,,,,,,,,,TRUE,,,,,,,,,,,,TRUE,TRUE,,,avibase-42720061,Baltic (Lesser Black-backed) Gull Larus fuscus fuscus PM,," (Olsen, 2018)"
259.2,Laridae,"Gulls, Terns and Skimmers",Heuglin’s Gull,Larus (fuscus) heuglini ,,,,,,,,,,,,TRUE,,,,,,,,,,,,TRUE,TRUE,,,avibase-4592C07E,"Heuglin’s Gull Larus (f.) heuglini PM (Olsen, 2018)",," (Olsen, 2018)"
260,Laridae,"Gulls, Terns and Skimmers",Bridled Tern,Onychoprion anaethetus,,,,,,,,,,,,,,,,,,,,,,,,TRUE,TRUE,338,318,avibase-E6518B9D,Bridled Tern Onychoprion anaethetus,Included in Sterna in the 1996 list,
261,Laridae,"Gulls, Terns and Skimmers",Sooty Tern,Onychoprion fuscatus,,,,,,,,,,,,,,,,,,,,,,,,TRUE,TRUE,339,319,avibase-3E7F825D,Sooty Tern Onychoprion fuscatus,,
262,Laridae,"Gulls, Terns and Skimmers",Little Tern,Sternula albifrons,,,,,,,,,,,,,,,,,,,,,,,,,,,,avibase-943CDEAC,Little Tern Sternula albifrons,,
262.1,Laridae,"Gulls, Terns and Skimmers",Little Tern,Sternula (albifrons) albifrons,,,,,,,,,,,,TRUE,,,,,,,,,,,,TRUE,TRUE,340,316,avibase-17310BF0,Little Tern S. albifrons PM,,
262.2,Laridae,"Gulls, Terns and Skimmers",Saunders’s Tern,Sternula (albifrons) saundersi,,,,,,,,,,,,,,,TRUE,,,,,,,,,TRUE,TRUE,341,317,avibase-4B21F4D8,Saunders’s Tern S. (a.) saundersi RS,,
263,Laridae,"Gulls, Terns and Skimmers",Gull-billed Tern,Gelochelidon nilotica,,,,,,,,,,,,TRUE,,,,,,,,,,,,TRUE,TRUE,330,308,avibase-87168739,Gull-billed Tern Gelochelidon nilotica PM,,
264,Laridae,"Gulls, Terns and Skimmers",Caspian Tern,Hydroprogne caspia,,,,,,,,,,,,TRUE,,,,,,,,,,,,TRUE,TRUE,331,309,avibase-BC06BC0D,Caspian Tern Hydroprogne caspia PM,,
265,Laridae,"Gulls, Terns and Skimmers",Whiskered Tern,Chlidonias hybrida,,,,,,,,,,,,,TRUE,,,,,,,,,,,TRUE,TRUE,343,320,avibase-7AB4E42B,Whiskered Tern Chlidonias hybrida (pm),,
266,Laridae,"Gulls, Terns and Skimmers",White-winged Black Tern,Chlidonias leucopterus,,,,,,,,,,,,TRUE,,,,,,,,,,,,TRUE,TRUE,344,321,avibase-43CAAEE3,White-winged Black Tern Chlidonias leucopterus PM,,
267,Laridae,"Gulls, Terns and Skimmers",Black Tern,Chlidonias niger,,,,,,,,,,,,,,TRUE,,,,,,,TRUE,,,TRUE,TRUE,345,322,avibase-115AF02D,Black Tern Chlidonias niger VP Rar.,,
268,Laridae,"Gulls, Terns and Skimmers",Lesser Crested Tern,Thalasseus bengalensis,TRUE,,,,,,,,,,,,,,,,,,,,,,,TRUE,TRUE,333,310,avibase-D01CDECD,Lesser Crested Tern Thalasseus bengalensis AM,,
269,Laridae,"Gulls, Terns and Skimmers",Sandwich Tern,Thalasseus sandvicensis,,,,,,,,,,,,TRUE,,,,,,,,,,,,TRUE,TRUE,334,311,avibase-F7504353,Sandwich Tern Thalasseus sandvicensis PM,,
270,Laridae,"Gulls, Terns and Skimmers",Greater Crested (Swift) Tern, Thalasseus bergii,,TRUE,,,,,,,,,,,,,,,,,,,,,,TRUE,TRUE,332,312,avibase-526978C4,Greater Crested (Swift) Tern Thalasseus bergii am ,,Formerly Swift Tern  Sterna bergii 
271,Laridae,"Gulls, Terns and Skimmers",Roseate Tern,Sterna dougallii,,,,,,,,,,,,,,,,,,,,,,,,TRUE,TRUE,335,313,avibase-74236837,Roseate Tern Sterna dougallii,,
272,Laridae,"Gulls, Terns and Skimmers",Common Tern,Sterna hirundo,,,,,,,,,,,,TRUE,,,,,,,,,,,,TRUE,TRUE,336,314,avibase-4D2FF6F1,Common Tern Sterna hirundo PM,,
273,Laridae,"Gulls, Terns and Skimmers",White-cheeked Tern,Sterna repressa,,,,,,,,,,,,,,,,,,,,,,,,TRUE,TRUE,337,315,avibase-CF5C013D,White-cheeked Tern Sterna repressa,,
274,Laridae,"Gulls, Terns and Skimmers",Arctic Tern ,Sterna paradisaea,,,,,,,,,,,,,,,,,,,,,TRUE,,,TRUE,TRUE,,,avibase-BDC5CF80,Arctic Tern Sterna paradisaea VP Rar,,
275,Phaethontidae,Tropicbirds,White-tailed Tropicbird,Phaethon lepturus,,,,,,TRUE,,,,,,,,,,,,,,,,,,TRUE,,19,98,avibase-1D07B501,White-tailed Tropicbird Phaethon lepturus IO,,
276,Oceanitidae,Southern Storm-petrels,Wilson’s Storm-petrel ,Oceanites oceanicus,,,,,,,,,,,,,,,,TRUE,,,,,,,,,,15,56,avibase-D295D249,Wilson’s Storm-petrel Oceanites oceanicus SO,,
277,Oceanitidae,Southern Storm-petrels,Black-bellied Storm-Petrel,Fregetta tropica,,,,,,,,,,TRUE,,,,TRUE,,,,,,,,TRUE,,,,18,57,avibase-ACE8EADE,Black-bellied Storm-petrel Fregetta tropica VSO NRR Rar.,,
278,Diomedeidae,Albatrosses,Black-browed Albatross,Thalassarche melanophris,,,,,,,,,,,,,,TRUE,,TRUE,,,,,,,,,,6,46,avibase-F9FCB9FF,Black-browed Albatross Thalassarche melanophris SO Rar.,,
279,Diomedeidae,Albatrosses,Shy Albatross,Thalassarche cauta,,,,,,,,,,,,,,,,TRUE,,,,,,,,,,7,47,avibase-87797B47,Shy Albatross Thalassarche cauta SO,,
280,Hydrobatidae,Northern Storm-petrels,Leach’s Storm-petrel,Hydrobates leucorhous,,,,,,,,,,TRUE,,,,TRUE,,,,,,,TRUE,,,,,16,58,avibase-C5FB15C6,Leach’s Storm-petrel Hydrobates leucorhous VP NRR Rar.,,
281,Procellariidae,Petrels and Shearwaters,Cape Petrel,Daption capense,,,,,,,,,,TRUE,,,,TRUE,,,,,,,,TRUE,,,,8,48,avibase-AAC2D613,Cape Petrel Daption capense VSO NRR Rar.,,
282,Procellariidae,Petrels and Shearwaters,Antarctic Prion,Pachyptila desolata,,,,,,,,,,TRUE,,,,TRUE,,TRUE,,,,,,,,,,12,49,avibase-105C306C,Antarctic Prion Pachyptila desolata SO NRR Rar.,,
283,Procellariidae,Petrels and Shearwaters,Slender-billed Prion,Pachyptila belcheri,,,,,,,,,,TRUE,,,,TRUE,,,,,,,,TRUE,,,,13,50,avibase-0D885A80,Slender-billed Prion Pachyptila belcheri VSO NRR Rar.,,
284,Procellariidae,Petrels and Shearwaters,White-chinned Petrel,Procellaria aequinoctialis,,,,,,,,,,TRUE,,,,TRUE,,,,,,,,TRUE,,,,9,51,avibase-35EB45A0,White-chinned Petrel Procellaria aequinoctialis VSO NRR Rar.,,
285,Procellariidae,Petrels and Shearwaters,Wedge-tailed Shearwater,Ardenna pacifica,,,,,,TRUE,,,,,,,,,,,,,,,,,,,,10,52,avibase-E94A7272,Wedge-tailed Shearwater Ardenna pacifica IO,,
286,Procellariidae,Petrels and Shearwaters,Sooty Shearwater,Ardenna grisea,,,,,,,,,,,,,,TRUE,,,,,,,,TRUE,,,,11.5,54,avibase-1725B07D,Sooty Shearwater Ardenna grisea VSO Rar.,,
286.1,Procellariidae,Petrels and Shearwaters,Tropical Shearwater,Puffinus bailloni,,,,,,TRUE,,,,,,,,,,,,,,,,,,,,,,avibase-6DA05B66,Tropical Shearwater Puffinus bailloni IO,,"In 2009 checklist, it was referred to as Audubon’s Shearwater P. lherminieri"
287,Procellariidae,Petrels and Shearwaters,Jouanin’s Petrel,Bulweria fallax,,,,,,,,,,TRUE,,,,,,,TRUE,,,,,,,,,14,55,avibase-F501ED18,Jouanin’s Petrel Bulweria fallax VIO NRR,,
288,Ciconiidae,Storks,Marabou Stork,Leptoptilos crumenifer,,,,,,,,,TRUE,,,,,,,,,,,,,,,TRUE,TRUE,58,72,avibase-03C0F97C,Marabou Stork Leptoptilos crumenifer (n),,
289,Ciconiidae,Storks,Yellow-billed Stork,Mycteria ibis,,TRUE,,,,,,,,,,,,,,,,,,,,,,TRUE,TRUE,60,65,avibase-4F92C892,Yellow-billed Stork Mycteria ibis (am),am,
290,Ciconiidae,Storks,African Open-billed Stork,Anastomus lamelligerus,,TRUE,,,,,,,,,,,,,,,,,,,,,,TRUE,TRUE,59,66,avibase-0F14ECE4,African Open-billed Stork Anastomus lamelligerus am,,
291,Ciconiidae,Storks,Black Stork,Ciconia nigra,,,,,,,,,,,,TRUE,,,,,,,,,,,,TRUE,TRUE,54,67,avibase-E2817DAE,Black Stork Ciconia nigra PM,,
292,Ciconiidae,Storks,Abdim's Stork,Ciconia abdimii,TRUE,,,,,,,,,,,,,,,,,,,,,,,TRUE,TRUE,55,68,avibase-26CD0319,Abdim’s Stork Ciconia abdimii AM,AM,
293,Ciconiidae,Storks,Woolly-necked Stork,Ciconia episcopus,,,,,,,,,,,,,,,,,,,,,,,,TRUE,TRUE,56,69,avibase-F76E7B80,Woolly-necked Stork Ciconia episcopus ,,Sometimes split from Asian form as African Woolly-necked Stork C. microscelis
294,Ciconiidae,Storks,White Stork,Ciconia ciconia,,,,,,,,,,,,TRUE,,,,,,,,,,,,TRUE,TRUE,53,70,avibase-28825494,White Stork Ciconia ciconia PM,,
295,Ciconiidae,Storks,Saddle-billed Stork,Ephippiorhynchus senegalensis,,,,,,,,,,,,,,,,,,,,,,,,TRUE,TRUE,57,71,avibase-3D155653,Saddle-billed Stork Ephippiorhynchus senegalensis,,
296,Pelecanidae,Pelicans,Great White Pelican,Pelecanus onocrotalus,,TRUE,,,,,,,,,,,,,,,,,,,,,,TRUE,TRUE,20,103,avibase-8BAFB01E,Great White Pelican Pelecanus onocrotalus am,,
297,Pelecanidae,Pelicans,Pink-backed Pelican,Pelecanus rufescens,,,,,,,,,,,,,,,,,,,,,,,,TRUE,TRUE,21,104,avibase-8D24E93C,Pink-backed Pelican Pelecanus rufescens,,
298,Scopidae,Hamerkop,Hamerkop,Scopus umbretta,,,,,,,,,,,,,,,,,,,,,,,,TRUE,TRUE,52,101,avibase-FC10F6ED,Hamerkop Scopus umbretta,,
299,Balaenicipitidae,Shoebill,Shoebill,Balaeniceps rex,,,,,,,,,,TRUE,,,,TRUE,,,,,,,,,,TRUE,TRUE,31,102,avibase-47C7FDFD,Shoebill Balaeniceps rex NRR. Rar.,,
300,Ardeidae,"Herons, Egrets and Bitterns",Eurasian (Great) Bittern,Botaurus stellaris,,,,,,,,,,,,,,TRUE,,,,,,,TRUE,,,TRUE,TRUE,,,avibase-0F42F11A,Eurasian (Great) Bittern Botaurus stellaris VP Rar.,,
301,Ardeidae,"Herons, Egrets and Bitterns",Little Bittern,Ixobrychus minutus,,TRUE,,,,,,,,,,,TRUE,,,,,,,,,,,TRUE,TRUE,33,79,avibase-7AAD57AC,Little Bittern Ixobrychus minutus am pm,,
302,Ardeidae,"Herons, Egrets and Bitterns",Dwarf Bittern,Ixobrychus sturmii,,TRUE,,,,,,,,,,,,,,,,,,,,,,TRUE,TRUE,34,80,avibase-87EEBD3E,Dwarf Bittern Ixobrychus sturmii am,am,
303,Ardeidae,"Herons, Egrets and Bitterns",White-backed Night Heron,Gorsachius leuconotus,,,,,,,,,,,,,,,,,,,,,,,,TRUE,TRUE,35,81,avibase-3C12AA44,White-backed Night Heron Gorsachius leuconotus,,
304,Ardeidae,"Herons, Egrets and Bitterns",Black-crowned Night Heron,Nycticorax nycticorax,,TRUE,,,,,,,,,,,TRUE,,,,,,,,,,,TRUE,TRUE,36,82,avibase-6BB94D7E,Black-crowned Night Heron Nycticorax nycticorax am pm,"am, pm",
305,Ardeidae,"Herons, Egrets and Bitterns",Striated Heron,Butorides striata,,,,,,,,,,,,,,,,,,,,,,,,TRUE,TRUE,45,83,avibase-36DF115B,Striated Heron Butorides striata,Called Green-backed Heron B. striatus in the 1996 list; gender change following David & Gosselin (2002b),
306,Ardeidae,"Herons, Egrets and Bitterns",Squacco Heron,Ardeola ralloides,,TRUE,,,,,,,,,,,TRUE,,,,,,,,,,,TRUE,TRUE,42,84,avibase-CE73EBD7,Squacco Heron Ardeola ralloides am pm,"am, pm, Called Common Squacco Heron in the 1996 list",
307,Ardeidae,"Herons, Egrets and Bitterns",Madagascar Pond Heron,Ardeola idae,,,,,,,TRUE,,,,,,,,,,,,,,,,,TRUE,TRUE,43,85,avibase-EA2C460A,Madagascar Pond Heron Ardeola idae MM,,
308,Ardeidae,"Herons, Egrets and Bitterns",Rufous-bellied Heron,Ardeola rufiventris,,,,,,,,,,,,,,,,,,,,,,,,TRUE,TRUE,44,86,avibase-AEB2DA9B,Rufous-bellied Heron Ardeola rufiventris,,
309,Ardeidae,"Herons, Egrets and Bitterns",Cattle Egret,Bubulcus ibis,,TRUE,,,,,,,,,,,,,,,,,,,,,,TRUE,TRUE,37,87,avibase-AB1CB216,(Western) Cattle Egret Bubulcus ibis am,am,
310,Ardeidae,"Herons, Egrets and Bitterns",Grey Heron,Ardea cinerea,,,,,,,,,,,,,TRUE,,,,,,,,,,,TRUE,TRUE,48,88,avibase-6429024D,"Grey Heron Ardea cinerea am, pm","am, pm",
311,Ardeidae,"Herons, Egrets and Bitterns",Black-headed Heron,Ardea melanocephala,,,,,,,,,,,,,,,,,,,,,,,,TRUE,TRUE,51,89,avibase-25A648FE,Black-headed Heron Ardea melanocephala,,
312,Ardeidae,"Herons, Egrets and Bitterns",Goliath Heron,Ardea goliath,,,,,,,,,,,,,,,,,,,,,,,,TRUE,TRUE,50,90,avibase-C7888A15,Goliath Heron Ardea goliath,,
313,Ardeidae,"Herons, Egrets and Bitterns",Purple Heron,Ardea purpurea,,,,,,,,,,,,,TRUE,,,,,,,,,,,TRUE,TRUE,49,91,avibase-3395DCF1,Purple Heron Ardea purpurea (pm),,
314,Ardeidae,"Herons, Egrets and Bitterns",Great White Egret,Ardea alba,,,,,,,,,,,,,,,,,,,,,,,,TRUE,TRUE,47,92,avibase-49D9148A,Great White Egret Ardea alba,Called Casmerodius albus and Great Egret in the 1996 list,
315,Ardeidae,"Herons, Egrets and Bitterns",Yellow-billed Egret,Egretta intermedia,,,,,,,,,,,,,,,,,,,,,,,,TRUE,TRUE,46,93,avibase-C3ABF863,Yellow-billed (Intermediate) Egret Ardea intermedia,,Sometimes split from Asian Intermediate Egret as Yellow-billed Egret A. brachyrhynchus
316,Ardeidae,"Herons, Egrets and Bitterns",Black Heron,Egretta ardesiaca,,,,,,,,,,,,,,,,,,,,,,,,TRUE,TRUE,41,94,avibase-74853F89,Black Egret (Heron) Egretta ardesiaca ,,
317.1,Ardeidae,"Herons, Egrets and Bitterns",Little Egret,Egretta garzetta,,,,,,,,,,,,,,,,,,,,,,,,TRUE,TRUE,38,95,avibase-F2858F9F,Little Egret Egretta garzetta,,
317.2,Ardeidae,"Herons, Egrets and Bitterns",Western Reef Egret,Egretta (garzetta) gularis,TRUE,,,,,,,,,,,,,,,,,,,,,,,TRUE,TRUE,40,96,avibase-DF32B1F9,Western Reef Egret Egretta (g.) gularis AM,,
317.3,Ardeidae,"Herons, Egrets and Bitterns",Dimorphic Egret, Egretta (garzetta) dimorpha,,,,,,,,,,,,,,,,,,,,,,,,TRUE,TRUE,39,97,avibase-7C15B36B,Dimorphic Egret Egretta (g.) dimorpha,,
318,Threskiornithidae,Ibises and Spoonbills,Sacred Ibis,Threskiornis aethiopicus,,,,,,,,,,,,,,,,,,,,,,,,TRUE,TRUE,61,73,avibase-550DE745,Sacred Ibis Threskiornis aethiopicus,,
319,Threskiornithidae,Ibises and Spoonbills,Eurasian Spoonbill,Platalea leucorodia,,,,,,,,,,TRUE,,,,,,,,,,,TRUE,,,TRUE,TRUE,66,77,avibase-A0A584C1,Eurasian Spoonbill Platalea leucorodia VP NRR,,
320,Threskiornithidae,Ibises and Spoonbills,African Spoonbill,Platalea alba,,,,,,,,,,,,,,,,,,,,,,,,TRUE,TRUE,67,78,avibase-F86BB1D3,African Spoonbill Platalea alba,,
321,Threskiornithidae,Ibises and Spoonbills,Olive Ibis,Bostrychia olivacea,,,,,,,,,,,,,,,,,,,,,,,,TRUE,TRUE,63,74,avibase-23ACB56E,Olive Ibis Bostrychia olivacea,,
322,Threskiornithidae,Ibises and Spoonbills,Hadada Ibis,Bostrychia hagedash,,,,,,,,,,,,,,,,,,,,,,,,TRUE,TRUE,62,75,avibase-CAFBA217,Hadada Ibis Bostrychia hagedash,,
323,Threskiornithidae,Ibises and Spoonbills,Glossy Ibis,Plegadis falcinellus,,TRUE,,,,,,,,,,,TRUE,,,,,,,,,,,TRUE,TRUE,65,76,avibase-D4540F88,Glossy Ibis Plegadis falcinellus am pm,,
324,Fregatidae,Frigatebirds,Great Frigatebird,Fregata minor,,,,,,TRUE,,,,,,,,,,,,,,,,,,TRUE,,29,99,avibase-788EBCAB,Greater Frigatebird Fregata minor IO,IO,
325,Fregatidae,Frigatebirds,Lesser Frigatebird,Fregata ariel,,,,,,TRUE,,,,,,,,,,,,,,,,,,,,30,100,avibase-09ED7E92,Lesser Frigatebird Fregata ariel IO,,
326,Fregatidae,Frigatebirds,Christmas Island Frigatebird,Fregata andrewsi,,,,,,TRUE,,,,,,,,TRUE,,,,,,,,,,,,,,avibase-67200E8E,Christmas Island Frigatebird Fregata andrewsi IO Rar.,,
327,Sulidae,Boobies,Masked Booby,Sula dactylatra,,,,,,TRUE,,,,,,,,,,,,,,,,,,TRUE,,23,105,avibase-22D1B4A2,Masked Booby Sula dactylatra IO,IO,
328,Sulidae,Boobies,Red-footed Booby,Sula sula,,,,,,TRUE,,,,,,,,,,,,,,,,,,,,25,106,avibase-0A4609D1,Red-footed Booby Sula sula IO,,
329,Sulidae,Boobies,Brown Booby,Sula leucogaster,,,,,,TRUE,,,,,,,,,,,,,,,,,,TRUE,,24,107,avibase-5EC21767,Brown Booby Sula leucogaster IO,IO,
330,Phalacrocoracidae,Cormorants,Long-tailed (Reed) Cormorant ,Microcarbo africanus,,,,,,,,,,,,,,,,,,,,,,,,TRUE,TRUE,27,108,avibase-E255DCE1,Long-tailed (Reed) Cormorant Microcarbo africanus,,Formerly Reed Cormorant  Phalacrocorax africanus
331,Phalacrocoracidae,Cormorants,Great Cormorant,Phalacrocorax carbo,,,,,,,,,,,,,,,,,,,,,,,,TRUE,TRUE,26,109,avibase-3DF5C587,Great Cormorant Phalacrocorax carbo,,
332,Anhingidae,Darters,African Darter,Anhinga rufa,,,,,,,,,,,,,,,,,,,,,,,,TRUE,TRUE,28,110,avibase-5C7936A7,African Darter Anhinga rufa,,
333,Sagittariidae,Secretarybird,Secretarybird,Sagittarius serpentarius,,,,,,,,,,,,,,,,,,,,,,,,,,95,130,avibase-DCBCCEB8,Secretarybird Sagittarius serpentarius ,,
334,Pandionidae,Ospreys,Osprey,Pandion haliaetus,,,,,,,,,,,,TRUE,,,,,,,,,,,,TRUE,,96,131,avibase-1327AC55,(Western) Osprey Pandion haliaetus PM,,Formerly listed with Accipitridae
335,Accipitridae,"Hawks, Vultures, Buzzards, Eagles and Allies",Black-shouldered (Black-winged) Kite,Elanus caeruleus,,TRUE,,,,,,,,,,,,,,,,,,,,,,,,100,135,avibase-97C47F3E,Black-shouldered (Black-winged) Kite Elanus caeruleus (am),,
336,Accipitridae,"Hawks, Vultures, Buzzards, Eagles and Allies",African Swallow-tailed Kite,Chelictinia riocourii,,,,,,,,,,,,,,,,,,,,,,,,,,101,136,avibase-22832FF4,African Swallow-tailed (Scissor-tailed) Kite Chelictinia riocourii,,
337,Accipitridae,"Hawks, Vultures, Buzzards, Eagles and Allies",European Honey Buzzard,Pernis apivorus,,,,,,,,,,,,TRUE,,,,,,,,,,,,,,98,133,avibase-ED5A7E8F,European Honey Buzzard Pernis apivorus PM,,
338,Accipitridae,"Hawks, Vultures, Buzzards, Eagles and Allies",Crested (Oriental) Honey Buzzard,Pernis ptilorhynchus,,,,,,,,,,,,,,TRUE,,,,,,TRUE,,,,,,,,avibase-1192205B,Crested (Oriental) Honey Buzzard Pernis ptilorhynchus VO Rar.,,
339,Accipitridae,"Hawks, Vultures, Buzzards, Eagles and Allies",African Cuckoo Hawk,Aviceda cuculoides,,TRUE,,,,,,,,,,,,,,,,,,,,,,,,97,132,avibase-648936C0,African Cuckoo Hawk Aviceda cuculoides am,,
340,Accipitridae,"Hawks, Vultures, Buzzards, Eagles and Allies",African Harrier Hawk (Gymnogene),Polyboroides typus,,,,,,,,,,,,,,,,,,,,,,,,,,117,158,avibase-C505EA72,African Harrier Hawk (Gymnogene) Polyboroides typus,Often called by the Afrikaans name Gymnogene,
341,Accipitridae,"Hawks, Vultures, Buzzards, Eagles and Allies",Palm-nut Vulture,Gypohierax angolensis,,,,,,,,,,,,,,,,,,,,,,,,TRUE,,144,139,avibase-14885C18,Palm-nut Vulture Gypohierax angolensis,,
342,Accipitridae,"Hawks, Vultures, Buzzards, Eagles and Allies",Lammergeier,Gypaetus barbatus,,,,,,,,,,,,,,,,,,,,,,,,,,103,140,avibase-81DB7410,Lammergeier (Bearded Vulture) Gypaetus barbatus ,,
343,Accipitridae,"Hawks, Vultures, Buzzards, Eagles and Allies",Egyptian Vulture,Neophron percnopterus,,,,,,,,,,,,,,,,,,,,,,,,,,104,141,avibase-6D3480A6,Egyptian Vulture Neophron percnopterus ,,
344,Accipitridae,"Hawks, Vultures, Buzzards, Eagles and Allies",Bateleur ,Terathopius ecaudatus ,,,,,,,,,,,,,,,,,,,,,,,,,,115,153,avibase-6CBD8724,Bateleur Terathopius ecaudatus ,,
345,Accipitridae,"Hawks, Vultures, Buzzards, Eagles and Allies",Short-toed Snake Eagle,Circaetus gallicus,,,,,,,,,,,,,,TRUE,,,,,,,TRUE,,,,,110,147,avibase-8372FFBA,Short-toed Snake Eagle Circaetus gallicus VP Rar.,,
346,Accipitridae,"Hawks, Vultures, Buzzards, Eagles and Allies",Beaudouin’s Snake Eagle,Circaetus beaudouini ,,,,,,,,,,,,,,,,,,,,,,,,,,110.5,148,avibase-F4E78AFA,Beaudouin’s Snake Eagle Circaetus beaudouini ,,
347,Accipitridae,"Hawks, Vultures, Buzzards, Eagles and Allies",Black-chested Snake Eagle,Circaetus pectoralis,,,,,,,,,,,,,,,,,,,,,,,,,,111,149,avibase-BF553D32,Black-chested Snake Eagle Circaetus pectoralis,,
348,Accipitridae,"Hawks, Vultures, Buzzards, Eagles and Allies",Brown Snake Eagle,Circaetus cinereus,,,,,,,,,,,,,,,,,,,,,,,,,,112,150,avibase-6904D83F,Brown Snake Eagle Circaetus cinereus,,
349,Accipitridae,"Hawks, Vultures, Buzzards, Eagles and Allies",Southern Banded Snake Eagle,Circaetus fasciolatus,,,,,,,,,,,,,,,,,,,,,,,,,,113,151,avibase-9F2839A9,Southern Banded Snake Eagle Circaetus fasciolatus ,,
350,Accipitridae,"Hawks, Vultures, Buzzards, Eagles and Allies",Western Banded Snake Eagle,Circaetus cinerascens,,,,,,,,,,,,,,,,,,,,,,,,,,114,152,avibase-4327F813,Western Banded Snake Eagle Circaetus cinerascens,Called simply Banded Snake Eagle in the 1996 list,
351,Accipitridae,"Hawks, Vultures, Buzzards, Eagles and Allies",White-headed Vulture,Trigonoceps occipitalis,,,,,,,,,,,,,,,,,,,,,,,,,,109,145,avibase-93D7EC56,White-headed Vulture Trigonoceps occipitalis ,,
352,Accipitridae,"Hawks, Vultures, Buzzards, Eagles and Allies",Hooded Vulture,Necrosyrtes monachus,,,,,,,,,,,,,,,,,,,,,,,,,,105,142,avibase-131038AD,Hooded Vulture Necrosyrtes monachus,,
353,Accipitridae,"Hawks, Vultures, Buzzards, Eagles and Allies",White-backed Vulture,Gyps africanus,,,,,,,,,,,,,,,,,,,,,,,,,,106,143,avibase-0419DDC2,White-backed Vulture Gyps africanus ,,
354,Accipitridae,"Hawks, Vultures, Buzzards, Eagles and Allies",Rüppell’s Vulture,Gyps rueppellii ,,,,,,,,,,,,,,,,,,,,,,,,,,107,144,avibase-76B512B1,Rüppell’s Vulture Gyps rueppellii ,,
355,Accipitridae,"Hawks, Vultures, Buzzards, Eagles and Allies",Lappet-faced Vulture,Torgos tracheliotos,,,,,,,,,,,,,,,,,,,,,,,,,,108,146,avibase-672EA454,Lappet-faced Vulture Torgos tracheliotos ,,
356,Accipitridae,"Hawks, Vultures, Buzzards, Eagles and Allies",Bat Hawk,Macheiramphus alcinus,,,,,,,,,,,,,,,,,,,,,,,,,,99,134,avibase-DAE4C523,Bat Hawk Macheiramphus alcinus,,
357,Accipitridae,"Hawks, Vultures, Buzzards, Eagles and Allies",Crowned Eagle,Stephanoaetus coronatus,,,,,,,,,,,,,,,,,,,,,,,,,,157,189,avibase-1E3B3515,Crowned Eagle Stephanoaetus coronatus,Called the African Crowned Eagle in the 1996 list,
358,Accipitridae,"Hawks, Vultures, Buzzards, Eagles and Allies",Martial Eagle,Polemaetus bellicosus,,,,,,,,,,,,,,,,,,,,,,,,,,158,186,avibase-FDA2E4A3,Martial Eagle Polemaetus bellicosus ,Near Threatened,
359,Accipitridae,"Hawks, Vultures, Buzzards, Eagles and Allies",Long-crested Eagle,Lophaetus occipitalis,,,,,,,,,,,,,,,,,,,,,,,,,,155,187,avibase-14B9664A,Long-crested Eagle Lophaetus occipitalis,,
360,Accipitridae,"Hawks, Vultures, Buzzards, Eagles and Allies",Lesser Spotted Eagle,Clanga pomarina,,,,,,,,,,,,TRUE,,,,,,,,,,,,,,145,176,avibase-C2565B65,Lesser Spotted Eagle Clanga pomarina PM,,
361,Accipitridae,"Hawks, Vultures, Buzzards, Eagles and Allies",Greater Spotted Eagle,Clanga clanga,,,,,,,,,,,,TRUE,,,,,,,,,,,,,,146,177,avibase-BAC4CA22,Greater Spotted Eagle Clanga clanga PM,,
362,Accipitridae,"Hawks, Vultures, Buzzards, Eagles and Allies",Tawny Eagle,Aquila rapax,,,,,,,,,,,,,,,,,,,,,,,,,,147,178,avibase-F6D547B2,Tawny Eagle Aquila rapax,,
363,Accipitridae,"Hawks, Vultures, Buzzards, Eagles and Allies",Steppe Eagle,Aquila nipalensis,,,,,,,,,,,,TRUE,,,,,,,,,,,,,,148,179,avibase-A635F565,Steppe Eagle Aquila nipalensis PM,,
364,Accipitridae,"Hawks, Vultures, Buzzards, Eagles and Allies",Eastern Imperial Eagle,Aquila heliaca,,,,,,,,,,,,TRUE,,,,,,,,,,,,,,149,180,avibase-469DCF57,Eastern Imperial Eagle Aquila heliaca PM,,
365,Accipitridae,"Hawks, Vultures, Buzzards, Eagles and Allies",Verreaux's Eagle,Aquila verreauxii,,,,,,,,,,,,,,,,,,,,,,,,,,151,181,avibase-14F13C32,Verreaux’s Eagle Aquila verreauxii,,
366,Accipitridae,"Hawks, Vultures, Buzzards, Eagles and Allies",African Hawk Eagle,Aquila spilogaster,,,,,,,,,,,,,,,,,,,,,,,,,,152,183,avibase-9A418C45,African Hawk Eagle Aquila spilogaster,This and the next two species were in Hieraaetus in the 1996 list,
367,Accipitridae,"Hawks, Vultures, Buzzards, Eagles and Allies",Cassin's Hawk Eagle,Aquila africana,,,,,,,,,,,,,,TRUE,,,,,,,,,,,,156,188,avibase-51FD3E3C,Cassin’s Hawk Eagle Aquila africana Rar.,,
368,Accipitridae,"Hawks, Vultures, Buzzards, Eagles and Allies",Wahlberg’s Eagle, Hieraaetus wahlbergi,TRUE,,,,,,,,,,,,,,,,,,,,,,,,,150,182,avibase-535F3C99,Wahlberg’s Eagle Hieraaetus wahlbergi AM,,
369,Accipitridae,"Hawks, Vultures, Buzzards, Eagles and Allies",Booted Eagle,Hieraaetus pennatus,,,,,,,,,,,,TRUE,,,,,,,,,,,,,,153,184,avibase-4B8CC285,Booted Eagle Hieraaetus pennatus PM,,
370,Accipitridae,"Hawks, Vultures, Buzzards, Eagles and Allies",Ayres’s Hawk Eagle,Hieraaetus ayresii,,,,,,,,,,,,,,,,,,,,,,,,,,154,185,avibase-7DF00403,Ayres’s Hawk Eagle Hieraaetus ayresii,,
371,Accipitridae,"Hawks, Vultures, Buzzards, Eagles and Allies",Lizard Buzzard,Kaupifalco monogrammicus,,,,,,,,,,,,,,,,,,,,,,,,,,137,170,avibase-3EEB66ED,Lizard Buzzard Kaupifalco monogrammicus,,
372,Accipitridae,"Hawks, Vultures, Buzzards, Eagles and Allies",Dark Chanting Goshawk,Melierax metabates,,,,,,,,,,,,,,,,,,,,,,,,,,123,159,avibase-D2AFD39B,Dark Chanting Goshawk Melierax metabates,,
373,Accipitridae,"Hawks, Vultures, Buzzards, Eagles and Allies",Eastern Chanting Goshawk,Melierax poliopterus,,,,,,,,,,,,,,,,,,,,,,,,,,124,160,avibase-FA3A1F20,Eastern Chanting Goshawk Melierax poliopterus,Called the Eastern Pale Chanting Goshawk in the 1996 list,
374,Accipitridae,"Hawks, Vultures, Buzzards, Eagles and Allies",Gabar Goshawk,Micronisus gabar,,,,,,,,,,,,,,,,,,,,,,,,,,122,161,avibase-922DE9C1,Gabar Goshawk Micronisus gabar,,
375,Accipitridae,"Hawks, Vultures, Buzzards, Eagles and Allies",Western Marsh Harrier,Circus aeruginosus,,,,,,,,,,,,TRUE,,,,,,,,,,,,TRUE,,121,154,avibase-E2A19474,Western Marsh Harrier Circus aeruginosus PM,,
376,Accipitridae,"Hawks, Vultures, Buzzards, Eagles and Allies",African Marsh Harrier,Circus ranivorus,,,,,,,,,,,,,,,,,,,,,,,,TRUE,,120,155,avibase-2A2C169B,African Marsh Harrier Circus ranivorus ,,
377,Accipitridae,"Hawks, Vultures, Buzzards, Eagles and Allies",Pallid Harrier,Circus macrourus,,,,,,,,,,,,TRUE,,,,,,,,,,,,,,118,156,avibase-22647E26,Pallid Harrier Circus macrourus PM,,
378,Accipitridae,"Hawks, Vultures, Buzzards, Eagles and Allies",Montagu’s Harrier,Circus pygargus,,,,,,,,,,,,TRUE,,,,,,,,,,,,,,119,157,avibase-63B6412E,Montagu’s Harrier Circus pygargus PM,,
379,Accipitridae,"Hawks, Vultures, Buzzards, Eagles and Allies",African Goshawk,Accipiter tachiro,,,,,,,,,,,,,,,,,,,,,,,,,,125,162,avibase-35A1472C,African Goshawk Accipiter tachiro,,
380,Accipitridae,"Hawks, Vultures, Buzzards, Eagles and Allies",Shikra,Accipiter badius,,,,,,,,,,,,,,,,,,,,,,,,,,127,163,avibase-1A0ECB6E,Shikra Accipiter badius,,
381,Accipitridae,"Hawks, Vultures, Buzzards, Eagles and Allies",Levant Sparrowhawk,Accipiter brevipes,,,,,,,,,,,,TRUE,,,,,,,,,,,,,,128,164,avibase-8492E4B7,Levant Sparrowhawk Accipiter brevipes PM,,
382,Accipitridae,"Hawks, Vultures, Buzzards, Eagles and Allies",Little Sparrowhawk,Accipiter minullus,,,,,,,,,,,,,,,,,,,,,,,,,,130,165,avibase-CE1CF6FD,Little Sparrowhawk Accipiter minullus,,
383,Accipitridae,"Hawks, Vultures, Buzzards, Eagles and Allies",Ovambo Sparrowhawk,Accipiter ovampensis,,,,,,,,,,,,,,,,,,,,,,,,,,131,166,avibase-BAE91683,Ovambo Sparrowhawk Accipiter ovampensis,Called Ovambo Sparrowhawk in the 1996 list,
384,Accipitridae,"Hawks, Vultures, Buzzards, Eagles and Allies",Eurasian Sparrowhawk,Accipiter nisus,,,,,,,,,,,,TRUE,,,,,,,,,,,,,,132,167,avibase-DB376A66,Eurasian Sparrowhawk Accipiter nisus PM,,
385,Accipitridae,"Hawks, Vultures, Buzzards, Eagles and Allies",Rufous-breasted Sparrowhawk,Accipiter rufiventris,,,,,,,,,,,,,,,,,,,,,,,,,,133,168,avibase-EC0E680F,Rufous-breasted Sparrowhawk Accipiter rufiventris,,
386,Accipitridae,"Hawks, Vultures, Buzzards, Eagles and Allies",Great (Black) Sparrowhawk,Accipiter melanoleucus,,,,,,,,,,,,,,,,,,,,,,,,,,134,169,avibase-819AB823,Great (Black) Sparrowhawk Accipiter melanoleucus,Sometimes called Black Sparrowhawk (as it is in southern Africa),
387,Accipitridae,"Hawks, Vultures, Buzzards, Eagles and Allies",African Fish Eagle,Haliaeetus vocifer,,,,,,,,,,,,,,,,,,,,,,,,TRUE,,143,138,avibase-A19B0CF4,African Fish Eagle Haliaeetus vocifer,,
388,Accipitridae,"Hawks, Vultures, Buzzards, Eagles and Allies",Black Kite,Milvus migrans,,,,,,,,,,,,,,,,,,,,,,,,,,102,137,avibase-06D9A2C8,Black Kite Milvus migrans,,
388.1,Accipitridae,"Hawks, Vultures, Buzzards, Eagles and Allies",Black Kite,Milvius migrans migrans,,,,,,,,,,,,,TRUE,,,,,,,,,,,,,,,avibase-C1C255AA,Black Kite M. m. migrans pm,,
388.2,Accipitridae,"Hawks, Vultures, Buzzards, Eagles and Allies",Yellow-billed Kite,Milvius (migrans) aegyptius,,TRUE,,,,,,,,,,,,,,,,,,,,,,,,,,avibase-EE9C6A5E,Yellow-billed Kite M. (m.) aegyptius am,,
388.3,Accipitridae,"Hawks, Vultures, Buzzards, Eagles and Allies",Eastern Black Kite,Milvius migrans migrans x Milvius migrans lineatus intergrade,,,,,,,,,,,,,,TRUE,,,,,,,,,,,,,,avibase-A691B378,Eastern Black Kite M.m. migrans x M.m. lineatus intergrade Rar.,,"(See Forsman, 2016)"
389,Accipitridae,"Hawks, Vultures, Buzzards, Eagles and Allies",Grasshopper Buzzard,Butastur rufipennis,TRUE,,,,,,,,,,,,,,,,,,,,,,,,,136,171,avibase-45A1D850,Grasshopper Buzzard Butastur rufipennis AM,,
390,Accipitridae,"Hawks, Vultures, Buzzards, Eagles and Allies",Common Buzzard,Buteo buteo,,,,,,,,,,,,TRUE,,,,,,,,,,,,,,138,172,avibase-3C0C325D,Common (Steppe) Buzzard Buteo buteo  PM,,"The race in Kenya is vulpinus, usually known as Steppe Buzzard"
390.1,Accipitridae,"Hawks, Vultures, Buzzards, Eagles and Allies",(Common) Steppe Buzzard,Buteo buteo (race vulpinus),,,,,,,,,,,,TRUE,,,,,,,,,,,,,,138,172,avibase-02AD152F,Common (Steppe) Buzzard Buteo buteo  PM,,"The race in Kenya is vulpinus, usually known as Steppe Buzzard"
391,Accipitridae,"Hawks, Vultures, Buzzards, Eagles and Allies",Mountain Buzzard,Buteo oreophilus,,,,,,,,,,,,,,,,,,,,,,,,,,139,173,avibase-5BFEFD9A,Mountain Buzzard Buteo oreophilus,,
392,Accipitridae,"Hawks, Vultures, Buzzards, Eagles and Allies",Long-legged Buzzard,Buteo rufinus,,,,,,,,,,,,TRUE,,,,,,,,,,,,,,140,174,avibase-CC65921F,Long-legged Buzzard Buteo rufinus PM,,
393,Accipitridae,"Hawks, Vultures, Buzzards, Eagles and Allies",Augur Buzzard,Buteo augur,,,,,,,,,,,,,,,,,,,,,,,,,,142,175,avibase-EBDC03AA,Augur Buzzard Buteo augur,,
394,Tytonidae,Barn Owl,(African) Grass Owl,Tyto capensis,,,,,,,,,,,,,,,,,,,,,,,,,,428,391,avibase-B21A37E7,(African) Grass Owl Tyto capensis,,
395,Tytonidae,Barn Owl,Barn Owl,Tyto alba,,,,,,,,,,,,,,,,,,,,,,,,,,429,392,avibase-FEE35F4C,Barn Owl Tyto alba,,
396,Strigidae,Tytonidae,Pearl-spotted Owlet,Glaucidium perlatum,,,,,,,,,,,,,,,,,,,,,,,,,,441,404,avibase-70CB00EC,Pearl-spotted Owlet Glaucidium perlatum,,
397,Strigidae,Tytonidae,Red-chested Owlet,Glaucidium tephronotum,,,,,,,,,,,,,,,,,,,,,,,,,,442,405,avibase-E05A96F3,Red-chested Owlet Glaucidium tephronotum,,
398,Strigidae,Tytonidae,African Barred Owlet,Glaucidium capense,,,,,,,,,,,,,,,,,,,,,,,,,,443,406,avibase-77FEB897,African Barred Owlet Glaucidium capense,,
399,Strigidae,Tytonidae,Sokoke Scops Owl,Otus ireneae,,,,,,,,,,,,,,,,,,,,,,,,,,430,393,avibase-75194A63,Sokoke Scops Owl Otus ireneae ,,
400,Strigidae,Tytonidae,African Scops Owl,Otus senegalensis,,,,,,,,,,,,,,,,,,,,,,,,,,432,394,avibase-F0AA4FE4,African Scops Owl Otus senegalensis,,
401,Strigidae,Tytonidae,Eurasian Scops Owl,Otus scops,,,,,,,,,,,,TRUE,,,,,,,,,,,,,,431,395,avibase-2C7AA154,Eurasian Scops Owl Otus scops PM,,
402,Strigidae,Tytonidae,Northern White-faced (Scops) Owl,Ptilopsis leucotis,,,,,,,,,,,,,,,,,,,,,,,,,,434,396,avibase-E561A180,Northern White-faced (Scops) Owl Ptilopsis leucotis,The 1996 list included this and the next species in Otus leucotis,
403,Strigidae,Tytonidae,Southern White-faced (Scops) Owl,Ptilopsis granti,,,,,,,,,,,,,,,,,,,,,,,,,,434,397,avibase-023D6E38,Southern White-faced (Scops) Owl Ptilopsis granti,See note above,
404,Strigidae,Tytonidae,African Long-eared (Abyssinian) Owl,Asio abyssinicus,,,,,,,,,,,,,,TRUE,,,,,,,,,,,,445,407,avibase-250123FB,African Long-eared (Abyssinian) Owl Asio abyssinicus Rar.,"Sole confirmed record is of one collected 10 September 1961 at 3350 m, Mt Kenya. Called the African Longeared Owl in the 1996 list",
405,Strigidae,Tytonidae,Short-eared Owl,Asio flammeus,,TRUE,,,,,,,,,,,,,,,,,,,TRUE,,,,,446,408,avibase-8F123A11,Short-eared Owl Asio flammeus VP,,
406,Strigidae,Tytonidae,Marsh Owl,Asio capensis,,,,,,,,,,,,,,,,,,,,,,,,,,447,409,avibase-83E21A84,Marsh Owl Asio capensis,,
407,Strigidae,Tytonidae,African Wood Owl,Strix woodfordii,,,,,,,,,,,,,,,,,,,,,,,,,,444,403,avibase-2E6575A8,African Wood Owl Strix woodfordii,,
408,Strigidae,Tytonidae,Cape Eagle-Owl,Bubo capensis,,,,,,,,,,,,,,,,,,,,,,,,,,435,398,avibase-3CD0F535,Cape Eagle Owl Bubo capensis,,
409,Strigidae,Tytonidae,Spotted Eagle Owl,Bubo africanus,,,,,,,,,,,,,,,,,,,,,,,,,,436,399,avibase-38E24616,Spotted Eagle Owl Bubo africanus,,
409.1,Strigidae,Tytonidae,Spotted Eagle Owl,Bubo africanus,,,,,,,,,,,,,,,,,,,,,,,,,,,,avibase-DC8CC91D,Spotted Eagle Owl B. africanus,,
409.2,Strigidae,Tytonidae,Greyish Eagle Owl,Bubo (africanus) cinerascens,,,,,,,,,,,,,,,,,,,,,,,,,,436,400,avibase-0018A99B,Greyish Eagle Owl B. (a.) cinerascens,,
410,Strigidae,Tytonidae,Verreaux's Eagle Owl,Bubo lacteus,,,,,,,,,,,,,,,,,,,,,,,,,,439,401,avibase-EBD3129B,Verreaux’s Eagle Owl Bubo lacteus,,
411,Strigidae,Tytonidae,Pel's Fishing-Owl,Scotopelia peli,,,,,,,,,,,,,,,,,,,,,,,,,,440,402,avibase-034B2A6A,Pel’s Fishing Owl Scotopelia peli,,
412,Coliidae,Mousebirds,Speckled Mousebird,Colius striatus (race kikuyuensis),,,TRUE,,,,,,,,,,,,,,,,,,,,,,,480,439,avibase-1FDDABDB,Speckled Mousebird Colius striatus (race kikuyuensis E),,
413,Coliidae,Mousebirds,White-headed Mousebird,Colius leucocephalus (race turneri),,,TRUE,,,,,,,,,,,,,,,,,,,,,,,481,440,avibase-ADDB3611,White-headed Mousebird Colius leucocephalus (race turneri E),Colius leucocephalus turneri E,
414,Coliidae,Mousebirds,Blue-naped Mousebird,Urocolius macrourus,,,,,,,,,,,,,,,,,,,,,,,,,,482,441,avibase-E45D9EB2,Blue-naped Mousebird Urocolius macrourus,Sometimes called Black Sparrowhawk (as it is in southern Africa),
415,Trogonidae,Trogons,Narina Trogon,Apaloderma narina,,,,,,,,,,,,,,,,,,,,,,,,,,484,442,avibase-7FED5700,Narina Trogon Apaloderma narina,,
416,Trogonidae,Trogons,Bar-tailed Trogon,Apaloderma vittatum,,,,,,,,,,,,,,,,,,,,,,,,,,485,443,avibase-2F2CB724,Bar-tailed Trogon Apaloderma vittatum,,
417,Bucerotidae,Hornbills,Abyssinian Ground Hornbill,Bucorvus abyssinicus,,,,,,,,,,,,,,,,,,,,,,,,,,534,492,avibase-948ED65C,Abyssinian Ground Hornbill Bucorvus abyssinicus,,Formerly listed under Bucorvidae
418,Bucerotidae,Hornbills,Southern Ground Hornbill,Bucorvus leadbeateri,,,,,,,,,,,,,,,,,,,,,,,,,,533,493,avibase-4192DE77,Southern Ground Hornbill Bucorvus leadbeateri,,Formerly listed under Bucorvidae
419,Bucerotidae,Hornbills,Crowned Hornbill,Lophoceros alboterminatus,,,,,,,,,,,,,,,,,,,,,,,,,,543,482,avibase-1FDA0172,Crowned Hornbill Lophoceros alboterminatus,,
420,Bucerotidae,Hornbills,Hemprich's Hornbill,Lophoceros hemprichii,,,,,,,,,,,,,,,,,,,,,,,,,,542,483,avibase-6D72B23C,Hemprich’s Hornbill Lophoceros hemprichii,,
421,Bucerotidae,Hornbills,African Grey Hornbill,Lophoceros nasutus,,,,,,,,,,,,,,,,,,,,,,,,,,545,484,avibase-0CCD664D,African Grey Hornbill Lophoceros nasutus,,
422,Bucerotidae,Hornbills,(Northern) Red-billed Hornbill,Tockus erythrorhynchus,,,,,,,,,,,,,,,,,,,,,,,,,,538,485,avibase-AF75AC32,(Northern) Red-billed Hornbill Tockus erythrorhynchus,,
423,Bucerotidae,Hornbills,Eastern Yellow-billed Hornbill,Tockus flavirostris,,,,,,,,,,,,,,,,,,,,,,,,,,539,486,avibase-3BCD9CB0,Eastern Yellow-billed Hornbill Tockus flavirostris,,
424,Bucerotidae,Hornbills,Von der Decken's Hornbill,Tockus deckeni,,,,,,,,,,,,,,,,,,,,,,,,,,540,487,avibase-DE36D3BD,Von der Decken’s Hornbill Tockus deckeni,,
425,Bucerotidae,Hornbills,Jackson's Hornbill,Tockus jacksoni,,,,,,,,,,,,,,,,,,,,,,,,,,541,488,avibase-427D7FD6,Jackson’s Hornbill Tockus jacksoni,,
426,Bucerotidae,Hornbills,Trumpeter Hornbill,Bycanistes bucinator,,,,,,,,,,,,,,,,,,,,,,,,,,547,489,avibase-3A4D2B44,Trumpeter Hornbill Bycanistes bucinator,,
427,Bucerotidae,Hornbills,Black-and-white Casqued Hornbill,Bycanistes subcylindricus,,,,,,,,,,,,,,,,,,,,,,,,,,550,490,avibase-02428AC1,Black-and-white Casqued Hornbill Bycanistes subcylindricus,"Called Black-and-white-casqued Hornbill, in the 1996 list",
428,Bucerotidae,Hornbills,Silvery-cheeked Hornbill,Bycanistes brevis,,,,,,,,TRUE,,,,,,,,,,,,,,,,,,549,491,avibase-5350D0E8,Silvery-cheeked Hornbill Bycanistes brevis N,,
429,Upupidae,Hoopoe,Hoopoe,Upupa epops,,,,,,,,,,,,,,,,,,,,,,,,,,524,474,avibase-FA2F9125,Hoopoe Upupa epops,,
429.1,Upupidae,Hoopoe,Eurasian Hoopoe ,Upupa epops epops ,,,,,,,,,,,,TRUE,,,,,,,,,,,,,,,,avibase-F4D0DB8E,Eurasian Hoopoe U. e. epops PM,,
429.2,Upupidae,Hoopoe,Eurasian Hoopoe ,Upupa epops waibeli ,,TRUE,,,,,,,,,,,,,,,,,,,,,,,,,,avibase-66F40AD0,Eurasian Hoopoe U. e. waibeli am,,
429.3,Upupidae,Hoopoe,African Hoopoe,Upupa (epops) africana ,,,,,,,,,,,,,,,,,,,,,,,,,,,,avibase-E4573453,African Hoopoe U. (e.) africana ,,
430,Upupidae,Hoopoe,Forest Wood-hoopoe,Phoeniculus castaneiceps,,,,TRUE,TRUE,,,,,,,,,,,,,,,,,,,,,526,475,avibase-8CC7216A,Forest Wood-hoopoe Phoeniculus castaneiceps Hist. Ex,,Formerly listed under Phoenicilidae
431,Upupidae,Hoopoe,White-headed Wood-hoopoe,Phoeniculus bollei,,,,,,,,,,,,,,,,,,,,,,,,,,525,476,avibase-D1FFB474,White-headed Wood-hoopoe Phoeniculus bollei,,Formerly listed under Phoenicilidae
432,Upupidae,Hoopoe,Green Wood-hoopoe,Phoeniculus purpureus,,,,,,,,,,,,,,,,,,,,,,,,,,527,477,avibase-28CACA8F,Green Wood-hoopoe Phoeniculus purpureus,,Formerly listed under Phoenicilidae
433,Upupidae,Hoopoe,Black-billed Wood-hoopoe,Phoeniculus somaliensis,,,,,,,,,,,,,,,,,,,,,,,,,,528,478,avibase-68A80086,Black-billed Wood-hoopoe Phoeniculus somaliensis,,Formerly listed under Phoenicilidae
434,Upupidae,Hoopoe,Violet Wood-Hoopoe,Phoeniculus damarensis,,,,,,,,,,,,,,,,,,,,,,,,,,529,479,avibase-76FAC9A5,Violet Wood-hoopoe Phoeniculus damarensis,,Formerly listed under Phoenicilidae
435,Upupidae,Hoopoe,Common Scimitarbill,Rhinopomastus cyanomelas,,,,,,,,,,,,,,,,,,,,,,,,,,530,480,avibase-B0DD1318,Common Scimitarbill Rhinopomastus cyanomelas,,Formerly listed under Phoenicilidae
436,Upupidae,Hoopoe,Abyssinian Scimitarbill,Rhinopomastus minor,,,,,,,,,,,,,,,,,,,,,,,,,,532,481,avibase-46847C50,Abyssinian Scimitarbill Rhinopomastus minor,,Formerly listed under Phoenicilidae
437,Indicatoridae,Honeyguides,Cassin's Honeybird,Prodotiscus insignis,,,,,,,,,,,,,,,,,,,,,,,,,,595,516,avibase-7884F0D6,Cassin’s Honeybird Prodotiscus insignis,,
438,Indicatoridae,Honeyguides,Green-backed Honeybird,Prodotiscus zambesiae,,,,,,,,,,,,,,,,,,,,,,,,,,596,517,avibase-B20CDCE3,Green-backed Honeybird Prodotiscus zambesiae,Called the Eastern Honeybird in the 1996 list,
439,Indicatoridae,Honeyguides,Wahlberg's Honeybird,Prodotiscus regulus,,,,,,,,,,,,,,,,,,,,,,,,,,597,518,avibase-8DB3F1A2,Wahlberg’s Honeybird Prodotiscus regulus,,
440,Indicatoridae,Honeyguides,Pallid Honeyguide,Indicator meliphilus,,,,,,,,,,,,,,,,,,,,,,,,,,592,519,avibase-5B74A911,Pallid Honeyguide Indicator meliphilus,,
441,Indicatoridae,Honeyguides,Least Honeyguide,Indicator exilis,,,,,,,,,,,,,,,,,,,,,,,,,,589,520,avibase-BFF3AA65,Least Honeyguide Indicator exilis,,
441.1,Indicatoridae,Honeyguides,Lesser Honeyguide,Indicator minor,,,,,,,,,,,,,,,,,,,,,,,,,,587,521,avibase-50F3668C,Lesser Honeyguide Indicator minor,,
441.2,Indicatoridae,Honeyguides,Lesser Honeyguide,Indicator minor,,,,,,,,,,,,,,,,,,,,,,,,,,,,avibase-E9ED7248,Lesser Honeyguide I. minor,Includes Thick-billed Honeyguide Indicator minor conirsotris which was treated as a separate species in the 1996 list,
441.3,Indicatoridae,Honeyguides,Thick-billed Honeyguide,Iindicator (minor) conirostris,,,,,,,,,,,,,,,,,,,,,,,,,,,,avibase-0AC6CF82,Thick-billed Honeyguide I. (m.) conirostris,,
442,Indicatoridae,Honeyguides,Scaly-throated Honeyguide,Indicator variegatus,,,,,,,,,,,,,,,,,,,,,,,,,,585,522,avibase-7EF4C99C,Scaly-throated Honeyguide Indicator variegatus,,
443,Indicatoridae,Honeyguides,Greater Honeyguide,Indicator indicator,,,,,,,,,,,,,,,,,,,,,,,,,,586,523,avibase-862749B0,Greater Honeyguide Indicator indicator,,
444,Picidae,Wrynecks and Woodpeckers,Eurasian Wryneck,Jynx torquilla,,,,,,,,,,,,TRUE,,,,,,,,,,,,,,598,524,avibase-B2E6AB9F,Eurasian Wryneck Jynx torquilla PM,Near Threatened,
445,Picidae,Wrynecks and Woodpeckers,Red-throated Wryneck,Jynx ruficollis,,,,,,,,,,,,,,,,,,,,,,,,,,599,525,avibase-93EC5E12,Red-throated Wryneck Jynx ruficollis,,The genus Pardipicus follows Dowsett (pers. comm.) and Turner (in prep)
446,Picidae,Wrynecks and Woodpeckers,Buff-spotted Woodpecker,Pardipicus nivosus,,,,,,,,,,,,,,,,,,,,,,,,,,607,532,avibase-02E56D98,Buff-spotted Woodpecker Pardipicus nivosus,,
447,Picidae,Wrynecks and Woodpeckers,Brown-eared Woodpecker,Pardipicus caroli,,,,,,,,,,,,,,,,,,,,,,,,,,608,533,avibase-01C9752D,Brown-eared Woodpecker Pardipicus caroli,,
448,Picidae,Wrynecks and Woodpeckers,Nubian Woodpecker,Campethera nubica,,,,,,,,,,,,,,,,,,,,,,,,,,601,526,avibase-70170649,Nubian Woodpecker Campethera nubica,,
449,Picidae,Wrynecks and Woodpeckers,Golden-tailed Woodpecker,Campethera abingoni,,,,,,,,,,,,,,,,,,,,,,,,,,603,527,avibase-CD2F7C98,Golden-tailed Woodpecker Campethera abingoni,,
450,Picidae,Wrynecks and Woodpeckers,Mombasa Woodpecker,Campethera mombassica,,,,,,,,,,,,,,,,,,,,,,,,,,604,528,avibase-BA63C545,Mombasa Woodpecker Campethera mombassica,,
451,Picidae,Wrynecks and Woodpeckers,Green-backed Woodpecker,Campethera cailliautii,,,,,,,,,,,,,,,,,,,,,,,,,,605,529,avibase-BD7C4F70,Green-backed Woodpecker Campethera cailliautii,,
452,Picidae,Wrynecks and Woodpeckers,Reichenow’s (Speckle-throated) Woodpecker,Campethera scriptoricauda,,,,TRUE,TRUE,,,,,,,,,,,,,,,,,,,,,602,530,avibase-C5585051,Reichenow’s (Speckle-throated) Woodpecker Campethera scriptoricauda Hist. Ex,,In the 2009 Checklist it was referred to as Bennett’s Woodpecker C. bennettii
453,Picidae,Wrynecks and Woodpeckers,Fine-banded Woodpecker,Campethera taeniolaema (race hausbergi),,,TRUE,,,,,,,,,,,,,,,,,,,,,,,606,531,avibase-D0A5FADB,Fine-banded Woodpecker Campethera taeniolaema (race hausbergi E),,
454,Picidae,Wrynecks and Woodpeckers,Speckle-breasted Woodpecker,Dendropicos poecilolaemus,,,,,,,,,,,,,,,,,,,,,,,,,,609,534,avibase-739A97EE,Speckle-breasted Woodpecker Dendropicos poecilolaemus,,
455,Picidae,Wrynecks and Woodpeckers,Cardinal Woodpecker,Dendropicos fuscescens,,,,,,,,,,,,,,,,,,,,,,,,,,610,535,avibase-0A241B83,Cardinal Woodpecker Dendropicos fuscescens,IO,
456,Picidae,Wrynecks and Woodpeckers,African Grey Woodpecker,Mesopicus goertae,,,,,,,,,,,,,,,,,,,,,,,,,,616,538,avibase-E5DF48FC,African Grey Woodpecker Mesopicus goertae,,
457,Picidae,Wrynecks and Woodpeckers,Eastern Grey (Grey-headed) Woodpecker,Mesopicus spodocephalus ,,,,,,,,,,,,,,,,,,,,,,,,,,,,avibase-902E9F69,Eastern Grey (Grey-headed) Woodpecker Mesopicus spodocephalus ,,
458,Picidae,Wrynecks and Woodpeckers,Brown-backed Woodpecker,Mesopicus obsoletus,,,,,,,,,,,,,,,,,,,,,,,,,,618,539,avibase-9FF4EDB5,Brown-backed Woodpecker Mesopicus obsoletus,This and the next two species were in Hieraaetus in the 1996 list,
459,Picidae,Wrynecks and Woodpeckers,Bearded Woodpecker,Chloropicos namaquus,,,,,,,,,,,,,,,,,,,,,,,,,,613,536,avibase-77D82F60,Bearded Woodpecker Chloropicos namaquus,,
460,Picidae,Wrynecks and Woodpeckers,Yellow-crested Woodpecker,Chloropicos xantholophus,,,,,,,,,,,,,,,,,,,,,,,,,,614,537,avibase-2700C97D,Yellow-crested Woodpecker Chloropicos xantholophus,,
461,Rhamphastidae (Lybiinae),Barbets and Tinkerbirds,Red-and-yellow Barbet,Trachyphonus erythrocephalus,,,,,,,,,,,,,,,,,,,,,,,,,,552.5,493.5,avibase-570C1121,Red-and-yellow Barbet Trachyphonus erythrocephalus,,
462,Rhamphastidae (Lybiinae),Barbets and Tinkerbirds,D'Arnaud's Barbet,Trachyphonus darnaudii,,,,,,,,,,,,,,,,,,,,,,,,,,583,515,avibase-1953C1D6,D’Arnaud’s Barbet Trachyphonus darnaudii,"Some authors formerly considered the race usambiro as a separate species, the Usambiro Barbet",
462.1,Rhamphastidae (Lybiinae),Barbets and Tinkerbirds,D'Arnaud's Barbet,Trachyphonus darnaudii,,,,,,,,,,,,,,,,,,,,,,,,,,,,avibase-E6D52EF7,D’Arnaud’s Barbet T. darnaudii,,
462.2,Rhamphastidae (Lybiinae),Barbets and Tinkerbirds,Usambiro Barbet,Trachyphonus (darnaudii) usambiro,,,,,,,,,,,,,,,,,,,,,,,,,,,,avibase-55E9B668,Usambiro Barbet T. (d.) usambiro,,
463,Rhamphastidae (Lybiinae),Barbets and Tinkerbirds,Yellow-spotted Barbet,Buccanodon duchaillui,,,,,,,,,,,,,,,,,,,,,,,,,,566,503,avibase-56790B57,Yellow-spotted Barbet Buccanodon duchaillui,,
464,Rhamphastidae (Lybiinae),Barbets and Tinkerbirds,Green Barbet,Cryptolybia olivacea,,,,,,,,,,,,,,,,,,,,,,,,,,556,496,avibase-4568986F,Green Barbet Cryptolybia olivacea,,
465,Rhamphastidae (Lybiinae),Barbets and Tinkerbirds,Grey-throated (Grey-headed) Barbet,Gymnobucco bonapartei (race cinereiceps),,,,,,,,,,,,,,,,,,,,,,,,,,553,494,avibase-95054CA5,Grey-throated (Grey-headed) Barbet Gymnobucco bonapartei ,,"Race in Kenya is cinereiceps. Should cinereiceps be accepted as a separate species, English name will become Grey-headed Barbet"
466,Rhamphastidae (Lybiinae),Barbets and Tinkerbirds,White-eared Barbet,Stactolaema leucotis,,,,,,,,,,,,,,,,,,,,,,,,,,554,495,avibase-6C81D39B,White-eared Barbet Stactolaema leucotis,,
467,Rhamphastidae (Lybiinae),Barbets and Tinkerbirds,Speckled Tinkerbird,Pogoniulus scolopaceus,,,,,,,,,,,,,,,,,,,,,,,,,,557,497,avibase-EEA161A8,Speckled Tinkerbird Pogoniulus scolopaceus Ex,,
468,Rhamphastidae (Lybiinae),Barbets and Tinkerbirds,Green Tinkerbird,Pogoniulus simplex,,,,,,,,,,,,,,,,,,,,,,,,,,559,498,avibase-5238FF10,Green Tinkerbird Pogoniulus simplex,,
469,Rhamphastidae (Lybiinae),Barbets and Tinkerbirds,Moustached Tinkerbird,Pogoniulus leucomystax,,,,,,,,,,,,,,,,,,,,,,,,,,560,499,avibase-7BEB0003,Moustached Tinkerbird Pogoniulus leucomystax,Called the Moustached Green Tinkerbird in the 1996 list,
470,Rhamphastidae (Lybiinae),Barbets and Tinkerbirds,Yellow-rumped Tinkerbird,Pogoniulus bilineatus,,,,,,,,,,,,,,,,,,,,,,,,,,,,avibase-7749C92B,"Lemon-rumped Tinkerbird Pogoniulus leucolaimus (Nwankwo et al., 2018)",,In the 2009 checklist it was referred to as Yellow-rumped Tinkerbird P. bilineatus
470.1,Rhamphastidae (Lybiinae),Barbets and Tinkerbirds,Lemon-rumped Tinkerbird,Pogoniulus leucolaimus,,,,,,,,,,,,,,,,,,,,,,,,,,,,avibase-6B28B3A1,"Lemon-rumped Tinkerbird Pogoniulus leucolaimus (Nwankwo et al., 2018)",,In the 2009 checklist it was referred to as Yellow-rumped Tinkerbird P. bilineatus
471,Rhamphastidae (Lybiinae),Barbets and Tinkerbirds,Fischer’s (Coastal) Tinkerbird,Pogoniulus fischeri,,,,,,,,,,,,,,,,,,,,,,,,,,,,avibase-35C11126,"Fischer’s (Coastal) Tinkerbird Pogoniulus fischeri (Nwankwo et al., 2018)",,Previously treated as a subspecies of Yellow-rumped Tinkerbird P. bilineatus
472,Rhamphastidae (Lybiinae),Barbets and Tinkerbirds,Red-fronted Tinkerbird,Pogoniulus pusillus,,,,,,,,,,,,,,,,,,,,,,,,,,564,501,avibase-A4CF3B9E,Red-fronted Tinkerbird Pogoniulus pusillus,,
473,Rhamphastidae (Lybiinae),Barbets and Tinkerbirds,Yellow-fronted Tinkerbird,Pogoniulus chrysoconus,,,,,,,,,,,,,,,,,,,,,,,,,,565,502,avibase-2F467821,Yellow-fronted Tinkerbird Pogoniulus chrysoconus,,
474,Rhamphastidae (Lybiinae),Barbets and Tinkerbirds,Hairy-breasted Barbet,Tricholaema hirsuta,,,,,,,,,,,,,,,,,,,,,,,,,,567,504,avibase-915DABE2,Hairy-breasted Barbet Tricholaema hirsuta,,
475,Rhamphastidae (Lybiinae),Barbets and Tinkerbirds,Red-fronted Barbet,Tricholaema diademata,,,,,,,,,,,,,,,,,,,,,,,,,,564,505,avibase-3E3AFB25,Red-fronted Barbet Tricholaema diademata,,
476,Rhamphastidae (Lybiinae),Barbets and Tinkerbirds,Spot-flanked Barbet,Tricholaema lacrymosa,,,,,,,,,,,,,,,,,,,,,,,,,,570,506,avibase-F1CCA0AA,Spot-flanked Barbet Tricholaema lacrymosa,,
477,Rhamphastidae (Lybiinae),Barbets and Tinkerbirds,Black-throated Barbet,Tricholaema melanocephala,,,,,,,,,,,,,,,,,,,,,,,,,,571,507,avibase-F03BE6C3,Black-throated Barbet Tricholaema melanocephala,,
478,Rhamphastidae (Lybiinae),Barbets and Tinkerbirds,White-headed Barbet,Lybius leucocephalus,,,,,,,,,,,,,,,,,,,,,,,,,,572,508,avibase-BCA0F974,White-headed Barbet Lybius leucocephalus,,
478.1,Rhamphastidae (Lybiinae),Barbets and Tinkerbirds,White-headed Barbet,Lybius leucocephalus leucocephalus/albicauda,,,,,,,,,,,,,,,,,,,,,,,,,,,,avibase-408639E6,White-headed Barbet L. l. leucocephalus/albicauda,,
478.2,Rhamphastidae (Lybiinae),Barbets and Tinkerbirds,Snowy (Brown-and-white) Barbet,Lybius (leucocephalus) senex,,,TRUE,,,,,,,,,,,,,,,,,,,,,,,,,avibase-B91DD3C8,Snowy (Brown-and-white) Barbet L. (l.) senex E,,
479,Rhamphastidae (Lybiinae),Barbets and Tinkerbirds,Black-billed Barbet,Lybius guifsobalito,,,,,,,,,,,,,,,,,,,,,,,,,,574,509,avibase-0D419595,Black-billed Barbet Lybius guifsobalito,,
480,Rhamphastidae (Lybiinae),Barbets and Tinkerbirds,Black-collared Barbet,Lybius torquatus,,,,,,,,,,,,,,,,,,,,,,,,,,575,510,avibase-8C50CB2D,Black-collared Barbet Lybius torquatus,,
481,Rhamphastidae (Lybiinae),Barbets and Tinkerbirds,Brown-breasted Barbet,Pogornornis melanopterus,,,,,,,,,,,,,,,,,,,,,,,,,,576,511,avibase-724266B4,Brown-breasted Barbet Pogornornis melanopterus,,
482,Rhamphastidae (Lybiinae),Barbets and Tinkerbirds,Double-toothed Barbet,Pogornornis bidentatus,,,,,,,,,,,,,,,,,,,,,,,,,,578,512,avibase-439FE608,Double-toothed Barbet Pogornornis bidentatus,,
483,Rhamphastidae (Lybiinae),Barbets and Tinkerbirds,Yellow-billed Barbet,Trachylaemus purpuratus,,,,,,,,,,,,,,,,,,,,,,,,,,580,513,avibase-75DF194C,Yellow-billed Barbet Trachylaemus purpuratus,,
484,Meropidae,Bee-eaters,Blue-headed Bee-eater,Merops muelleri,,,,,,,,,,,,,,,,,,,,,,,,,,509,461,avibase-72CAA64D,Blue-headed Bee-eater Merops muelleri,,
485,Meropidae,Bee-eaters,Swallow-tailed Bee-eater,Merops hirundineus,,,,,,,,,,,,,,TRUE,,,,,,,,,,,,515,462,avibase-910E6D86,Swallow-tailed Bee-eater Merops hirundineus Rar.,,
486,Meropidae,Bee-eaters,Little Bee-eater,Merops pusillus,,,,,,,,,,,,,,,,,,,,,,,,,,512,463,avibase-C0A68CA0,Little Bee-eater Merops pusillus,,
487,Meropidae,Bee-eaters,Blue-breasted Bee-eater,Merops variegatus,,,,,,,,,,,,,,,,,,,,,,,,,,513,464,avibase-A90C512F,Blue-breasted Bee-eater Merops variegatus,,
488,Meropidae,Bee-eaters,Cinnamon-chested Bee-eater,Merops lafresnayii,,,,,,,,,,,,,,,,,,,,,,,,,,514,465,avibase-B85B93BB,Cinnamon-chested Bee-eater Merops lafresnayii,,
489,Meropidae,Bee-eaters,White-fronted Bee-eater,Merops bullockoides,,,,,,,,,,,,,,,,,,,,,,,,,,511,466,avibase-38507A80,White-fronted Bee-eater Merops bullockoides,,
490,Meropidae,Bee-eaters,Somali Bee-eater,Merops revoilii,,,,,,,,,,,,,,,,,,,,,,,,,,516,467,avibase-AFA39D5A,Somali Bee-eater Merops revoilii,,
491,Meropidae,Bee-eaters,White-throated Bee-eater,Merops albicollis,TRUE,,,,,,,,,,,,,,,,,,,,,,,,,505,468,avibase-03C4A0C9,White-throated Bee-eater Merops albicollis AM,,
492,Meropidae,Bee-eaters,Blue-cheeked Bee-eater,Merops persicus,,,,,,,,,,,,TRUE,,,,,,,,,,,,,,502,469,avibase-6EE45113,Blue-cheeked Bee-eater Merops persicus PM,IO,
493,Meropidae,Bee-eaters,Madagascar Bee-eater,Merops superciliosus,,TRUE,,,,,,,,,,,,,,,,,,,,,,,,503,470,avibase-AC89B8FF,"Madagascar Bee-eater Merops superciliosus am, mm",IO,
494,Meropidae,Bee-eaters,Eurasian Bee-eater,Merops apiaster,,,,,,,,,,,,TRUE,,,,,,,,,,,,,,501,471,avibase-66AA3934,Eurasian Bee-eater Merops apiaster PM,,
495,Meropidae,Bee-eaters,Northern Carmine Bee-eater,Merops nubicus,TRUE,,,,,,,,,,,,,,,,,,,,,,,,,504,472,avibase-2125426A,Northern Carmine Bee-eater Merops nubicus AM,,
496,Meropidae,Bee-eaters,Southern Carmine Bee-eater,Merops nubicoides,,,,,,,,,,,,,,TRUE,,,,,,,,,TRUE,,,504,473,avibase-B34CB92A,Southern Carmine Bee-eater Merops nubicoides VSA Rar.,,
497,Coraciidae,Rollers,Rufous-crowned Roller,Coracias naevius,,TRUE,,,,,,,,,,,,,,,,,,,,,,,,521,444,avibase-2624054E,Rufous-crowned (Purple) Roller Coracias naevius am,The specifiepithets changed to -us (from -a) endings following David & Gosselin (2002b) for this and the next two species,
498,Coraciidae,Rollers,Lilac-breasted Roller,Coracias caudatus,,TRUE,,,,,,,,,,,,,,,,,,,,,,,,519,445,avibase-9E9B6EF9,Lilac-breasted Roller Coracias caudatus am,,
499,Coraciidae,Rollers,Racquet-tailed Roller,Coracias spatulatus,,,,,,,,,,,,,,TRUE,,,,,,,,,,,,,,avibase-BB456342,Racquet-tailed Roller Coracias spatulatus Rar.,,
500,Coraciidae,Rollers,Abyssinian Roller,Coracias abyssinicus,,,,,,,,,,,,,,,,,,,,,,,,,,518,446,avibase-E7C7EE3A,Abyssinian Roller Coracias abyssinicus,,
501,Coraciidae,Rollers,Eurasian Roller,Coracias garrulus,,,,,,,,,,,,TRUE,,,,,,,,,,,,,,517,447,avibase-7451A628,European Roller Coracias garrulus PM,,
502,Coraciidae,Rollers,Broad-billed Roller,Eurystomus glaucurus,TRUE,,,,,,TRUE,,,,,,,,,,,,,,,,,,,522,448,avibase-4F01F416,Broad-billed Roller Eurystomus glaucurus AM MM,,
503,Alcedinidae,Kingfishers,African Pygmy Kingfisher,Ispidina picta,,TRUE,,,,,,,,,,,,,,,,,,,,,,TRUE,,497,455,avibase-C0998BB9,African Pygmy Kingfisher Ispidina picta am,,
504,Alcedinidae,Kingfishers,Malachite Kingfisher,Corythornis cristatus,,,,,,,,,,,,,,,,,,,,,,,,TRUE,,495,456,avibase-7149F93D,Malachite Kingfisher Corythornis cristatus,,
505,Alcedinidae,Kingfishers,Shining-blue Kingfisher,Alcedo quadribrachys,,,,,,,,,,,,,,,,,,,,,,,,TRUE,,494,457,avibase-A376DE65,Shining-blue Kingfisher Alcedo quadribrachys,,
506,Alcedinidae,Kingfishers,Semi-collared Kingfisher,Alcedo semitorquata,,,,,,,,,,,,,,,,,,,,,,,,TRUE,,493,458,avibase-F9F5CAB0,Semi-collared Kingfisher Alcedo semitorquata,Called the Half-collared Kingfisher in the 1996 list,
507,Alcedinidae,Kingfishers,Giant Kingfisher,Megaceryle maxima,,,,,,,,,,,,,,,,,,,,,,,,TRUE,,499,459,avibase-F51C1C4A,Giant Kingfisher Megaceryle maxima,,
508,Alcedinidae,Kingfishers,Pied Kingfisher,Ceryle rudis,,,,,,,,,,,,,,,,,,,,,,,,TRUE,,500,460,avibase-8205077F,Pied Kingfisher Ceryle rudis,,
509,Alcedinidae,Kingfishers,Grey-headed Kingfisher,Halcyon leucocephala,,TRUE,,,,,,,,,,,,,,,,,,,,,,TRUE,,486,449,avibase-178B6892,Grey-headed Kingfisher Halcyon leucocephala am,,
510,Alcedinidae,Kingfishers,Brown-hooded Kingfisher,Halcyon albiventris,,,,,,,,,,,,,,,,,,,,,,,,TRUE,,487,450,avibase-C5D3CB2A,Brown-hooded Kingfisher Halcyon albiventris,,
511,Alcedinidae,Kingfishers,Striped Kingfisher,Halcyon chelicuti,,,,,,,,,,,,,,,,,,,,,,,,TRUE,,491,451,avibase-AB51824B,Striped Kingfisher Halcyon chelicuti,,
512,Alcedinidae,Kingfishers,Blue-breasted Kingfisher,Halcyon malimbica,,,,,,,,,,TRUE,,,,,,,,,,,,,,TRUE,,490,452,avibase-0D8BDD35,Blue-breasted Kingfisher Halcyon malimbica NRR,"The only records are of 2–3 birds, 29 November 1993 – mid July 1996, Busia District, western Kenya",
513,Alcedinidae,Kingfishers,Woodland Kingfisher,Halcyon senegalensis,,TRUE,,,,,,,,,,,,,,,,,,,,,,TRUE,,488,453,avibase-47E71671,Woodland Kingfisher Halcyon senegalensis am,,
514,Alcedinidae,Kingfishers,Mangrove Kingfisher,Halcyon senegaloides,TRUE,,,,,,,,,,,,,,,,,,,,,,,TRUE,,489,454,avibase-1F360691,Mangrove Kingfisher Halcyon senegaloides AM,,
515,Falconidae,Falcons,Pygmy Falcon,Polihierax semitorquatus,,,,,,,,,,,,,,,,,,,,,,,,,,159,111,avibase-3B52D2B8,(African) Pygmy Falcon Polihierax semitorquatus,,
516,Falconidae,Falcons,Lesser Kestrel,Falco naumanni,,,,,,,,,,,,TRUE,,,,,,,,,,,,,,176,112,avibase-BECA271F,Lesser Kestrel Falco naumanni PM,,
517,Falconidae,Falcons,Common Kestrel,Falco tinnunculus,,,,,,,,,,,,,,,,,,,,,,,,,,177,113,avibase-2DAB45B8,Common Kestrel Falco tinnunculus ,"pm, The resident race rufescens is often called the Rock Kestrel",
517.1,Falconidae,Falcons,Common Kestrel,Falco tinnunculus tinnunculus,,,,,,,,,,,,TRUE,,,,,,,,,,,,,,,,avibase-A76838A0,Common Kestrel F. t. tinnunculus PM,"pm, The resident race rufescens is often called the Rock Kestrel",
517.2,Falconidae,Falcons,Rock Kestrel,Falco (tinnunculus) rufescens,,,,,,,,,,,,,,,,,,,,,,,,,,,,avibase-2BD7F8B5,Rock Kestrel F. (t.) rufescens,,
518,Falconidae,Falcons,Greater Kestrel,Falco rupicoloides,,,,,,,,,,,,,,,,,,,,,,,,,,173,114,avibase-2E4DAA13,Greater Kestrel Falco rupicoloides,,
519,Falconidae,Falcons,Fox Kestrel,Falco alopex,,,,,,,,,,,,,,,,,,,,,,,,,,174,115,avibase-D2CAA18B,Fox Kestrel Falco alopex,,
520,Falconidae,Falcons,Grey Kestrel,Falco ardosiaceus,,,,,,,,,,,,,,,,,,,,,,,,,,175,116,avibase-3F2BA4F7,Grey Kestrel Falco ardosiaceus,Specifiepithet spelled ardosiacus in the 1996 list,
521,Falconidae,Falcons,Dickinson's Kestrel,Falco dickinsoni,,,,,,,,,,TRUE,,,,,,,,,,,,,,,,170,117,avibase-CA34C05A,Dickinson’s Kestrel Falco dickinsoni NRR,,
522,Falconidae,Falcons,Red-necked Falcon,Falco chiquera,,,,,,,,,,,,,,,,,,,,,,,,,,167,118,avibase-6A64EFCB,Red-necked Falcon Falco chiquera ,,Sometimes split from Asian Red-headed Falcon F.chiquera as F. ruficollis.
523,Falconidae,Falcons,Red-footed Falcon,Falco vespertinus,,,,,,,,,,,,TRUE,,,,,,,,,,,,,,169,119,avibase-997A9437,Red-footed Falcon Falco vespertinus PM,,
524,Falconidae,Falcons,Amur Falcon,Falco amurensis,,,,,,,,,,,,TRUE,,,,,,,,,,,,,,168,120,avibase-E6137E65,Amur Falcon Falco amurensis PM,PM,
525,Falconidae,Falcons,Eleonora's Falcon,Falco eleonorae,,,,,,,,,,,,TRUE,,,,,,,,,,,,,,171,121,avibase-9EA1F12D,Eleonora’s Falcon Falco eleonorae PM,,
526,Falconidae,Falcons,Sooty Falcon,Falco concolor,,,,,,,,,,,,TRUE,,,,,,,,,,,,,,172,122,avibase-BD34FDFD,Sooty Falcon Falco concolor PM,,
527,Falconidae,Falcons,Eurasian Hobby,Falco subbuteo,,,,,,,,,,,,TRUE,,,,,,,,,,,,,,165,123,avibase-E91E287A,Eurasian Hobby Falco subbuteo PM,PM,
528,Falconidae,Falcons,African Hobby,Falco cuvierii,,,,,,,,,,,,,,,,,,,,,,,,,,166,124,avibase-F56A73BF,African Hobby Falco cuvierii,,
529,Falconidae,Falcons,Lanner Falcon,Falco biarmicus,,,,,,,,,,,,,,,,,,,,,,,,,,160,125,avibase-3D3808E3,Lanner Falcon Falco biarmicus,,
530,Falconidae,Falcons,Saker Falcon,Falco cherrug,,,,,,,,,,,,TRUE,,,,,,,,,,,,,,161,126,avibase-A9F51494,Saker Falcon Falco cherrug PM,,
531,Falconidae,Falcons,Peregrine Falcon,Falco peregrinus,,,,,,,,,,,,,,,,,,,,,,,,,,162,127,avibase-47E58408,"Peregrine Falcon Falco peregrinus (White et al., 2013; Forsman, 2016)",,
531.1,Falconidae,Falcons,Peregrine Falcon ,Falco peregrinus,,,,,,,,,,,,TRUE,,,,,,,,,,,,,,,,avibase-B46C6125,Peregrine Falcon Falco peregrinus pm,,
531.2,Falconidae,Falcons,Barbary Falcon,Falco (peregrinus) pelegrinoides,,,,,,,,,,,,TRUE,,,,,,,,,,,,,,163,128,avibase-A113792C,Barbary Falcon Falco (p.) pelegrinoides PM,,
532,Falconidae,Falcons,Taita Falcon,Falco fasciinucha,,,,,,,,,,,,,,,,,,,,,,,,,,164,129,avibase-9A4AA945,Taita Falcon Falco fasciinucha ,,
533,Psittacidae,African Parrots,Grey Parrot,Psittacus erithacus,,,,,,,,,,,,,,,,,,,,,,,,,,378,356,avibase-A20878F0,Grey Parrot Psittacus erithacus,,
534,Psittacidae,African Parrots,Red-fronted Parrot,Poicephalus gulielmi,,,,,,,,,,,,,,,,,,,,,,,,,,380,357,avibase-83D329B5,Red-fronted Parrot Poicephalus gulielmi,,
535,Psittacidae,African Parrots,Brown (Meyer’s) Parrot ,Poicephalus meyeri,,,,,,,,,,,,,,,,,,,,,,,,,,381,358,avibase-0ECD9D58,Brown (Meyer’s) Parrot Poicephalus meyeri,Called Brown Parrot in the 1996 list,
536,Psittacidae,African Parrots,Brown-headed Parrot,Poicephalus cryptoxanthus,,,,,,,,,,,,,,,,,,,,,,,,,,382,359,avibase-4A039821,Brown-headed Parrot Poicephalus cryptoxanthus,,
537,Psittacidae,African Parrots,African Orange-bellied Parrot,Poicephalus rufiventris,,,,,,,,,,,,,,,,,,,,,,,,,,383,360,avibase-69661C7D,African Orange-bellied (Red-bellied) Parrot Poicephalus rufiventris,,
538,Psitaculidae,Lovebirds,Red-headed Lovebird,Agapornis pullarius,,,,,,,,,,,,,,,,,,,,,,,,,,384,352,avibase-1E2EC99C,Red-headed Lovebird Agapornis pullarius,,Formerly listed under Psittacidae
539,Psitaculidae,Lovebirds,Yellow-collared Lovebird,Agapornis personatus,,,,,,,,,,,,,,,,,,,,,,,,,,387,353,avibase-4396F4F1,Yellow-collared Lovebird Agapornis personatus Introduced,Feral birds continue breed around Mombasa,
540,Psitaculidae,Lovebirds,Fischer’s Lovebird,Agapornis fischeri,,,,,,,,,,,,,,,,,,,,,,,,,,386,354,avibase-E1EE00F7,Fischer’s Lovebird Agapornis fischeri Introduced,,
541,Psitaculidae,Lovebirds,Hybrid Lovebird,Agapornis fischeri x personatus ,,,,,,,,,,,,,,,,,,,,,,,,,,387.1,355,avibase-7B0E2F01,Hybrid Lovebird Agapornis fischeri x personatus Introduced,,
542,Pittidae,Pittas,African Pitta,Pitta angolensis,TRUE,,,,,,,,,,,,,,,,,,,,,,,,,621.5,541,avibase-373286B2,African Pitta Pitta angolensis AM,,
543,Calyptomenidae,African Broadbill,African Broadbill,Smithornis capensis,,,,,,,,,,,,,,,,,,,,,,,,,,618.5,540,avibase-9EE216F9,African Broadbill Smithornis capensis,,
544,Campephagidae,Cuckooshrikes,Grey Cuckooshrike,Ceblepyris caesia,,,,,,,,,,,,,,,,,,,,,,,,,,1075.5,582,avibase-C7B05F46,Grey Cuckooshrike Ceblepyris caesia,,
545,Campephagidae,Cuckooshrikes,White-breasted Cuckooshrike,Ceblepyris pectoralis,,,,,,,,,,TRUE,,,,,,,,,,,,,,,,1081,583,avibase-6E682612,White-breasted Cuckooshrike Ceblepyris pectoralis NRR,,"In the 2009 Checklist, the above two species were placed in the genus Coracina"
546,Campephagidae,Cuckooshrikes,Black Cuckooshrike,Campephaga flava,,TRUE,,,,,,,,,,,,,,,,,,,,,,,,1076,584,avibase-F9031A09,Black Cuckooshrike Campephaga flava am,,
547,Campephagidae,Cuckooshrikes,Red-shouldered Cuckooshrike,Campephaga phoenicea,,,,,,,,,,,,,,,,,,,,,,,,,,1077,585,avibase-439F76D1,Red-shouldered Cuckooshrike Campephaga phoenicea,,
548,Campephagidae,Cuckooshrikes,Petit's Cuckooshrike,Campephaga petiti,,,,,,,,,,,,,,,,,,,,,,,,,,1078,586,avibase-95A02709,Petit’s Cuckooshrike Campephaga petiti,,
549,Campephagidae,Cuckooshrikes,Purple-throated Cuckooshrike,Campephaga quiscalina,,,,,,,,,,,,,,,,,,,,,,,,,,1079,587,avibase-37D0D696,Purple-throated Cuckooshrike Campephaga quiscalina,,
550,Oriolidae,Orioles,Eurasian Golden Oriole,Oriolus oriolus,,,,,,,,,,,,TRUE,,,,,,,,,,,,,,1084.5,603,avibase-92A772BB,Eurasian Golden Oriole Oriolus oriolus PM,,
551,Oriolidae,Orioles,African Golden Oriole,Oriolus auratus,TRUE,,,,,,,,,,,,,,,,,,,,,,,,,1086,604,avibase-D4866EAE,African Golden Oriole Oriolus auratus AM,,
552,Oriolidae,Orioles,Green-headed Oriole,Oriolus chlorocephalus,,,,,,,,,,,,,,,,,,,,,,,,,,1090,605,avibase-4321596C,Green-headed Oriole Oriolus chlorocephalus,,
553,Oriolidae,Orioles,Western Black-headed Oriole,Oriolus brachyrynchus,,,,,,,,,,,,,,,,,,,,,,,,,,1089,606,avibase-418C7CCB,Western Black-headed Oriole Oriolus brachyrynchus,,
554,Oriolidae,Orioles,Montane Oriole,Oriolus percivali,,,,,,,,,,,,,,,,,,,,,,,,,,1088,607,avibase-95A2F6E7,Montane Oriole Oriolus percivali,,
555,Oriolidae,Orioles,Black-headed Oriole,Oriolus larvatus,,,,,,,,,,,,,,,,,,,,,,,,,,1087,608,avibase-BE62734A,Eastern Black-headed Oriole Oriolus larvatus,,
556,Platysteiridae,"Batises, Wattle-eyes and Allies",Forest Batis,Batis mixta,,,,,,,,,,,,,,,,,,,,,,,,,,1011,547,avibase-D91540DE,Forest Batis Batis mixta,Batis mixta ultima E,
557,Platysteiridae,"Batises, Wattle-eyes and Allies",Chin-spot Batis,Batis molitor,,,,,,,,,,,,,,,,,,,,,,,,,,1013,548,avibase-C5C38D98,Chin-spot Batis Batis molitor,,
558,Platysteiridae,"Batises, Wattle-eyes and Allies",Grey-headed Batis,Batis orientalis,,,,,TRUE,,,,,,,,,TRUE,,,,,,,,,,,,1015,549,avibase-A6DFFC15,Grey-headed Batis Batis orientalis Hist. Rar.,"The sole record is of two specimens, 24 October 1910, from Moyale",
559,Platysteiridae,"Batises, Wattle-eyes and Allies",East Coast (Pale) Batis,Batis soror,,,,,,,,,,,,,,,,,,,,,,,,,,1014,550,avibase-5A58B69A,East Coast (Pale) Batis Batis soror,,
560,Platysteiridae,"Batises, Wattle-eyes and Allies",Black-headed Batis,Batis minor,,,,,,,,,,,,,,,,,,,,,,,,,,1017,551,avibase-90D0D245,Eastern Black-headed Batis Batis minor,,
561,Platysteiridae,"Batises, Wattle-eyes and Allies",Western Black-headed Batis, Batis erlangeri,,,,,,,,,,,,,,,,,,,,,,,,,,,,avibase-DF7C8FC5,Western Black-headed Batis Batis erlangeri,,
562,Platysteiridae,"Batises, Wattle-eyes and Allies",Pygmy Batis,Batis perkeo,,,,,,,,,,,,,,,,,,,,,,,,,,1016,552,avibase-5C9DDB02,Pygmy Batis Batis perkeo,,
563,Platysteiridae,"Batises, Wattle-eyes and Allies",Chestnut Wattle-eye,Dyaphorophyia castanea,,,,,,,,,,,,,,,,,,,,,,,,,,1021,544,avibase-8D562259,Chestnut Wattle-eye Dyaphorophyia castanea,,
564,Platysteiridae,"Batises, Wattle-eyes and Allies",Jameson's Wattle-eye,Dyaphorophyia jamesoni,,,,,,,,,,,,,,,,,,,,,,,,,,1022,545,avibase-7DC78D7A,Jameson’s Wattle-eye Dyaphorophyia jamesoni,,
565,Platysteiridae,"Batises, Wattle-eyes and Allies",Yellow-bellied Wattle-eye,Dyaphorophyia concreta,,,,,,,,,,,,,,,,,,,,,,,,,,1023,546,avibase-3B66D504,Yellow-bellied Wattle-eye Dyaphorophyia concreta ,,If extralimital Rufous-bellied Wattle-eye is separated then Yellow-bellied becomes D. ansorgei
566,Platysteiridae,"Batises, Wattle-eyes and Allies",Brown-throated Wattle-eye,Platysteira cyanea,,,,,,,,,,,,,,,,,,,,,,,,,,1019,553,avibase-E15225F1,Brown-throated Wattle-eye Platysteira cyanea,Called the Common Wattle-eye in the 1996 list,
567,Platysteiridae,"Batises, Wattle-eyes and Allies",Black-throated Wattle-eye,Platysteira peltata,,,,,,,,,,,,,,,,,,,,,,,,,,1020,554,avibase-16935B44,Black-throated Wattle-eye Platysteira peltata,,
568,Vangidae (Prionopinae),Helmetshrikes and Shrike-flycatchers,White-crested Helmetshrike,Prionops plumatus,,TRUE,,,,,,,,,,,,,,,,,,,,,,,,1020.5,555,avibase-3996ECD0,White-crested Helmetshrike Prionops plumatus am,,Formerly listed under Malaconotidae
569,Vangidae (Prionopinae),Helmetshrikes and Shrike-flycatchers,Grey-crested Helmetshrike,Prionops poliolophus,,,,,,,,,,,,,,,,,,,,,,,,,,1026,556,avibase-1F2F7323,Grey-crested Helmetshrike Prionops poliolophus ,Near Threatened,Formerly listed under Malaconotidae
570,Vangidae (Prionopinae),Helmetshrikes and Shrike-flycatchers,Retz's Helmetshrike,Prionops retzii,,,,,,,,,,,,,,,,,,,,,,,,,,1027,557,avibase-5B9EA71C,Retz’s Helmetshrike Prionops retzii,,Formerly listed under Malaconotidae
571,Vangidae (Prionopinae),Helmetshrikes and Shrike-flycatchers,Chestnut-fronted Helmetshrike,Prionops scopifrons (race keniensis),,,TRUE,,,,,,,,,,,,,,,,,,,,,,,1028,558,avibase-E27EEDC5,Chestnut-fronted Helmetshrike Prionops scopifrons (race keniensis E),"Prionops scopifrons keniensis E, The following seven species had Bush-Shrike in their English names in the 1996 list",Formerly listed under Malaconotidae
572,Vangidae (Prionopinae),Helmetshrikes and Shrike-flycatchers,African Shrike-flycatcher,Megabyas flammulatus,,,,,,,,,,,,,,,,,,,,,,,,,,1008.5,542,avibase-18A968DB,African Shrike-flycatcher Megabyas flammulatus,Called the African Shrike-Flycatcher in the 1996 list,Formerly listed under Platysteridae
573,Vangidae (Prionopinae),Helmetshrikes and Shrike-flycatchers,Black-and-white Shrike-flycatcher,Bias musicus,,,,,,,,,,,,,,,,,,,,,,,,,,1010,543,avibase-F1A4B955,Black-and-white Shrike-flycatcher Bias musicus,,Formerly listed under Platysteridae
574,Malaconotidae,"Bush-shrikes, Tchagras and Puffbacks",Brubru,Nilaus afer,,,,,,,,,,,,,,,,,,,,,,,,,,1046,581,avibase-967545BC,Brubru Nilaus afer,,
575,Malaconotidae,"Bush-shrikes, Tchagras and Puffbacks",Grey-headed Bush-Shrike,Malaconotus blanchoti,,,,,,,,,,,,,,,,,,,,,,,,,,1059,559,avibase-641068BB,Grey-headed Bush-shrike Malaconotus blanchoti,,
576,Malaconotidae,"Bush-shrikes, Tchagras and Puffbacks",Pink-footed Puffback,Dryoscopus angolensis,,,,,,,,,,,,,,,,,,,,,,,,,,1075,570,avibase-201E1243,Pink-footed Puffback Dryoscopus angolensis,,
577,Malaconotidae,"Bush-shrikes, Tchagras and Puffbacks",Black-backed Puffback,Dryoscopus cubla,,,,,,,,,,,,,,,,,,,,,,,,,,1072,571,avibase-00855728,Black-backed Puffback Dryoscopus cubla,,
578,Malaconotidae,"Bush-shrikes, Tchagras and Puffbacks",Pringle's Puffback,Dryoscopus pringlii,,,,,,,,,,,,,,,,,,,,,,,,,,1074,572,avibase-706FEEB4,Pringle’s Puffback Dryoscopus pringlii,,
579,Malaconotidae,"Bush-shrikes, Tchagras and Puffbacks",Northern Puffback,Dryoscopus gambensis,,,,,,,,,,,,,,,,,,,,,,,,,,1071,573,avibase-7DE7F0ED,Northern Puffback Dryoscopus gambensis,,
580,Malaconotidae,"Bush-shrikes, Tchagras and Puffbacks",Marsh Tchagra,Bocagia minuta (race reichenowi),,,,,,,,,,TRUE,,,,,,,,,,,,,,,,1050,566,avibase-7DCA1C1E,Marsh Tchagra Bocagia minuta (race reichenowi NRR),,
581,Malaconotidae,"Bush-shrikes, Tchagras and Puffbacks",Brown-crowned Tchagra,Tchagra australis,,,,,,,,,,,,,,,,,,,,,,,,,,1048,567,avibase-4F9D43DE,Brown-crowned Tchagra Tchagra australis,,
582,Malaconotidae,"Bush-shrikes, Tchagras and Puffbacks",Three-streaked Tchagra,Tchagra jamesi (race mandanus),,,TRUE,,,,,,,,,,,,,,,,,,,,,,,1049,568,avibase-FA7A6D02,Three-streaked Tchagra Tchagra jamesi (race mandanus E),Tchagra jamesi mandanus E,
583,Malaconotidae,"Bush-shrikes, Tchagras and Puffbacks",Black-crowned Tchagra,Tchagra senegalus,,,,,,,,,,,,,,,,,,,,,,,,,,1047,569,avibase-022798AB,Black-crowned Tchagra Tchagra senegalus ,Specifiepithet gender change (from -a) following David & Gosselin (2002b),
584,Malaconotidae,"Bush-shrikes, Tchagras and Puffbacks",Black-fronted Bushshrike,Chlorophoneus nigrifrons,,,,,,,,,,,,,,,,,,,,,,,,,,1053,560,avibase-5CE2F0DC,Black-fronted Bush-shrike Chlorophoneus nigrifrons,,
585,Malaconotidae,"Bush-shrikes, Tchagras and Puffbacks",Bocage's Bushshrike,Chlorophoneus bocagei,,,,,,,,,,,,,,,,,,,,,,,,,,1051,561,avibase-EF5EDE6D,Bocage’s Bush-shrike Chlorophoneus bocagei,,
586,Malaconotidae,"Bush-shrikes, Tchagras and Puffbacks",Sulphur-breasted Bushshrike,Chlorophoneus sulfureopectus,,,,,,,,,,,,,,,,,,,,,,,,,,1052,562,avibase-F3DCCA8F,Sulphur-breasted Bush-shrike Chlorophoneus sulfureopectus,,
587,Malaconotidae,"Bush-shrikes, Tchagras and Puffbacks",Sooty Boubou,Laniarius leucorhynchus,,,,TRUE,TRUE,,,,,,,,,,,,,,,,,,,,,1069,574,avibase-3402C9BB,Lowland Sooty Boubou Laniarius leucorhynchus Hist. Ex,,
588,Malaconotidae,"Bush-shrikes, Tchagras and Puffbacks",Slate-coloured Boubou,Laniarius funebris,,,,,,,,,,,,,,,,,,,,,,,,,,1070,575,avibase-0868B50D,Slate-coloured Boubou Laniarius funebris,,
589,Malaconotidae,"Bush-shrikes, Tchagras and Puffbacks",Lühder's Bushshrike,Laniarius luehderi,,,,,,,,,,,,,,,,,,,,,,,,,,1063,576,avibase-5AF20251,Lühder’s Bush-shrike Laniarius luehderi,This and the next species had Bush-Shrike in their English names in the 1996 list,
590,Malaconotidae,"Bush-shrikes, Tchagras and Puffbacks",Red-naped Bushshrike,Laniarius ruficeps,,,,,,,,,,,,,,,,,,,,,,,,,,1062,577,avibase-C59DFD44,Red-naped Bush-shrike Laniarius ruficeps,,
591,Malaconotidae,"Bush-shrikes, Tchagras and Puffbacks",Tropical Boubou,Laniarius aethiopicus,,,,,,,,,,,,,,,,,,,,,,,,,,1064,578,avibase-FBB58997,Tropical Boubou Laniarius aethiopicus,,
591.1,Malaconotidae,"Bush-shrikes, Tchagras and Puffbacks",Ethiopian Boubou,Laniarius aethiopicus,,,,,,,,,,,,,,,,,,,,,,,,,,,,avibase-EBC3B53B,Ethiopian Boubou L. aethiopicus,,
591.2,Malaconotidae,"Bush-shrikes, Tchagras and Puffbacks",Tropical Boubou,Laniarius (aethiopicus) major/ambiguus,,,,,,,,,,,,,,,,,,,,,,,,,,,,avibase-07F940AA,Tropical Boubou L. (a.) major/ambiguus,,
592,Malaconotidae,"Bush-shrikes, Tchagras and Puffbacks",East Coast Boubou,Laniarius sublacteus,,,,,,,,,,,,,,,,,,,,,,,,,,,,avibase-0133C47B,East Coast Boubou Laniarius sublacteus,,Specific status separating from L. aethiopicus documented in Finch et al. (2016)
593,Malaconotidae,"Bush-shrikes, Tchagras and Puffbacks",Manda Black Boubou,Laniarius nigerrimus,,,,,,,,,,,,,,,,,,,,,,,,,,,,avibase-E7DC526A,Manda Black Boubou Laniarius nigerrimus,,Specific status documented in Finch et al. (2016)
594,Malaconotidae,"Bush-shrikes, Tchagras and Puffbacks",Papyrus Gonolek,Laniarius mufumbiri,,,,,,,,,,,,,,,,,,,,,,,,,,1066,579,avibase-1E5D636D,Papyrus Gonolek Laniarius mufumbiri ,,
595,Malaconotidae,"Bush-shrikes, Tchagras and Puffbacks",Black-headed Gonolek,Laniarius erythrogaster,,,,,,,,,,,,,,,,,,,,,,,,,,1065,580,avibase-5E822C9C,Black-headed Gonolek Laniarius erythrogaster,,
596,Malaconotidae,"Bush-shrikes, Tchagras and Puffbacks",Rosy-patched Bushshrike,Rhodophoneus cruentus,,,,,,,,,,,,,,,,,,,,,,,,,,1061,565,avibase-8B8AC14A,Rosy-patched Bush-shrike Rhodophoneus cruentus,,
597,Malaconotidae,"Bush-shrikes, Tchagras and Puffbacks",Gorgeous Bushshrike,Telophorus viridis,,,,,,,,,,,,,,,,,,,,,,,,,,1056,563,avibase-ACDC8DEE,Gorgeous Bush-shrike Telophorus viridis,,
598,Malaconotidae,"Bush-shrikes, Tchagras and Puffbacks",Doherty's Bushshrike,Telephorus dohertyi,,,,,,,,,,,,,,,,,,,,,,,,,,1055,564,avibase-0BC36521,Doherty’s Bush-shrike Telephorus dohertyi,,
599,Dicruridae,Drongos,Square-tailed Drongo,Dicrurus ludwigii,,,,,,,,,,,,,,,,,,,,,,,,,,1081.5,609,avibase-E79026DE,Common Square-tailed Drongo Dicrurus ludwigii,,
600,Dicruridae,Drongos,Sharpe’s Square-tailed Drongo,Dicrurus sharpei,,,,,,,,,,,,,,,,,,,,,,,,,,,,avibase-84249EE3,Sharpe’s Square-tailed Drongo Dicrurus sharpei,,Specific status documented in Fuchs et al. (2018)
601,Dicruridae,Drongos,Fork-tailed (Common) Drongo,Dicrurus adsimilis,,,,,,,,,,,,,,,,,,,,,,,,,,1082,610,avibase-11FE7313,Fork-tailed (Common) Drongo Dicrurus adsimilis,,
602,Dicruridae,Drongos,Glossy-backed (Northern) Drongo,Dicrurus divaricatus,,,,,,,,,,,,,,,,,,,,,,,,,,,,avibase-7763FEC8,Glossy-backed (Northern) Drongo Dicrurus divaricatus,,Specific status documented in Fuchs et al. (2018)
603,Dicruridae,Drongos,Velvet-mantled Drongo,Dicrurus modestus,,,,TRUE,,,,,,TRUE,,,,,,,,,,,,,,,,1083,611,avibase-5DEB4565,Velvet-mantled Drongo Dicrurus modestus NRR Ex.,"The nominate, mainly coastal and lowland race is sometimes regarded as being a species, the Kenya Crested Guineafowl; mainly western and highland forest birds of the race verreauxi are then split off as a species, the Crested Guinea Fowl",
604,Laniidae,Shrikes,Yellow-billed Shrike,Corvinella corvina,,,,,,,,,,,,,,,,,,,,,,,,,,1029.5,588,avibase-E44FAD6F,Yellow-billed Shrike Corvinella corvina,,
605,Laniidae,Shrikes,Magpie Shrike,Urolestes melanoleucus,,,,,,,,,,,,,,,,,,,,,,,,,,1031,589,avibase-56A7F384,Magpie Shrike Urolestes melanoleucus,,
606,Laniidae,Shrikes,Northern White-crowned Shrike,Eurocephalus rueppelli,,,,,,,,,,,,,,,,,,,,,,,,,,1029,590,avibase-866D07A0,Northern White-crowned Shrike Eurocephalus rueppelli,Was included in the helmetshrikes (Prionopidae) in the 1996 list,
607,Laniidae,Shrikes,Red-backed Shrike,Lanius collurio,,,,,,,,,,,,TRUE,,,,,,,,,,,,,,1032,591,avibase-F2CEFD1A,Red-backed Shrike Lanius collurio PM,AM,
608,Laniidae,Shrikes,Isabelline Shrike,Lanius isabellinus,,,,,,,,,,,,TRUE,,,,,,,,,,,,,,1033,592,avibase-97166F72,Isabelline (Daurian) Shrike Lanius isabellinus PM,,
609,Laniidae,Shrikes,Turkestan Shrike (Red-tailed),Lanius phoenicuroides,,,,,,,,,,,,TRUE,,,,,,,,,,,,,,,,avibase-EE7915A2,Turkestan Shrike (Red-tailed) Lanius phoenicuroides PM,,
610,Laniidae,Shrikes,Mackinnon's Shrike,Lanius mackinnoni,,,,,,,,,,,,,,,,,,,,,,,,,,1038,593,avibase-72387112,Mackinnon’s Shrike (Fiscal) Lanius mackinnoni,,
611,Laniidae,Shrikes,Lesser Grey Shrike,Lanius minor,,,,,,,,,,,,TRUE,,,,,,,,,,,,,,1036,594,avibase-8852337B,Lesser Grey Shrike Lanius minor PM,am,
612,Laniidae,Shrikes,Geat Grey Shrike,Lanius excubitor,,,,,,,,,,TRUE,,,,TRUE,,,,,,,TRUE,,,,,,,avibase-DB2501EE,Geat Grey Shrike Lanius excubitor VP NRR Rar.,,"In the 2009 Checklist, it was referred to as Southern Grey Shrike L. meridionalis, which is now regarded as a monotypic species occurring in the Iberian Peninsula"
613,Laniidae,Shrikes,Grey-backed Fiscal,Lanius excubitoroides,,,,,,,,,,,,,,,,,,,,,,,,,,1039,596,avibase-02B6A30C,Grey-backed Fiscal Lanius excubitoroides,,
614,Laniidae,Shrikes,Long-tailed Fiscal,Lanius cabanisi,,,,,,,,,,,,,,,,,,,,,,,,,,1040,597,avibase-836EDA33,Long-tailed Fiscal Lanius cabanisi,,
615,Laniidae,Shrikes,Taita Fiscal,Lanius dorsalis,,,,,,,,,,,,,,,,,,,,,,,,,,1041,598,avibase-64772F0F,Taita Fiscal Lanius dorsalis,,
616,Laniidae,Shrikes,Somali Fiscal,Lanius somalicus,,,,,,,,,,,,,,,,,,,,,,,,,,1042,599,avibase-F7932185,Somali Fiscal Lanius somalicus,,
617,Laniidae,Shrikes,Northern Fiscal,Lanius humeralis ,,,,,,,,,,,,,,,,,,,,,,,,,,,,avibase-5792867A,Northern Fiscal Lanius humeralis ,,"In the 2009 Checklist, it was called Common Fiscal L. collaris, but now separated from Southern (Fuchs et al., 2011)"
618,Laniidae,Shrikes,Woodchat Shrike,Lanius senator,,,,,,,,,,,,TRUE,,,,,,,,,,,,,,1044,601,avibase-7E70D490,Woodchat Shrike Lanius senator PM,,
619,Laniidae,Shrikes,Masked Shrike,Lanius nubicus,,,,,,,,,,TRUE,,,,,,,,,,,TRUE,,,,,1045,602,avibase-E90CC64A,Masked Shrike Lanius nubicus VP NRR,,
620,Corvidae,Crows and Allies,Piapiac,Ptilostomus afer,,,,,,,,,,,,,,,,,,,,,,,,,,1092,619,avibase-4C35510F,Piapiac Ptilostomus afer,,
621,Corvidae,Crows and Allies,House Crow,Corvus splendens,,,,,,,,,,,,,,,,,,,,,,,,,,1093,620,avibase-39868903,House Crow Corvus splendens Introduced,,
622,Corvidae,Crows and Allies,Cape Rook,Corvus capensis,,,,,,,,,,,,,,,,,,,,,,,,,,1098,621,avibase-562E17AB,Cape Rook (Crow) Corvus capensis,Some favour the name Cape Crow,
623,Corvidae,Crows and Allies,Pied Crow,Corvus albus,,,,,,,,,,,,,,,,,,,,,,,,,,1095,622,avibase-34D538E1,Pied Crow Corvus albus,,
624,Corvidae,Crows and Allies,Dwarf Raven,Corvus edithae,,,,,,,,,,,,,,,,,,,,,,,,,,1094,623,avibase-9DBAAB1D,Somali Crow (Dwarf Raven) Corvus edithae,Called Brown-necked Raven Corvus (ruficollis) edithae in the 1996 list; called Somali Crow by some,
625,Corvidae,Crows and Allies,Fan-tailed Raven,Corvus rhipidurus,,,,,,,,,,,,,,,,,,,,,,,,,,1097,624,avibase-32C216E2,Fan-tailed Raven Corvus rhipidurus,,
626,Corvidae,Crows and Allies,White-necked Raven,Corvus albicollis,,,,,,,,,,,,,,,,,,,,,,,,,,984.5,625,avibase-EA326EA2,White-necked Raven Corvus albicollis,Called White-naped Raven in the 1996 list,
627,Monarchidae,Monarchs (Paradise-flycatchers),Blue-mantled Crested Flycatcher,Trochocercus cyanomelas,,,,,,,,,,,,,,,,,,,,,,,,,,996.5,612,avibase-15F017B7,Blue-mantled Crested-flycatcher Trochocercus cyanomelas,,
628,Monarchidae,Monarchs (Paradise-flycatchers),Red-bellied Paradise Flycatcher,Terpsiphone rufiventer,,,,TRUE,,,,,,TRUE,,,,,,,,,,,,,,,,1008,614,avibase-0EDEEB49,Red-bellied Paradise-flycatcher Terpsiphone rufiventer NRR Ex,,
629,Monarchidae,Monarchs (Paradise-flycatchers),African Paradise Flycatcher,Terpsiphone viridis,,TRUE,,,,,,,,,,,,,,,,,,,,,,,,1007,615,avibase-75AAC17B,African Paradise-flycatcher Terpsiphone viridis am,,
630,Modulatricidae,Spot-throat and Allies ,Grey-chested Kakamega (Thrush-babbler),Kakamega poliothorax,,,,,,,,,,,,,,,,,,,,,,,,,,749,806,avibase-FC1BE879,Grey-chested Kakamega (Thrush-babbler) Kakamega poliothorax,Called Grey-chested Illadopsis in the 1996 list; no documented records since 1979,
631,Nectariniidae,Sunbirds,Plain-backed Sunbird,Anthreptes reichenowi,,,,,,,,,,,,,,,,,,,,,,,,,,1132,911,avibase-67F06823,Plain-backed Sunbird Anthreptes reichenowi ,,
632,Nectariniidae,Sunbirds,Western Violet-backed Sunbird,Anthreptes longuemarei,,,,,,,,,,,,,,,,,,,,,,,,,,1134,912,avibase-857DCDD5,Western Violet-backed Sunbird Anthreptes longuemarei,,
633,Nectariniidae,Sunbirds,Eastern Violet-backed Sunbird,Anthreptes orientalis,,,,,,,,,,,,,,,,,,,,,,,,,,1135,913,avibase-2D0C83B2,Eastern Violet-backed Sunbird Anthreptes orientalis,,
634,Nectariniidae,Sunbirds,Uluguru Violet-backed Sunbird,Anthreptes neglectus,,,,,,,,,,,,,,,,,,,,,,,,,,1136,914,avibase-56C6CBA8,Uluguru Violet-backed Sunbird Anthreptes neglectus,,
635,Nectariniidae,Sunbirds,Grey-chinned Sunbird,Anthreptes rectirostris,,,,,,,,,,,,,,,,,,,,,,,,,,1138,915,avibase-71EF2ACB,Grey-chinned Sunbird Anthreptes rectirostris,Called Green Sunbird in the 1996 list,
636,Nectariniidae,Sunbirds,Collared Sunbird,Anthodiaeta collaris,,,,,,,,,,,,,,,,,,,,,,,,,,1140,916,avibase-1611F295,Collared Sunbird Anthodiaeta collaris,,
637,Nectariniidae,Sunbirds,Amani Sunbird,Anthodiaeta pallidigaster ,,,,,,,,,,,,,,,,,,,,,,,,,,1137,918,avibase-0B4F3AA2,Amani Sunbird Anthodiaeta pallidigaster ,,
638,Nectariniidae,Sunbirds,Pygmy Sunbird,Hedydipna platyura,,TRUE,,,,,,,,,,,,,,,,,,,,,,,,1141,917,avibase-B0E7740F,Pygmy Sunbird Hedydipna platyura am,Only three documented records in the last fifty years: November 1976 Baringo; November 1979 Kapedo; October 1990 Kerio Valley,
639,Nectariniidae,Sunbirds,Green-headed Sunbird,Cyanomitra verticalis,,,,,,,,,,,,,,,,,,,,,,,,,,1146,919,avibase-6DE16262,Green-headed Sunbird Cyanomitra verticalis,,
640,Nectariniidae,Sunbirds,Olive Sunbird,Cyanomitra olivacea,,,,,,,,,,,,,,,,,,,,,,,,,,1143,920,avibase-EE79A5EF,Olive Sunbird Cyanomitra olivacea,,
641,Nectariniidae,Sunbirds,Mouse-coloured Sunbird,Cyanomitra veroxii,,,,,,,,,,,,,,,,,,,,,,,,,,1144,921,avibase-C1CBA33A,Mouse-coloured Sunbird Cyanomitra veroxii,,
642,Nectariniidae,Sunbirds,Green-throated Sunbird,Chalcomitra rubescens,,,,,,,,,,,,,,,,,,,,,,,,,,1148,922,avibase-2E2DE0B6,Green-throated Sunbird Chalcomitra rubescens,,
643,Nectariniidae,Sunbirds,Amethyst Sunbird,Chalcomitra amethystina,,,,,,,,,,,,,,,,,,,,,,,,,,1149,923,avibase-B022292C,Amethyst Sunbird Chalcomitra amethystina,,
644,Nectariniidae,Sunbirds,Scarlet-chested Sunbird,Chalcomitra senegalensis,,,,,,,,,,,,,,,,,,,,,,,,,,1150,924,avibase-0059A2E0,Scarlet-chested Sunbird Chalcomitra senegalensis,,
645,Nectariniidae,Sunbirds,Hunter's Sunbird,Chalcomitra hunteri,,,,,,,,,,,,,,,,,,,,,,,,,,1151,925,avibase-8F052626,Hunter’s Sunbird Chalcomitra hunteri,,
646,Nectariniidae,Sunbirds,Tacazze Sunbird,Nectarinia tacazze,,,,,,,,,,,,,,,,,,,,,,,,,,1177,926,avibase-FAFA576B,Tacazze Sunbird Nectarinia tacazze,,
647,Nectariniidae,Sunbirds,Bronze Sunbird,Nectarinia kilimensis,,,,,,,,,,,,,,,,,,,,,,,,,,1179,927,avibase-D4F9B273,Bronze Sunbird Nectarinia kilimensis,,
648,Nectariniidae,Sunbirds,Malachite Sunbird,Nectarinia famosa,,,,,,,,,,,,,,,,,,,,,,,,,,1181,928,avibase-26F27894,Malachite Sunbird Nectarinia famosa,,
649,Nectariniidae,Sunbirds,Scarlet-tufted Sunbird,Nectarinia johnstoni,,,,,,,,,,,,,,,,,,,,,,,,,,1182,929,avibase-D91BCC1B,Scarlet-tufted (Malachite) Sunbird Nectarinia johnstoni ,Called Scarlet-tufted Malachite Sunbird in the 1996 list,
650,Nectariniidae,Sunbirds,Golden-winged Sunbird,Drepanorhynchus reichenowi (race lathburyi),,,TRUE,,,,,,,,,,,,,,,,,,,,,,,1180,930,avibase-D33D2F6D,Golden-winged Sunbird Drepanorhynchus reichenowi (race lathburyi E),Drepanorhynchus reichenowi lathburyi E,
651,Nectariniidae,Sunbirds,Olive-bellied Sunbird,Cinnyris chloropygius,,,,,,,,,,,,,,,,,,,,,,,,,,1156,931,avibase-D2B15B3F,Olive-bellied Sunbird Cinnyris chloropygius,,
652,Nectariniidae,Sunbirds,Northern Double-collared Sunbird,Cinnyris reichenowi,,,,,,,,,,,,,,,,,,,,,,,,,,1159,932,avibase-A6083057,Northern Double-collared Sunbird Cinnyris reichenowi,,
653,Nectariniidae,Sunbirds,Eastern Double-collared Sunbird,Cinnyris mediocris,,,,,,,,,,,,,,,,,,,,,,,,,,1161,933,avibase-EF6101F4,Eastern Double-collared Sunbird Cinnyris mediocris,,
654,Nectariniidae,Sunbirds,Usambara Double-collared Sunbird,Cinnyris usambaricus,,,,,,,,,,,,,,,,,,,,,,,,,,1161.5,934,avibase-CBA39A29,Usambara Double-collared Sunbird Cinnyris usambaricus,,
655,Nectariniidae,Sunbirds,Beautiful Sunbird,Cinnyris pulchellus,,,,,,,,,,,,,,,,,,,,,,,,,,1173,935,avibase-00D5E1C6,Beautiful Sunbird Cinnyris pulchellus,,
656,Nectariniidae,Sunbirds,Marico Sunbird,Cinnyris mariquensis,,,,,,,,,,,,,,,,,,,,,,,,,,1165,936,avibase-5AC9F737,Marico Sunbird Cinnyris mariquensis,,
657,Nectariniidae,Sunbirds,Red-chested Sunbird,Cinnyris erythrocercus,,,,,,,,,,,,,,,,,,,,,,,,,,1170,937,avibase-4C428439,Red-chested Sunbird Cinnyris erythrocercus,,
658,Nectariniidae,Sunbirds,Black-bellied Sunbird,Cinnyris nectarinioides,,,,,,,,,,,,,,,,,,,,,,,,,,1171,938,avibase-7C822074,Black-bellied Sunbird Cinnyris nectarinioides,,
659,Nectariniidae,Sunbirds,Purple-banded Sunbird,Cinnyris bifasciatus,,,,,,,,,,,,,,,,,,,,,,,,,,1166,939,avibase-71C72002,Purple-banded Sunbird Cinnyris bifasciatus,,
660,Nectariniidae,Sunbirds,Tsavo Sunbird,Cinnyris tsavoensis,,,,,,,,,,,,,,,,,,,,,,,,,,1166,940,avibase-17DE4B1F,Tsavo Sunbird Cinnyris tsavoensis,,
661,Nectariniidae,Sunbirds,Violet-breasted Sunbird,Cinnyris chalcomelas,,,,,,,,,,,,,,,,,,,,,,,,,,1167,941,avibase-9CDA630C,Violet-breasted Sunbird Cinnyris chalcomelas,,
662,Nectariniidae,Sunbirds,Orange-tufted Sunbird,Cinnyris bouvieri,,,,,,,,,,,,,,,,,,,,,,,,,,1169,942,avibase-693FC6FD,Orange-tufted Sunbird Cinnyris bouvieri,,
663,Nectariniidae,Sunbirds,Shining Sunbird,Cinnyris habessinicus,,,,,,,,,,,,,,,,,,,,,,,,,,1174,943,avibase-C6D0CB7E,Shining Sunbird Cinnyris habessinicus,See note above,
664,Nectariniidae,Sunbirds,Variable Sunbird,Cinnyris venustus,,,,,,,,,,,,,,,,,,,,,,,,,,1152,944,avibase-8E9E45B5,Variable Sunbird Cinnyris venustus,,
665,Nectariniidae,Sunbirds,Superb Sunbird,Cinnyris superbus,,,,,,,,,,,,,,,,,,,,,,,,,,1183,945,avibase-7C8BC7CF,Superb Sunbird Cinnyris superbus,,
666,Nectariniidae,Sunbirds,Copper Sunbird,Cinnyris cupreus,,,,,,,,,,,,,,,,,,,,,,,,,,1176,946,avibase-1F21FFE9,Copper Sunbird Cinnyris cupreus,,
667,Ploceidae,"Weavers, Bishops and Widowbirds",Grosbeak Weaver,Amblyospiza albifrons,,,,,,,,,,,,,,,,,,,,,,,,,,1203,963,avibase-C7708C70,Grosbeak Weaver Amblyospiza albifrons,,
668,Ploceidae,"Weavers, Bishops and Widowbirds",Compact Weaver,Pachyphantes superciliosus,,,,,,,,,,,,,,,,,,,,,,,,,,1204,990,avibase-0405CA69,Compact Weaver Pachyphantes superciliosus,,
669,Ploceidae,"Weavers, Bishops and Widowbirds",White-browed Sparrow Weaver,Plocepasser mahali,,,,,,,,,,,,,,,,,,,,,,,,,,1197,947,avibase-94C71DF6,White-browed Sparrow Weaver Plocepasser mahali,AM,Previously listed under Passeridae
670,Ploceidae,"Weavers, Bishops and Widowbirds",Chestnut-crowned Sparrow Weaver,Plocepasser superciliosus,,,,,,,,,,,,,,,,,,,,,,,,,,1198,948,avibase-2C504059,Chestnut-crowned Sparrow Weaver Plocepasser superciliosus,,Previously listed under Passeridae
671,Ploceidae,"Weavers, Bishops and Widowbirds",Donaldson Smith's Sparrow Weaver,Plocepasser donaldsoni,,,,,,,,,,,,,,,,,,,,,,,,,,1196,949,avibase-5011E123,Donaldson Smith’s Sparrow Weaver Plocepasser donaldsoni,The American zoologist and collector Dr Arthur Donaldson Smith (1864–1939) had no hyphen in his name,Previously listed under Passeridae
672,Ploceidae,"Weavers, Bishops and Widowbirds",Rufous-tailed Weaver,Histurgops ruficauda,,,,,,,,,,,,,,,,,,,,,,,,,,1199,950,avibase-FD2FEFFD,Rufous-tailed Weaver Histurgops ruficauda,"While not included in the 1996 list, this hitherto Tanzanian endemihas bred in small numbers since July 2000 in the Masai Mara",Previously listed under Passeridae
673,Ploceidae,"Weavers, Bishops and Widowbirds",Grey-capped Social Weaver,Pseudonigrita arnaudi,,,,,,,,,,,,,,,,,,,,,,,,,,1200,951,avibase-573C3683,Grey-capped Social Weaver Pseudonigrita arnaudi,,Previously listed under Passeridae
674,Ploceidae,"Weavers, Bishops and Widowbirds",Black-capped Social Weaver,Pseudonigrita cabanisi,,,,,,,,,,,,,,,,,,,,,,,,,,1201,952,avibase-65856D49,Black-capped Social Weaver Pseudonigrita cabanisi,,Previously listed under Passeridae
675,Ploceidae,"Weavers, Bishops and Widowbirds",Speckle-fronted Weaver,Sporopipes frontalis,,,,,,,,,,,,,,,,,,,,,,,,,,1202,962,avibase-C90890A3,Speckle-fronted Weaver Sporopipes frontalis,,
676,Ploceidae,"Weavers, Bishops and Widowbirds",White-billed Buffalo Weaver,Bubalornis albirostris,,,,,,,,,,,,,,,,,,,,,,,,,,1192.5,959,avibase-864D4A4F,White-billed Buffalo Weaver Bubalornis albirostris,The first three species were called Buffalo-Weavers in the 1996 list,
677,Ploceidae,"Weavers, Bishops and Widowbirds",Red-billed Buffalo Weaver,Bubalornis niger,,,,,,,,,,,,,,,,,,,,,,,,,,1194,960,avibase-9EB53638,Red-billed Buffalo Weaver Bubalornis niger,,
678,Ploceidae,"Weavers, Bishops and Widowbirds",White-headed Buffalo Weaver,Dinemellia dinemelli,,,,,,,,,,,,,,,,,,,,,,,,,,1193,961,avibase-00B07B12,White-headed Buffalo Weaver Dinemellia dinemelli,The taxonomy of this and the next species is complex and controversial. The race C. p. nigriscapularis is called the Black-shouldered Nightjar and is considered a separate species by some,
679,Ploceidae,"Weavers, Bishops and Widowbirds",Cardinal Quelea,Quelea cardinalis,,,,,,,,,,,,,,,,,,,,,,,,,,1249,995,avibase-9387DC41,Cardinal Quelea Quelea cardinalis,,
680,Ploceidae,"Weavers, Bishops and Widowbirds",Red-headed Quelea,Quelea erythrops,,TRUE,,,,,,,,,,,,,,,,,,,,,,,,1250,996,avibase-F8041931,Red-headed Quelea Quelea erythrops am,,
681,Ploceidae,"Weavers, Bishops and Widowbirds",Red-billed Quelea,Quelea quelea,,TRUE,,,,,,,,,,,,,,,,,,,,,,,,1248,997,avibase-2B6DE136,Red-billed Quelea Quelea quelea am,,
682,Ploceidae,"Weavers, Bishops and Widowbirds",Yellow-crowned Bishop,Euplectes afer,,,,,,,,,,,,,,,,,,,,,,,,,,1251,998,avibase-4A58452B,Yellow-crowned Bishop Euplectes afer,,
683,Ploceidae,"Weavers, Bishops and Widowbirds",Fire-fronted Bishop,Euplectes diadematus,,,,,,,,,,,,,,,,,,,,,,,,,,1252,999,avibase-95A724BE,Fire-fronted Bishop Euplectes diadematus,,
684,Ploceidae,"Weavers, Bishops and Widowbirds",Black Bishop,Euplectes gierowii,,,,,,,,,,,,,,,,,,,,,,,,,,1253,1000,avibase-CC7862AF,Black Bishop Euplectes gierowii,Called the African White-tailed Nightjar in the 1996 list,
684.1,Ploceidae,"Weavers, Bishops and Widowbirds",Northern Black Bishop ,Euplectes gierowii gierowii,,,,,,,,,,,,,,,,,,,,,,,,,,,,avibase-8C0F6D53,Northern Black Bishop E. g. gierowii,,
684.2,Ploceidae,"Weavers, Bishops and Widowbirds",Southern Black Bishop,Euplectes (gierowii) friederichseni,,,,,,,,,,,,,,,,,,,,,,,,,,,,avibase-83340007,Southern Black Bishop E. (g.) friederichseni,,
685,Ploceidae,"Weavers, Bishops and Widowbirds",Zanzibar Red Bishop,Euplectes nigroventris,,,,,,,,,,,,,,,,,,,,,,,,,,1255,1001,avibase-A31AC101,Zanzibar Red Bishop Euplectes nigroventris,,
686,Ploceidae,"Weavers, Bishops and Widowbirds",Black-winged Red Bishop,Euplectes hordeaceus,,,,,,,,,,,,,,,,,,,,,,,,,,1254,1002,avibase-7B414273,Black-winged Red Bishop Euplectes hordeaceus,Was Alopochen aegyptiacus in the 1996 list; gender change follows David & Gosselin (2002b),
687,Ploceidae,"Weavers, Bishops and Widowbirds",Southern Red Bishop,Euplectes orix,,,,,,,,,,,,,,,,,,,,,,,,,,1256,1003,avibase-95F08BC3,Southern Red Bishop Euplectes orix,,
688,Ploceidae,"Weavers, Bishops and Widowbirds",Northern Red Bishop,Euplectes franciscanus,,,,,,,,,,,,,,,,,,,,,,,,,,1257,1004,avibase-3D122849,Northern Red Bishop Euplectes franciscanus,,
689,Ploceidae,"Weavers, Bishops and Widowbirds",Yellow Bishop,Euplectes capensis,,,,,,,,,,,,,,,,,,,,,,,,,,1258,1005,avibase-97A73D9F,Yellow Bishop Euplectes capensis,,
690,Ploceidae,"Weavers, Bishops and Widowbirds",Fan-tailed Widowbird,Euplectes axillaris,,,,,,,,,,,,,,,,,,,,,,,,,,1259,1006,avibase-B08FF959,Fan-tailed Widowbird Euplectes axillaris,,
691,Ploceidae,"Weavers, Bishops and Widowbirds",Yellow-mantled Widowbird,Euplectes macroura,,,,,,,,,,,,,,,,,,,,,,,,,,1260,1007,avibase-F5E0EA0D,Yellow-mantled Widowbird Euplectes macroura,The race macrocercus is sometimes given the English name Yellow-shouldered Widowbird,
691.1,Ploceidae,"Weavers, Bishops and Widowbirds",Yellow-mantled Widowbird,Euplectes macroura macroura ,,,,,,,,,,,,,,,,,,,,,,,,,,,,avibase-4167B45D,Yellow-mantled Widowbird E. m. macroura ,The race macrocercus is sometimes given the English name Yellow-shouldered Widowbird,
691.2,Ploceidae,"Weavers, Bishops and Widowbirds",Yellow-shouldered Widowbird,Euplectes (macroura) macrocercus,,,,,,,,,,,,,,,,,,,,,,,,,,,,avibase-4ED105CA,Yellow-shouldered Widowbird E. (m.) macrocercus,,
692,Ploceidae,"Weavers, Bishops and Widowbirds",Marsh Widowbird,Euplectes hartlaubi,,,,,,,,,,,,,,,,,,,,,,,,,,1263,1008,avibase-59E7ABE5,Hartlaub’s Marsh Widowbird Euplectes hartlaubi,Called Hartlaub’s Marsh Widowbird in the 1996 list,
693,Ploceidae,"Weavers, Bishops and Widowbirds",White-winged Widowbird,Euplectes albonotatus,,,,,,,,,,,,,,,,,,,,,,,,,,1261,1009,avibase-749E7B3C,White-winged Widowbird Euplectes albonotatus,,
694,Ploceidae,"Weavers, Bishops and Widowbirds",Red-collared Widowbird,Euplectes ardens,,,,,,,,,,,,,,,,,,,,,,,,,,1262,1010,avibase-26618AA1,Red-collared Widowbird Euplectes ardens,,
695,Ploceidae,"Weavers, Bishops and Widowbirds",Long-tailed Widowbird,Euplectes progne (race delamerei),,,TRUE,,,,,,,,,,,,,,,,,,,,,,,1265,1011,avibase-3153FE22,Long-tailed Widowbird Euplectes progne (race delamerei E),Euplectes progne delamerei E,
696,Ploceidae,"Weavers, Bishops and Widowbirds",Jackson’s Widowbird,Euplectes jacksoni ,,,,,,,,,,,,,,,,,,,,,,,,,,1267.5,1012,avibase-87071086,Jackson’s Widowbird Euplectes jacksoni ,,
697,Ploceidae,"Weavers, Bishops and Widowbirds",Baglafecht Weaver,Ploceus baglafecht,,,,,,,,,,,,,,,,,,,,,,,,,,1205,964,avibase-BE1FE156,Baglafecht Weaver Ploceus baglafecht,"The races emini, reichenowi and stuhlmanni have often borne the English names Emin’s Weaver, Reichenow’s Weaver and Stuhlmann’s Weaver, respectively",
698,Ploceidae,"Weavers, Bishops and Widowbirds",Slender-billed Weaver,Ploceus pelzelni,,,,,,,,,,,,,,,,,,,,,,,,,,1207,965,avibase-36C24C3D,Slender-billed Weaver Ploceus pelzelni,,
699,Ploceidae,"Weavers, Bishops and Widowbirds",Little Weaver,Ploceus luteolus,,,,,,,,,,,,,,,,,,,,,,,,,,1208,966,avibase-1373D324,Little Weaver Ploceus luteolus,,
700,Ploceidae,"Weavers, Bishops and Widowbirds",Spectacled Weaver,Ploceus ocularis,,,,,,,,,,,,,,,,,,,,,,,,,,1210,967,avibase-CA4839B2,Spectacled Weaver Ploceus ocularis,,
701,Ploceidae,"Weavers, Bishops and Widowbirds",Black-necked Weaver,Ploceus nigricollis,,,,,,,,,,,,,,,,,,,,,,,,,,1209,968,avibase-55997100,Black-necked Weaver Ploceus nigricollis,,
702,Ploceidae,"Weavers, Bishops and Widowbirds",Black-billed Weaver,Ploceus melanogaster,,,,,,,,,,,,,,,,,,,,,,,,,,1211,969,avibase-B38CE692,Black-billed Weaver Ploceus melanogaster,,
703,Ploceidae,"Weavers, Bishops and Widowbirds",Eastern Golden Weaver,Ploceus subaureus,,,,,,,,,,,,,,,,,,,,,,,,,,1213,970,avibase-86BEAFA6,Eastern Golden Weaver Ploceus subaureus,,
704,Ploceidae,"Weavers, Bishops and Widowbirds",Holub's Golden Weaver,Ploceus xanthops,,,,,,,,,,,,,,,,,,,,,,,,,,1214,971,avibase-2D86B0D2,Holub’s Golden Weaver Ploceus xanthops,,
705,Ploceidae,"Weavers, Bishops and Widowbirds",Orange Weaver,Ploceus aurantius,,,,,,,,,,TRUE,,,,,,,,,,,,,,,,1215,972,avibase-2C42345F,Orange Weaver Ploceus aurantius NRR,No documented records since December 1984,
706,Ploceidae,"Weavers, Bishops and Widowbirds",Heuglin's Masked Weaver,Ploceus heuglini,,,,,,,,,,,,,,,,,,,,,,,,,,1227,973,avibase-D8E67602,Heuglin’s Masked Weaver Ploceus heuglini,,
707,Ploceidae,"Weavers, Bishops and Widowbirds",Golden Palm Weaver,Ploceus bojeri,,,,,,,,,,,,,,,,,,,,,,,,,,1216,974,avibase-F40197D6,Golden Palm Weaver Ploceus bojeri,,
708,Ploceidae,"Weavers, Bishops and Widowbirds",Taveta Golden Weaver,Ploceus castaneiceps,,,,,,,,,,,,,,,,,,,,,,,,,,1217,975,avibase-2379E3EB,Taveta Golden Weaver Ploceus castaneiceps,,
709,Ploceidae,"Weavers, Bishops and Widowbirds",Northern Brown-throated Weaver,Ploceus castanops,,,,,,,,,,,,,,,,,,,,,,,,,,1219,976,avibase-F9FB0226,Northern Brown-throated Weaver Ploceus castanops,,
710,Ploceidae,"Weavers, Bishops and Widowbirds",Northern Masked Weaver,Ploceus taeniopterus,,,,,,,,,,,,,,,,,,,,,,,,,,1229,978,avibase-6A84BDB8,Northern Masked Weaver Ploceus taeniopterus,,
711,Ploceidae,"Weavers, Bishops and Widowbirds",Lesser Masked Weaver,Ploceus intermedius,,,,,,,,,,,,,,,,,,,,,,,,,,1228,979,avibase-E069A0BB,Lesser Masked Weaver Ploceus intermedius,,
712,Ploceidae,"Weavers, Bishops and Widowbirds",Vitelline Masked Weaver,Ploceus vitellinus,,,,,,,,,,,,,,,,,,,,,,,,,,1226,980,avibase-FC6C191F,Vitelline Masked Weaver Ploceus vitellinus,Included in Ploceus velatus in the 1996 list,
713,Ploceidae,"Weavers, Bishops and Widowbirds",Speke's Weaver,Ploceus spekei,,,,,,,,,,,,,,,,,,,,,,,,,,1230,981,avibase-4DC2B23C,Speke’s Weaver Ploceus spekei,,
714,Ploceidae,"Weavers, Bishops and Widowbirds",Village Weaver,Ploceus cucullatus,,,,,,,,,,,,,,,,,,,,,,,,,,1232,982,avibase-E8AA9E1C,Village Weaver Ploceus cucullatus,Called the Black-headed Weaver in the 1996 list,
715,Ploceidae,"Weavers, Bishops and Widowbirds",Vieillot's Black Weaver,Ploceus nigerrimus,,,,,,,,,,,,,,,,,,,,,,,,,,1233,983,avibase-20D915AD,Vieillot’s Black Weaver Ploceus nigerrimus,,
716,Ploceidae,"Weavers, Bishops and Widowbirds",Kilifi (Clarke’s) Weaver,Ploceus golandi,,,TRUE,,,,,,,,,,,,,,,,,,,,,,,1235,984,avibase-2A2CC7B3,Kilifi (Clarke’s) Weaver Ploceus golandi E,,
717,Ploceidae,"Weavers, Bishops and Widowbirds",Juba Weaver,Ploceus dichrocephalus,,,,,,,,,,,,,,,,,,,,,,,,,,1223,985,avibase-2E4A97D9,Juba Weaver Ploceus dichrocephalus ,Called the Half-collared Kingfisher in the 1996 list,
718,Ploceidae,"Weavers, Bishops and Widowbirds",Yellow-backed Weaver,Ploceus melanocephalus,,,,,,,,,,,,,,,,,,,,,,,,,,1222,986,avibase-19D053B3,Yellow-backed Weaver Ploceus melanocephalus,"Gill & Wright (2006) rather confusingly call this species the Black-headed Weaver, a direct translation of the specifiepithet, but it is the name quite often used for Ploceus cucullatus, here called the Village Weaver",
719,Ploceidae,"Weavers, Bishops and Widowbirds",Golden-backed Weaver,Ploceus jacksoni,,,,,,,,,,,,,,,,,,,,,,,,,,1224,987,avibase-DF0759C0,Golden-backed Weaver Ploceus jacksoni,Called Jackson’s Golden-backed Weaver in the 1996 list,
720,Ploceidae,"Weavers, Bishops and Widowbirds",Chestnut Weaver,Ploceus rubiginosus,,TRUE,,,,,,,,,,,,,,,,,,,,,,,,1236,988,avibase-01BFAE61,Chestnut Weaver Ploceus rubiginosus am,,
721,Ploceidae,"Weavers, Bishops and Widowbirds",Yellow-mantled Weaver,Ploceus tricolor,,,,TRUE,,,,,,TRUE,,,,,,,,,,,,,,,,1237,989,avibase-BE85C81E,Yellow-mantled Weaver Ploceus tricolor NRR Ex,,
722,Ploceidae,"Weavers, Bishops and Widowbirds",Dark-backed Weaver,Ploceus bicolor,,,,,,,,,,,,,,,,,,,,,,,,,,1239,991,avibase-70312286,Dark-backed Weaver Ploceus bicolor,,
723,Ploceidae,"Weavers, Bishops and Widowbirds",Weyn’s Weaver ,Ploceus weynsi,,,,,,,,,,,,,,TRUE,,,,,,,,,,,,,,avibase-341298B9,Weyn’s Weaver Ploceus weynsi Rar.,,
724,Ploceidae,"Weavers, Bishops and Widowbirds",Brown-capped Weaver,Ploceus insignis,,,,,,,,,,,,,,,,,,,,,,,,,,1240,992,avibase-C649EA57,Brown-capped Weaver Ploceus insignis,PM,
725,Ploceidae,"Weavers, Bishops and Widowbirds",Red-headed Malimbe,Malimbus rubricollis,,,,,,,,,,,,,,,,,,,,,,,,,,1246,993,avibase-960B56F2,Red-headed Malimbe Malimbus rubricollis,,
726,Ploceidae,"Weavers, Bishops and Widowbirds",Red-headed Weaver,Anaplectes rubriceps,,,,,,,,,,,,,,,,,,,,,,,,,,1247,994,avibase-BE3C45B5,Red-headed Weaver Anaplectes rubriceps,,
727,Estrildidae,Waxbills,Black-bellied Firefinch,Lagonosticta rara,,,,,,,,,,,,,,,,,,,,,,,,,,1296,1035,avibase-27012CC9,Black-bellied Firefinch Lagonosticta rara,,
728,Estrildidae,Waxbills,Bar-breasted Firefinch,Lagonosticta rufopicta,,,,,,,,,,,,,,,,,,,,,,,,,,1291,1036,avibase-43FE4788,Bar-breasted Firefinch Lagonosticta rufopicta,,
729,Estrildidae,Waxbills,Red-billed Firefinch,Lagonosticta senegala,,,,,,,,,,,,,,,,,,,,,,,,,,1293,1037,avibase-B4A4E4BF,Red-billed Firefinch Lagonosticta senegala,,
730,Estrildidae,Waxbills,African Firefinch,Lagonosticta rubricata,,,,,,,,,,,,,,,,,,,,,,,,,,1294,1038,avibase-A6034D7F,African Firefinch Lagonosticta rubricata,,
731,Estrildidae,Waxbills,Jameson's Firefinch,Lagonosticta rhodopareia,,,,,,,,,,,,,,,,,,,,,,,,,,1295,1039,avibase-871F32D9,Jameson’s Firefinch Lagonosticta rhodopareia,,
732,Estrildidae,Waxbills,Brown Twinspot,Clytospiza monteiri,,,,,,,,,,,,,,,,,,,,,,,,,,1288,1032,avibase-BD7558AD,Brown Twinspot Clytospiza monteiri,,
733,Estrildidae,Waxbills,Orange-winged Pytilia,Pytilia afra,,,,,,,,,,,,,,,,,,,,,,,,,,1276,1033,avibase-6A1ED1C2,Orange-winged Pytilia Pytilia afra,,
734,Estrildidae,Waxbills,Green-winged Pytilia,Pytilia melba,,,,,,,,,,,,,,,,,,,,,,,,,,1275,1034,avibase-01A3BE3C,Green-winged Pytilia Pytilia melba,,
735,Estrildidae,Waxbills,Peter's Twinspot,Hypargos niveoguttatus,,,,,,,,,,,,,,,,,,,,,,,,,,1286,1031,avibase-50490520,Peters’s Twinspot Hypargos niveoguttatus,,
736,Estrildidae,Waxbills,Purple Grenadier,Granatina ianthinogaster,,,,,,,,,,,,,,,,,,,,,,,,,,1311,1030,avibase-DE689967,Purple Grenadier Granatina ianthinogaster,Included in Uraeginthus in the 1996 list,
737,Estrildidae,Waxbills,Red-cheeked Cordon-bleu,Uraeginthus bengalus,,,,,,,,,,,,,,,,,,,,,,,,,,1309,1028,avibase-EAE77D96,Red-cheeked Cordon-bleu Uraeginthus bengalus,Uraeginthus bengalus brunneigularis E,
738,Estrildidae,Waxbills,Blue-capped Cordon-bleu,Uraeginthus cyanocephalus,,,,,,,,,,,,,,,,,,,,,,,,,,1310,1029,avibase-5CAE6778,Blue-capped Cordon-bleu Uraeginthus cyanocephalus,,
739,Estrildidae,Waxbills,Red-headed Bluebill,Spermophaga ruficapilla,,,,,,,,,,,,,,,,,,,,,,,,,,1285,1026,avibase-46A1FC77,Red-headed Bluebill Spermophaga ruficapilla,PM,
740,Estrildidae,Waxbills,Black-bellied Seed-cracker,Pyrenestes ostrinus,,,,,,,,,,TRUE,,,,,,,,,,,,,,,,1282,1027,avibase-2CC91390,Black-bellied Seedcracker Pyrenestes ostrinus NRR,,
741,Estrildidae,Waxbills,Fawn-breasted Waxbill,Estrilda paludicola,,,,,,,,,,,,,,,,,,,,,,,,,,1300,1018,avibase-1066028B,Fawn-breasted Waxbill Estrilda paludicola,,
742,Estrildidae,Waxbills,Crimson-rumped Waxbill,Estrilda rhodopyga,,,,,,,,,,,,,,,,,,,,,,,,,,1301,1019,avibase-6DD8F10F,Crimson-rumped Waxbill Estrilda rhodopyga,,
743,Estrildidae,Waxbills,Black-rumped Waxbill,Estrilda troglodytes,,,,,,,,,,,,,,,,,,,,,,,,,,1302,1020,avibase-D30DC715,Black-rumped Waxbill Estrilda troglodytes,,
744,Estrildidae,Waxbills,Common Waxbill,Estrilda astrild,,,,,,,,,,,,,,,,,,,,,,,,,,1303,1021,avibase-61CB98C0,Common Waxbill Estrilda astrild,,
745,Estrildidae,Waxbills,Black-crowned Waxbill,Estrilda nonnula,,,,,,,,,,,,,,,,,,,,,,,,,,1304,1022,avibase-2680F124,Black-crowned Waxbill Estrilda nonnula,,
746,Estrildidae,Waxbills,Kandt's Waxbill,Estrilda kandti,,,,,,,,,,,,,,,,,,,,,,,,,,1305,1023,avibase-C38DEB1A,Kandt’s Waxbill Estrilda kandti,,Formerly treated as conspecific with Black-headed Waxbill E. atricapilla
747,Estrildidae,Waxbills,Black-faced Waxbill,Estrilda erythronotos,,,,,,,,,,,,,,,,,,,,,,,,,,1306,1024,avibase-842FF43C,Black-faced Waxbill Estrilda erythronotos,,
748,Estrildidae,Waxbills,Black-cheeked Waxbill,Estrilda charmosyna,,,,,,,,,,,,,,,,,,,,,,,,,,1307,1025,avibase-50BF77FB,Black-cheeked Waxbill Estrilda charmosyna,,
749,Estrildidae,Waxbills,Green-backed Twinspot,Mandingoa nitidula,,,,,,,,,,,,,,,,,,,,,,,,,,1287,1016,avibase-1A6B766A,Green-backed Twinspot Mandingoa nitidula,,
750,Estrildidae,Waxbills,Abyssinian Crimsonwing,Cryptospiza salvadorii,,,,,,,,,,,,,,,,,,,,,,,,,,1279,1017,avibase-98B15EE7,Abyssinian Crimsonwing Cryptospiza salvadorii,,
751,Estrildidae,Waxbills,Yellow-bellied Waxbill,Coccopygia quartinia,,,,,,,,,,,,,,,,,,,,,,,,,,1299,1015,avibase-B9BE800C,Yellow-bellied Waxbill Coccopygia quartinia,Was included in Estrilda in the 1996 list,
752,Estrildidae,Waxbills,White-breasted Negrofinch,Nigrita fusconotus,,,,,,,,,,,,,,,,,,,,,,,,,,1272,1013,avibase-F3B46894,White-breasted Negrofinch Nigrita fusconotus,,
753,Estrildidae,Waxbills,Grey-headed Negrofinch,Nigrita canicapillus,,,,,,,,,,,,,,,,,,,,,,,,,,1269,1014,avibase-B15F4C49,Grey-headed Negrofinch Nigrita canicapillus,,
754,Estrildidae,Waxbills,Cut-throat Finch,Amadina fasciata,,,,,,,,,,,,,,,,,,,,,,,,,,1322,1040,avibase-CDDA63E0,Cut-throat Finch Amadina fasciata,,
755,Estrildidae,Waxbills,African Quailfinch,Ortygospiza atricollis,,,,,,,,,,,,,,,,,,,,,,,,,,1314,1041,avibase-8E5252EB,African Quailfinch Ortygospiza atricollis,,"In the 2009 Checklist, O. fuscocrissa was used, following a then three species treatment"
756,Estrildidae,Waxbills,Orange-breasted Waxbill,Amandava subflava,,,,,,,,,,,,,,,,,,,,,,,,,,1312,1042,avibase-ECC40D44,Orange-breasted Waxbill Amandava subflava,Called Zebra Waxbill in the 1996 list,
757,Estrildidae,Waxbills,Locust Finch,Paludipasser locustella,,,,,,,,,,,,,,,,,,,,,,,,,,1313,1043,avibase-EF6293B7,Locust Finch Paludipasser locustella,Was included in Ortygospiza in the 1996 list,
758,Estrildidae,Waxbills,Bronze Mannikin,Spermestes cucullata,,,,,,,,,,,,,,,,,,,,,,,,,,1318,1045,avibase-142E4CB7,Bronze Mannikin Spermestes cucullata,,
759,Estrildidae,Waxbills,Black-and-white Mannikin,Spermestes bicolor,,,,,,,,,,,,,,,,,,,,,,,,,,1319,1046,avibase-E358EC8A,Black-and-white Mannikin Spermestes bicolor,"The race nigriceps, the Rufous-backed Mannikin, has often been regarded as a separate species in the past",
759.1,Estrildidae,Waxbills,Black-and-white Mannikin,Spermestes bicolor,,,,,,,,,,,,,,,,,,,,,,,,,,,,avibase-21C4CE6A,Black-and-white Mannikin S. bicolor,,
759.2,Estrildidae,Waxbills,Red-backed Mannikin,Spermestes (bicolor) nigriceps,,,,,,,,,,,,,,,,,,,,,,,,,,,,avibase-A02BCF5E,Red-backed Mannikin S. (b.) nigriceps,,
760,Estrildidae,Waxbills,Magpie Mannikin,Spermestes fringilloides,,,,,,,,,,,,,,,,,,,,,,,,,,1320,1047,avibase-64E386FE,Magpie Mannikin Spermestes fringilloides,,
761,Estrildidae,Waxbills,Grey-headed Silverbill,Odontospiza griseicapilla,,,,,,,,,,,,,,,,,,,,,,,,,,1317,1044,avibase-7D6F12FE,Grey-headed Silverbill Odontospiza griseicapilla,This and the next four species were included in Lonchura in the 1996 list,
762,Estrildidae,Waxbills,African Silverbill,Euodice cantans,,,,,,,,,,,,,,,,,,,,,,,,,,1267,1048,avibase-FC6A9CD0,African Silverbill Euodice cantans,,
763,Viduidae,"Whydahs, Indigobirds and Parasitic Weaver",Pin-tailed Whydah,Vidua macroura,,,,,,,,,,,,,,,,,,,,,,,,,,1328,1050,avibase-673E66F0,Pin-tailed Whydah Vidua macroura,,
764,Viduidae,"Whydahs, Indigobirds and Parasitic Weaver",Broad-tailed Paradise Whydah,Vidua obtusa,,,,,,,,,,,,,,,,,,,,,,,,,,1331,1051,avibase-C1A42CCA,Broad-tailed Paradise Whydah Vidua obtusa ,The last documented record was of a male collected at Chuka in February 1947,
765,Viduidae,"Whydahs, Indigobirds and Parasitic Weaver",Eastern Paradise Whydah,Vidua paradisaea,,,,,,,,,,,,,,,,,,,,,,,,,,1330,1052,avibase-ACF0F1A2,Eastern Paradise Whydah Vidua paradisaea,Called just Paradise Whydah in the 1996 list,
766,Viduidae,"Whydahs, Indigobirds and Parasitic Weaver",Steel-blue Whydah,Vidua hypocherina,,,,,,,,,,,,,,,,,,,,,,,,,,1327,1053,avibase-8D05A048,Steel-blue Whydah Vidua hypocherina,,
767,Viduidae,"Whydahs, Indigobirds and Parasitic Weaver",Straw-tailed Whydah,Vidua fischeri,,,,,,,,,,,,,,,,,,,,,,,,,,1329,1054,avibase-424B857C,Straw-tailed Whydah Vidua fischeri,,
768,Viduidae,"Whydahs, Indigobirds and Parasitic Weaver",Village Indigobird,Vidua chalybeata,,,,,,,,,,,,,,,,,,,,,,,,,,1323,1055,avibase-BA01A793,Village Indigobird Vidua chalybeata,,
769,Viduidae,"Whydahs, Indigobirds and Parasitic Weaver",Dusky Indigobird,Vidua funerea,,,,,,,,,,,,,,TRUE,,,,,,,,,,,,1325,1056,avibase-49EF9657,Dusky Indigobird Vidua funerea Rar.,Tape recorded and collected in the early 1990s in the Kerio Valley alongside the other two Kenya indigobird species (Payne et al.. 1992). Called the Variable Indigobird in the 1996 list,
770,Viduidae,"Whydahs, Indigobirds and Parasitic Weaver",Purple Indigobird,Vidua purpurascens,,,,,,,,,,,,,,,,,,,,,,,,,,1324,1057,avibase-2AA13F1D,Purple Indigobird Vidua purpurascens,,
771,Viduidae,"Whydahs, Indigobirds and Parasitic Weaver",Parasitic Weaver,Anomalospiza imberbis,,,,,,,,,,,,,,,,,,,,,,,,,,1322.5,1049,avibase-C97A5C39,Parasitic Weaver Anomalospiza imberbis,,
772,Passeridae,Old World Sparrows and Petronias,House Sparrow,Passer domesticus,,,,,,,,,,,,,,,,,,,,,,,,,,1184,953,avibase-240E3390,House Sparrow Passer domesticus Introduced,,
773,Passeridae,Old World Sparrows and Petronias,Somali Sparrow,Passer castanopterus,,,,,,,,,,,,,,,,,,,,,,,,,,1186,954,avibase-1D25E0DB,Somali Sparrow Passer castanopterus,,
774,Passeridae,Old World Sparrows and Petronias,Rufous Sparrow,Passer cordofanicus,,,,,,,,,,,,,,,,,,,,,,,,,,,,avibase-A61F55E3,Rufous Sparrow Passer cordofanicus,,
774.1,Passeridae,Old World Sparrows and Petronias,Kenya Rufous Sparrow,Passer (cordofanicus) rufocinctus,,,,,,,,,,,,,,,,,,,,,,,,,,1185,955,avibase-DBAB527C,Kenya Rufous Sparrow P. (c.) rufocinctus,,
774.2,Passeridae,Old World Sparrows and Petronias,Shelley’s Sparrow,Passer (cordofanicus) shelleyi,,,,,,,,,,,,,,,,,,,,,,,,,,,,avibase-126E0CFA,Shelley’s Sparrow P. (c.) shelleyi,,
775,Passeridae,Old World Sparrows and Petronias,Grey-headed Sparrow,Passer griseus,,,,,,,,,,,,,,,,,,,,,,,,,,1187,956,avibase-E10D0809,Grey-headed Sparrow Passer griseus,"The races gongonensis, suahelicus and swainsonii are frequently regarded as separate species with the English names Parrot-billed Sparrow, Swahili Sparrow and Swainson’s Sparrow, respectively (see, for instance Fry & Keith (Eds) 2004, Gill & Wright 2006)",
775.1,Passeridae,Old World Sparrows and Petronias,Northern Grey-headed Sparrow,Passer griseus ugandae ,,,,,,,,,,,,,,,,,,,,,,,,,,,,avibase-2F9F81C9,Northern Grey-headed Sparrow P. g. ugandae ,,
775.2,Passeridae,Old World Sparrows and Petronias,Parrot-billed Sparrow,Passer (griseus) gongonensis,,,,,,,,,,,,,,,,,,,,,,,,,,,,avibase-DB4998D1,Parrot-billed Sparrow P. (g.) gongonensis,,
775.3,Passeridae,Old World Sparrows and Petronias,Swahili Sparrow,Passer (griseus) suahelicus,,,,,,,,,,,,,,,,,,,,,,,,,,,,avibase-2B55E679,Swahili Sparrow P. (g.) suahelicus,,
775.4,Passeridae,Old World Sparrows and Petronias,Swainson’s Sparrow,Passer (griseus) swainsonii,,,,,,,,,,,,,,,,,,,,,,,,,,,,avibase-F375B25B,Swainson’s Sparrow P. (g.) swainsonii,,
776,Passeridae,Old World Sparrows and Petronias,Chestnut Sparrow,Passer eminibey,,,,,,,,,,,,,,,,,,,,,,,,,,1189,957,avibase-D8F2F78B,Chestnut Sparrow Passer eminibey,,
777,Passeridae,Old World Sparrows and Petronias,Yellow-spotted Petronia,Gymnoris pyrgita,,,,,,,,,,,,,,,,,,,,,,,,,,1190,958,avibase-FCD72CEE,Yellow-spotted Petronia Gymnoris pyrgita,,
778,Motacillidae,"Wagtails, Longclaws and Pipits",Grassland Pipit,Anthus cinnamomeus,,,,,,,,,,,,,,,,,,,,,,,,,,681,1069,avibase-0D7CC717,Grassland (African) Pipit Anthus cinnamomeus,"The taxon latistriatus, described from Mumias in 1899, and not recorded in Kenya since, is sometimes considered a race of A. cinnamomeus, and sometimes (e.g., by Clancey 1990) as a full species, A. latistriatus Jackson’s Pipit",
779,Motacillidae,"Wagtails, Longclaws and Pipits",Plain-backed Pipit,Anthus leucophrys,,,,,,,,,,,,,,,,,,,,,,,,,,684,1072,avibase-ECC3F122,Plain-backed Pipit Anthus leucophrys,,"In the 2009 Checkist, the subspecies goodsoni was treated as a race of Buffy Pipit, A. vaalensis, but it has more recently been returned to Plain-backed Pipit A. leucophrys (Dickinson & Christidis, 2014; del Hoyo & Collar, 2016)"
780,Motacillidae,"Wagtails, Longclaws and Pipits",Long-billed Pipit,Anthus similis,,,,,,,,,,,,,,,,,,,,,,,,,,682,1071,avibase-ECFF22D2,Long-billed Pipit Anthus similis,,"Finch et al. 2013 studied the possibility that some birds in Nairobi National Park may be a different species based on biometric, habitat and vocalisation differences, but felt further work was required."
781,Motacillidae,"Wagtails, Longclaws and Pipits",Tawny Pipit,Anthus campestris,,,,,,,,,,,,TRUE,,,,,,,,,,,,,,680,1070,avibase-250CDA58,Tawny Pipit Anthus campestris PM,,
782,Motacillidae,"Wagtails, Longclaws and Pipits",Tree Pipit,Anthus trivialis,,,,,,,,,,,,TRUE,,,,,,,,,,,,,,689,1074,avibase-365F5E97,Tree Pipit Anthus trivialis PM,,
783,Motacillidae,"Wagtails, Longclaws and Pipits",Red-throated Pipit,Anthus cervinus,,,,,,,,,,,,TRUE,,,,,,,,,,,,,,690,1075,avibase-319D044A,Red-throated Pipit Anthus cervinus PM,,
784,Motacillidae,"Wagtails, Longclaws and Pipits",Striped Pipit,Anthus lineiventris,,,,,,,,,,,,,,,,,,,,,,,,,,691,1076,avibase-C69E0E28,Striped Pipit Anthus lineiventris,,
785,Motacillidae,"Wagtails, Longclaws and Pipits",Bush Pipit,Anthus caffer,,,,,,,,,,,,,,,,,,,,,,,,,,688,1077,avibase-4C7B3D81,Bush Pipit Anthus caffer,,
786,Motacillidae,"Wagtails, Longclaws and Pipits",Sokoke Pipit,Anthus sokokensis,,,,,,,,,,,,,,,,,,,,,,,,,,692,1078,avibase-19489268,Sokoke Pipit Anthus sokokensis ,,
787,Motacillidae,"Wagtails, Longclaws and Pipits",Malindi Pipit,Anthus melindae,,,,,,,,,,,,,,,,,,,,,,,,,,686,1079,avibase-D8A51184,Malindi Pipit Anthus melindae ,,
788,Motacillidae,"Wagtails, Longclaws and Pipits",Sharpe’s Longclaw,Macronyx sharpei,,,TRUE,,,,,,,,,,,,,,,,,,,,,,,693,1065,avibase-FED54E53,Sharpe’s Longclaw Macronyx sharpei E,,
789,Motacillidae,"Wagtails, Longclaws and Pipits",Yellow-throated Longclaw,Macronyx croceus,,,,,,,,,,,,,,,,,,,,,,,,,,694,1066,avibase-0D9BFED1,Yellow-throated Longclaw Macronyx croceus,,
790,Motacillidae,"Wagtails, Longclaws and Pipits",Pangani Longclaw,Macronyx aurantiigula,,,,,,,,,,,,,,,,,,,,,,,,,,696,1067,avibase-F774B577,Pangani Longclaw Macronyx aurantiigula,,
791,Motacillidae,"Wagtails, Longclaws and Pipits",Rosy-breasted Longclaw,Macronyx ameliae,,,,,,,,,,,,,,,,,,,,,,,,,,697,1068,avibase-70129CB1,Rosy-breasted Longclaw Macronyx ameliae,,
792,Motacillidae,"Wagtails, Longclaws and Pipits",Golden Pipit,Tmetothylacus tenellus,TRUE,,,,,,,,,,,,,,,,,,,,,,,,,679,1064,avibase-B9104F62,Golden Pipit Tmetothylacus tenellus AM,,
793,Motacillidae,"Wagtails, Longclaws and Pipits",Yellow Wagtail,Motacilla flava,,,,,,,,,,,,TRUE,,,,,,,,,,,,,,678,1058,avibase-5983D677,Western Yellow Wagtail Motacilla flava PM,,
794,Motacillidae,"Wagtails, Longclaws and Pipits",Cape Wagtail,Motacilla capensis,,,,,,,,,,,,,,,,,,,,,,,,,,677,1059,avibase-4F2CC293,Cape Wagtail Motacilla capensis,,
795,Motacillidae,"Wagtails, Longclaws and Pipits",Grey Wagtail,Motacilla cinerea,,,,,,,,,,,,TRUE,,,,,,,,,,,,,,675,1060,avibase-AE073221,Grey Wagtail Motacilla cinerea PM,"am, pm",
796,Motacillidae,"Wagtails, Longclaws and Pipits",Mountain Wagtail,Motacilla clara,,,,,,,,,,,,,,,,,,,,,,,,,,676,1061,avibase-747B3A52,Mountain Wagtail Motacilla clara,,
797,Motacillidae,"Wagtails, Longclaws and Pipits",White Wagtail,Motacilla alba,,,,,,,,,,,,TRUE,,,,,,,,,,,,,,674,1062,avibase-400E032C,White Wagtail Motacilla alba PM,,
798,Motacillidae,"Wagtails, Longclaws and Pipits",African Pied Wagtail,Motacilla aguimp,,,,,,,,,,,,,,,,,,,,,,,,,,673,1063,avibase-CE7D41A6,African Pied Wagtail Motacilla aguimp,,
799,Fringillidae,"Canaries, Seedeaters and Allies",Oriole Finch,Linurgus olivaceus,,,,,,,,,,,,,,,,,,,,,,,,,,1349.5,1095,avibase-80B649D4,Oriole Finch Linurgus olivaceus,Called Oriole-Finch in the 1996 list,
800,Fringillidae,"Canaries, Seedeaters and Allies",African Citril,Crithagra citrinelloides,,,,,,,,,,,,,,,,,,,,,,,,,,1333,1081,avibase-D419E3A5,African Citril Crithagra citrinelloides,"The following fourteen Crithagra species were assigned to Serinus in the 1996 list, Crithagra citrinelloides kikuyuensis E",
800.1,Fringillidae,"Canaries, Seedeaters and Allies",Western Citril,Crithagra (citrinelloides) frontalis,,,,,,,,,,,,,,,,,,,,,,,,,,1333,1082,avibase-5108E1D3,Western Citril C. (c.) frontalis,"The following fourteen Crithagra species were assigned to Serinus in the 1996 list, Crithagra citrinelloides kikuyuensis E",
800.2,Fringillidae,"Canaries, Seedeaters and Allies",Southern (Grey-faced) Citril ,Crithagra (citrinelloides) hyposticta,,,,,,,,,,,,,,,,,,,,,,,,,,,,avibase-C978ABCC,Southern (Grey-faced) Citril C. (c.) hyposticta,,
801,Fringillidae,"Canaries, Seedeaters and Allies",Papyrus Canary,Crithagra koliensis,,,,,,,,,,,,,,,,,,,,,,,,,,1334,1083,avibase-5E456730,Papyrus Canary Crithagra koliensis,,
802,Fringillidae,"Canaries, Seedeaters and Allies",Reichenow's Seedeater [Yellow-rumped],Crithagra reichenowi,,,,,,,,,,,,,,,,,,,,,,,,,,1346,1084,avibase-69EB514A,Reichenow’s Seedeater Crithagra reichenowi,,
803,Fringillidae,"Canaries, Seedeaters and Allies",Black-throated Seedeater,Crithagra atrogularis,,,,,,,,,,TRUE,,,,,,,,,,,,,,,,1347,1085,avibase-D12CDD0F,Black-throated Seedeater (Canary) Crithagra atrogularis NRR,,
804,Fringillidae,"Canaries, Seedeaters and Allies",Yellow-fronted Canary,Crithagra mozambica,,,,,,,,,,,,,,,,,,,,,,,,,,1335,1086,avibase-169B483C,Yellow-fronted Canary Crithagra mozambica,,
805,Fringillidae,"Canaries, Seedeaters and Allies",Northern Grosbeak Canary,Crithagra donaldsoni,,,,,,,,,,,,,,,,,,,,,,,,,,1339,1087,avibase-0CEB2DA6,Northern Grosbeak Canary Crithagra donaldsoni,,
806,Fringillidae,"Canaries, Seedeaters and Allies",Southern Grosbeak Canary,Crithagra buchanani,,,,,,,,,,,,,,,,,,,,,,,,,,1338,1088,avibase-F3618305,Southern Grosbeak Canary Crithagra buchanani,,
807,Fringillidae,"Canaries, Seedeaters and Allies",White-bellied Canary,Crithagra dorsostriata,,,,,,,,,,,,,,,,,,,,,,,,,,1336,1089,avibase-90C937E4,White-bellied Canary Crithagra dorsostriata,,
808,Fringillidae,"Canaries, Seedeaters and Allies",Brimstone Canary,Crithagra sulphurata,,,,,,,,,,,,,,,,,,,,,,,,,,1337,1090,avibase-53A5E91F,Brimstone Canary Crithagra sulphurata,,
809.1,Fringillidae,"Canaries, Seedeaters and Allies",Stripe-breasted Seedeater,Crithagra striatipectus,,,,,,,,,,,,,,,,,,,,,,,,,,1341,1091,avibase-FB84DF4D,Stripe-breasted Seedeater Crithagra striatipectus,,"In the 2009 checklist, listed as C. reichardi but extra-limital Reichard's Seedeater now considered a separate species"
810,Fringillidae,"Canaries, Seedeaters and Allies",West African Seedeater,Crithagra canicapilla,,,,,,,,,,,,,,TRUE,,,,,,,,,,,,,,avibase-115CB3F4,West African Seedeater Crithagra canicapilla Rar.,Calandrella cinerea williamsi E,
811,Fringillidae,"Canaries, Seedeaters and Allies",Streaky Seedeater,Crithagra striolata,,,,,,,,,,,,,,,,,,,,,,,,,,1343,1093,avibase-580A93C2,Streaky Seedeater Crithagra striolata,,
812,Fringillidae,"Canaries, Seedeaters and Allies",Thick-billed Seedeater,Crithagra burtoni (race albifrons),,,TRUE,,,,,,,,,,,,,,,,,,,,,,,1344,1094,avibase-8E8B3DB9,Thick-billed Seedeater Crithagra burtoni (race albifrons E),Crithagra burtoni albifrons E,
813,Fringillidae,"Canaries, Seedeaters and Allies",Yellow-crowned Canary,Serinus flavivertex,,,,,,,,,,,,,,,,,,,,,,,,,,1332,1080,avibase-DCFFEEC1,Yellow-crowned Canary Serinus flavivertex,,
814,Emberizidae,Old World Buntings,Striolated Bunting,Fringillaria striolata,,,,,,,,,,,,,,,,,,,,,,,,,,1351,1097,avibase-CDF4A106,Striolated Bunting Fringillaria striolata,,"In the 2009 Checklist, listed as House Bunting which is now considered to be a separate species F. sahari"
815,Emberizidae,Old World Buntings,Cinnamon-breasted Bunting,Fringillaria tahapisi,,,,,,,,,,,,,,,,,,,,,,,,,,1352,1098,avibase-0C571D99,Cinnamon-breasted Bunting Fringillaria tahapisi,,
816,Emberizidae,Old World Buntings,Somali Bunting,Fringillaria poliopleura,,,,,,,,,,,,,,,,,,,,,,,,,,1355,1099,avibase-72386016,Somali Bunting Fringillaria poliopleura,,
817,Emberizidae,Old World Buntings,Golden-breasted Bunting,Fringillaria flaviventris,,,,,,,,,,,,,,,,,,,,,,,,,,1354,1100,avibase-D1C1A026,Golden-breasted Bunting Fringillaria flaviventris,,
818,Emberizidae,Old World Buntings,Brown-rumped Bunting,Fringillaria affinis,,,,,,,,,,,,,,TRUE,,,,,,,,,,,,1356,1101,avibase-BB11EE7F,Brown-rumped Bunting Fringillaria affinis Rar.,,
819,Emberizidae,Old World Buntings,Ortolan Bunting,Emberiza hortulana,,,,,,,,,,,,TRUE,,,,,,,,,,,,,,1350,1096,avibase-47210561,Ortolan Bunting Emberiza hortulana PM,,
820,Hyliotidae,Hyliotas,Yellow-bellied Hyliota,Hyliota flavigaster,,,,,,,,,,,,,,,,,,,,,,,,,,979,777,avibase-0F82D614,Yellow-bellied Hyliota Hyliota flavigaster,,
821,Hyliotidae,Hyliotas,Southern Hyliota,Hyliota australis,,,,,,,,,,,,,,,,,,,,,,,,,,980,778,avibase-F840409E,,,
821.1,Hyliotidae,Hyliotas,Forest (Northern) Hyliota,Hyliota (australis) slatini,,,,,,,,,,,,,,,,,,,,,,,,,,980,778,avibase-F46C1803,Forest (Northern) Hyliota Hyliota (australis) slatini,,"Formerly treated as a race of Hyliota australis, but along with the isolated form usambara in n. e. Tanzania, the TRUE systematic position of the miombo woodland Southern Hyliota (Hyliota australis) vis-a-vis the smaller-winged tropical forest birds further north (slatini and usambara) remains unresolved. "
822,Stenostiridae,Crested-flycatchers,Blue Crested-flycatcher,Elminia longicauda,,,,,,,,,,,,,,,,,,,,,,,,,,1000,616,avibase-56209052,Blue Crested-flycatcher Elminia longicauda,,
823,Stenostiridae,Crested-flycatchers,Dusky Crested Flycatcher,Elminia nigromitrata,,,,,,,,,,,,,,,,,,,,,,,,,,1005,617,avibase-B01090EF,Dusky Crested-flycatcher Elminia nigromitrata,Called Trochocercus nigromitratus in the 1996 list,
824,Stenostiridae,Crested-flycatchers,White-tailed Crested Flycatcher,Elminia albonotata,,,,,,,,,,,,,,,,,,,,,,,,,,1002,618,avibase-18ED7458,White-tailed Crested-flycatcher Elminia albonotata,Called Trochocercus albonotatus in the 1996 list,
825,Paridae,Tits,Dusky Tit,Parus funereus,,,,,,,,,,,,,,,,,,,,,,,,,,988,626,avibase-5C54F8C9,Dusky Tit Melaniparus funereus,"VS, The sole record is of an adult photographed, 2 January 1984, Malindi",
826,Paridae,Tits,Pale-eyed (White-shouldered) Black Tit,Melaniparus guineensis,,,,,,,,,,,,,,,,,,,,,,,,,,,,avibase-5C70AA7D,Pale-eyed (White-shouldered) Black Tit Melaniparus guineensis.,,"    In the 2009 Checklist, this species was referred to as Northern Black Tit Parus leucomelas.    The treatment here follows Dickinson & Christidis (2014) and del Hoyo & Collar (2016)."
827,Paridae,Tits,White-bellied Tit,Parus albiventris,,,,,,,,,,,,,,,,,,,,,,,,,,990,628,avibase-C8880D28,White-bellied Tit Melaniparus albiventris,,
828,Paridae,Tits,Red-throated Tit,Parus fringillinus,,,,,,,,,,,,,,,,,,,,,,,,,,991,629,avibase-92FDBAF0,Red-throated Tit Melaniparus fringillinus,,
829,Paridae,Tits,Northern Grey Tit,Parus thruppi,,,,,,,,,,,,,,,,,,,,,,,,,,985,630,avibase-610FFD8E,Northern Grey (Somali/Acacia) Tit Melaniparus thruppi,,
830,Remizidae,Penduline Tits,Mouse-coloured Penduline-Tit,Anthoscopus musculus,,,,,,,,,,,,,,,,,,,,,,,,,,993,631,avibase-6F967270,Mouse-coloured Penduline Tit Anthoscopus musculus,PM,
831,Remizidae,Penduline Tits,Penduline Tit,Anthoscopus caroli,,,,,,,,,,,,,,,,,,,,,,,,,,994,632,avibase-F44BD4BE,Penduline Tit Anthoscopus caroli,IO,
831.1,Remizidae,Penduline Tits,Grey Penduline Tit,Anthoscopus caroli,,,,,,,,,,,,,,,,,,,,,,,,,,,,avibase-EE4207D4,Grey Penduline Tit A. caroli,,
832,Remizidae,Penduline Tits,Buff-bellied Penduline Tit,Anthoscopus (caroli) sylviella,,,,,,,,,,,,,,,,,,,,,,,,,,,,avibase-6E9DA935,Buff-bellied Penduline Tit A. (c.) sylviella,,
833,Nicatoridae,Nicators,Eastern Nicator,Nicator gularis,,,,,,,,,,,,,,,,,,,,,,,,,,735,750,avibase-7066D2F1,Eastern Nicator Nicator gularis,,Pycnonotidae: bulbuls
834,Alaudidae,Larks,Chestnut-backed Sparrow Lark,Eremopterix leucotis,,,,,,,,,,,,,,,,,,,,,,,,,,648,670,avibase-9164F314,Chestnut-backed Sparrow Lark Eremopterix leucotis,,
835,Alaudidae,Larks,Chestnut-headed Sparrow Lark,Eremopterix signatus,,,,,,,,,,,,,,,,,,,,,,,,,,649,671,avibase-2F66131B,Chestnut-headed Sparrow Lark Eremopterix signatus,,
836,Alaudidae,Larks,Fischer’s Sparrow Lark,Eremopterix leucopareia,,,,,,,,,,,,,,,,,,,,,,,,,,647,672,avibase-97D7865F,Fischer’s Sparrow Lark Eremopterix leucopareia,,
837,Alaudidae,Larks,Fawn-coloured Lark,Calendulauda africanoides,,,,,,,,,,,,,,,,,,,,,,,,,,633,659,avibase-A990EB0B,Fawn-coloured Lark Calendulauda africanoides,,East African races sometimes separated as Foxy Lark C. alopex
838,Alaudidae,Larks,Pink-breasted Lark,Calendulauda poecilosterna,,,,,,,,,,,,,,,,,,,,,,,,,,635,662,avibase-99F447AD,Pink-breasted Lark Calendulauda poecilosterna,am,
839,Alaudidae,Larks,Singing Bush Lark,Mirafra cantillans,,,,,,,,,,,,,,,,,,,,,,,,,,624,652,avibase-6B089785,Singing Bush Lark Mirafra cantillans,,
840,Alaudidae,Larks,White-tailed Lark,Mirafra albicauda,,,,,,,,,,,,,,,,,,,,,,,,,,625,653,avibase-8E612CF6,White-tailed Lark Mirafra albicauda,,
841,Alaudidae,Larks,Williams’s Lark,Mirafra williamsi,,,TRUE,,,,,,,,,,,,,,,,,,,,,,,626,654,avibase-4E61514C,Williams’s Lark Mirafra williamsi E,,
842,Alaudidae,Larks,Friedmann’s Lark,Mirafra pulpa,TRUE,,,,,,,,,,,,,,,,,,,,,,,,,627,655,avibase-F22CCF78,Friedmann’s Lark Mirafra pulpa AM,,
843,Alaudidae,Larks,Rufous-naped Lark,Mirafra africana (race harterti),,,TRUE,,,,,,,,,,,,,,,,,,,,,,,628,656,avibase-6A0D6123,Rufous-naped Lark Mirafra africana (race harterti E),Mirafra africana harterti E,
844,Alaudidae,Larks,Red-winged Lark,Mirafra hypermetra,,,,,,,,,,,,,,,,,,,,,,,,,,630,657,avibase-BAA83B0C,Red-winged Lark Mirafra hypermetra,,
845,Alaudidae,Larks,Flappet Lark,Mirafra rufocinnamomea,,,,,,,,,,,,,,,,,,,,,,,,,,631,658,avibase-C49FA9A8,Flappet Lark Mirafra rufocinnamomea,,
846,Alaudidae,Larks,Collared Lark,Mirafra collaris,,,,,,,,,,,,,,,,,,,,,,,,,,632,660,avibase-D0EAD8A3,Collared Lark Mirafra collaris,"The only records in the last fifty years are two specimens near 14 August 1962, near Habaswein; a few seen August 1970, near the Bura Irrigation Scheme, Tana River; one see 2 November 1974, c. 50 km south of Mado Gashe",
847,Alaudidae,Larks,Gillett's Lark,Mirafra gilletti,,,,,,,,,,,,,,TRUE,,,,,,,,,,,,634,661,avibase-A3E077E6,Gillett’s Lark Mirafra gilletti Rar.,"Several specimens, May 1901 from near Mandera and El Wak; and two seen 6 September 2000 between Mandera and Ramu (EARC)",
848,Alaudidae,Larks,Somali Short-toed Lark,Alaudala somalica (includes the race athensis),,,,,,,,,,,,,,,,,,,,,,,,,,641,665,avibase-61CECCA7,Somali Short-toed Lark Alaudala somalica (includes the race athensis),,
849,Alaudidae,Larks,Greater Short-toed Lark,Calandrella brachydactyla,,,,,,,,,,,,,,TRUE,,,,,,,TRUE,,,,,639,663,avibase-4091A51E,Greater Short-toed Lark Calandrella brachydactyla VP Rar. ,,
850,Alaudidae,Larks,Red-capped Lark,Calandrella cinerea (race williamsi),,,TRUE,,,,,,,,,,,,,,,,,,,,,,,640,664,avibase-FCDA4F09,Red-capped Lark Calandrella cinerea (race williamsi E),Calandrella cinerea williamsi E,
851,Alaudidae,Larks,Masked Lark,Spizocorys personata (races intensa and mcchesneyi),,,TRUE,,,,,,,,,,,,,,,,,,,,,,,642,666,avibase-419AEB97,Masked Lark Spizocorys personata (races intensa and mcchesneyi E) ,"Spizocorys personata intensa E, Spizocorys personata mcchesneyi E",
852,Alaudidae,Larks,Short-tailed Lark,Spizocorys fremantlii,,,,,,,,,,,,,,,,,,,,,,,,,,643,667,avibase-1AF3034A,Short-tailed Lark Spizocorys fremantlii,,
853,Alaudidae,Larks,Crested Lark,Galerida cristata,,,,,,,,,,,,,,,,,,,,,,,,,,644,668,avibase-21ADC3ED,Crested Lark Galerida cristata,,
854,Alaudidae,Larks,Thekla Lark,Galerida theklae,,,,,,,,,,,,,,,,,,,,,,,,,,645,669,avibase-5351025C,Thekla’s Lark Galerida theklae,,
855,Macrosphenidae,Crombecs and Allies,Northern Crombec,Sylvietta brachyura,,,,,,,,,,,,,,,,,,,,,,,,,,962,791,avibase-7542C6F1,Northern Crombec Sylvietta brachyura,,Previosuly Sylviidae: Old World warblers
855.1,Macrosphenidae,Crombecs and Allies,Northern Crombec,Sylvietta brachyura,,,,,,,,,,,,,,,,,,,,,,,,,,,,avibase-0C8B9FA4,Northern Crombec S. brachyura,,
855.2,Macrosphenidae,Crombecs and Allies,White-bellied (Eastern) Crombec,Sylvietta (brachyura) leucopsis,,,,,,,,,,,,,,,,,,,,,,,,,,,,avibase-406E1A4D,White-bellied (Eastern) Crombec S. (b.) leucopsis,,
856,Macrosphenidae,Crombecs and Allies,Red-faced Crombec,Sylvietta whytii,,,,,,,,,,,,,,,,,,,,,,,,,,963,792,avibase-A9030503,Red-faced Crombec Sylvietta whytii,,Previosuly Sylviidae: Old World warblers
857,Macrosphenidae,Crombecs and Allies,Somali Crombec,Sylvietta isabellina,,,,,,,,,,,,,,,,,,,,,,,,,,966,793,avibase-6B9529AE,Somali Crombec Sylvietta isabellina,am,Previosuly Sylviidae: Old World warblers
858,Macrosphenidae,Crombecs and Allies,Green Crombec,Sylvietta virens,,,,,,,,,,,,,,,,,,,,,,,,,,969,794,avibase-83E5801B,Green Crombec Sylvietta virens,,Previosuly Sylviidae: Old World warblers
859,Macrosphenidae,Crombecs and Allies,White-browed Crombec,Sylvietta leucophrys,,,,,,,,,,,,,,,,,,,,,,,,,,967,795,avibase-489FFCA9,White-browed Crombec Sylvietta leucophrys,,Previosuly Sylviidae: Old World warblers
860,Macrosphenidae,Crombecs and Allies,Moustached Grass Warbler,Melocichla mentalis,,,,,,,,,,,,,,,,,,,,,,,,,,888,757,avibase-1478AA79,Moustached Grass Warbler Melocichla mentalis,Called the African Moustached Warbler in the 1996 list,Previosuly Sylviidae: Old World warblers
861,Macrosphenidae,Crombecs and Allies,Kretschmer’s Longbill,Macrosphenus kretschmeri,,,,TRUE,TRUE,,,,,,,,,,,,,,,,,,,,,960,776,avibase-D8BFA987,Kretschmer’s Longbill Macrosphenus kretschmeri Hist. Ex,,Previosuly Sylviidae: Old World warblers
862,Cisticolidae,Cisticolas and Allies,Yellow-bellied Eremomela,Eremomela icteropygialis,,,,,,,,,,,,,,,,,,,,,,,,,,970,786,avibase-9E034D83,Yellow-bellied Eremomela Eremomela icteropygialis,,Previosuly listed under Acrocephalidae
863,Cisticolidae,Cisticolas and Allies,Yellow-vented Eremomela,Eremomela flavicrissalis,,,,,,,,,,,,,,,,,,,,,,,,,,971,787,avibase-D46EE5F8,Yellow-vented Eremomela Eremomela flavicrissalis,,Previosuly listed under Acrocephalidae
864,Cisticolidae,Cisticolas and Allies,Green-backed Eremomela,Eremomela canescens,,,,,,,,,,,,,,,,,,,,,,,,,,973,788,avibase-75932535,Green-backed Eremomela Eremomela canescens,This was included within Eremomela pusilla in the 1996 list,Previosuly listed under Acrocephalidae
865,Cisticolidae,Cisticolas and Allies,Green-capped Eremomela,Eremomela scotops,,,,,,,,,,,,,,,,,,,,,,,,,,972,789,avibase-0394BA0B,Green-capped Eremomela Eremomela scotops,"am, pm, Called Common Squacco Heron in the 1996 list",Previosuly listed under Acrocephalidae
866,Cisticolidae,Cisticolas and Allies,Turner’s Eremomela,Eremomela turneri (race turneri),,,TRUE,,,,,,,,,,,,,,,,,,,,,,,975,790,avibase-7D340BF9,Turner’s Eremomela Eremomela turneri (race E. turneri E),,Previosuly listed under Acrocephalidae
867,Cisticolidae,Cisticolas and Allies,White-chinned Prinia,Schistolais leucopogon,,,,,,,,,,,,,,,,,,,,,,,,,,927,706,avibase-95B6C7C5,White-chinned Prinia Schistolais leucopogon,,
868,Cisticolidae,Cisticolas and Allies,Black-collared Apalis,Oreolais pulcher,,,,,,,,,,,,,,,,,,,,,,,,,,950,710,avibase-91FD087B,Black-collared Apalis Oreolais pulcher,,
869,Cisticolidae,Cisticolas and Allies,Bar-throated Apalis,Apalis thoracica,,,,,,,,,,,,,,,,,,,,,,,,,,952,709,avibase-B285E2B0,Bar-throated Apalis Apalis thoracica,,
870,Cisticolidae,Cisticolas and Allies,Taita Apalis,Apalis (thoracica) fuscigularis,,,TRUE,,,,,,,,,,,,,,,,,,,,,,,,,avibase-D5549C6D,Taita Apalis A. (t.) fuscigularis E.,,
871,Cisticolidae,Cisticolas and Allies,Yellow-breasted Apalis,Apalis flavida,,,,,,,,,,,,,,,,,,,,,,,,,,936,711,avibase-E70F9747,Yellow-breasted Apalis Apalis flavida,"Apalis flavida pugnax E, Apalis flavida flavocincta the Brown-tailed Apalis is considered a separate species by some",
871.1,Cisticolidae,Cisticolas and Allies,Yellow-breasted Apalis,Apalis flavida (race pugnax),,,TRUE,,,,,,,,,,,,,,,,,,,,,,,,,avibase-CA02C9A1,Yellow-breasted Apalis A. flavida (race pugnax E),,
871.2,Cisticolidae,Cisticolas and Allies,Brown-tailed Apalis,Apalis (flavida) flavocincta,,,,,,,,,,,,,,,,,,,,,,,,,,,,avibase-8C13DA6F,Brown-tailed Apalis A. (f.) flavocincta,,
872,Cisticolidae,Cisticolas and Allies,Black-throated Apalis,Apalis jacksoni,,,,,,,,,,,,,,,,,,,,,,,,,,948,712,avibase-1ABAB622,Black-throated Apalis Apalis jacksoni,,
873,Cisticolidae,Cisticolas and Allies,White-winged Apalis,Apalis chariessa,,,,TRUE,TRUE,,,,,,,,,,,,,,,,,,,,,949,713,avibase-184BA213,White-winged Apalis Apalis chariessa Hist. Ex,,
874,Cisticolidae,Cisticolas and Allies,Black-headed Apalis,Apalis melanocephala (race nigrodorsalis),,,TRUE,,,,,,,,,,,,,,,,,,,,,,,947,714,avibase-4FE76868,Black-headed Apalis Apalis melanocephala (race nigrodorsalis E),Apalis melanocephala nigrodorsalis E,
875,Cisticolidae,Cisticolas and Allies,Chestnut-throated Apalis,Apalis porphyrolaema,,,,,,,,,,,,,,,,,,,,,,,,,,940,715,avibase-E8F03B18,Chestnut-throated Apalis Apalis porphyrolaema,,
876,Cisticolidae,Cisticolas and Allies,Buff-throated Apalis,Apalis rufogularis,,,,,,,,,,,,,,,,,,,,,,,,,,942,716,avibase-75E0430B,Buff-throated Apalis Apalis rufogularis,,
877,Cisticolidae,Cisticolas and Allies,Karamoja Apalis,Apalis karamojae,,,,,,,,,,,,,,,,,,,,,,,,,,943,717,avibase-D029B521,Karamoja Apalis Apalis karamojae ,Called Square-tailed Nightjar or Mozambique Nightjar by some authors,
878,Cisticolidae,Cisticolas and Allies,Grey Apalis,Apalis cinerea,,,,,,,,,,,,,,,,,,,,,,,,,,945,718,avibase-7A8A8FCF,Grey Apalis Apalis cinerea,,
879,Cisticolidae,Cisticolas and Allies,Buff-bellied Warbler,Phyllolais pulchella,,,,,,,,,,,,,,,,,,,,,,,,,,976,708,avibase-DFC5A27D,Buff-bellied Warbler Phyllolais pulchella,,
880,Cisticolidae,Cisticolas and Allies,Grey Wren-Warbler,Calamonastes simplex,,,,,,,,,,,,,,,,,,,,,,,,,,930,724,avibase-0195CFDD,Grey Wren Warbler Calamonastes simplex,,
881,Cisticolidae,Cisticolas and Allies,Miombo (Pale) Wren Warbler,Calamonastes undosus,,,,,,,,,,,,,,,,,,,,,,,,,,931,725,avibase-1E7CADC2,Miombo (Pale) Wren Warbler Calamonastes undosus,,
882,Cisticolidae,Cisticolas and Allies,Grey-backed Camaroptera,Camaroptera brachyura,,,,,,,,,,,,,,,,,,,,,,,,,,933,722,avibase-DC456636,Grey-backed Camaroptera Camaroptera brachyura,"Grey-backed subspecies are sometimes regarded as the species C. brevicaudata, while those races with green backs are restricted to C. brachyura (the Green-backed Camaroptera)",
883,Cisticolidae,Cisticolas and Allies,Olive-green Camaroptera,Camaroptera chloronota,,,,,,,,,,,,,,,,,,,,,,,,,,934,723,avibase-65393B92,Olive-green Camaroptera Camaroptera chloronota,,
884,Cisticolidae,Cisticolas and Allies,Grey-capped Warbler,Eminia lepida,,,,,,,,,,,,,,,,,,,,,,,,,,945,721,avibase-31E5F1E9,Grey-capped Warbler Eminia lepida,,
885,Cisticolidae,Cisticolas and Allies,Red-faced Cisticola,Cisticola erythrops,,,,,,,,,,,,,,,,,,,,,,,,,,894,673,avibase-47053A35,Red-faced Cisticola Cisticola erythrops,,
886,Cisticolidae,Cisticolas and Allies,Singing Cisticola,Cisticola cantans,,,,,,,,,,,,,,,,,,,,,,,,,,893,674,avibase-6B64558B,Singing Cisticola Cisticola cantans,,
887,Cisticolidae,Cisticolas and Allies,Whistling Cisticola,Cisticola lateralis,,,,,,,,,,,,,,,,,,,,,,,,,,897,675,avibase-5A184029,Whistling Cisticola Cisticola lateralis,,
888,Cisticolidae,Cisticolas and Allies,Trilling Cisticola,Cisticola woosnami,,,,,,,,,,,,,,,,,,,,,,,,,,896,676,avibase-5BD1E605,Trilling Cisticola Cisticola woosnami,,
889,Cisticolidae,Cisticolas and Allies,Chubb's Cisticola,Cisticola chubbi,,,,,,,,,,,,,,,,,,,,,,,,,,899,677,avibase-4849AA43,Chubb’s Cisticola Cisticola chubbi,,
890,Cisticolidae,Cisticolas and Allies,Hunter's Cisticola,Cisticola hunteri,,,,,,,,,,,,,,,,,,,,,,,,,,898,678,avibase-373DCDF4,Hunter’s Cisticola Cisticola hunteri,,
891,Cisticolidae,Cisticolas and Allies,Rock-loving Cisticola,Cisticola aberrans,,,,,,,,,,,,,,,,,,,,,,,,,,895,679,avibase-2C8B24B6,Rock-loving Cisticola Cisticola aberrans,,
892,Cisticolidae,Cisticolas and Allies,Rattling Cisticola,Cisticola chiniana,,,,,,,,,,,,,,,,,,,,,,,,,,912,680,avibase-909FEE8A,Rattling Cisticola Cisticola chiniana,,
893,Cisticolidae,Cisticolas and Allies,Boran Cisticola,Cisticola bodessa,,,,,,,,,,,,,,,,,,,,,,,,,,913,681,avibase-F8469E3F,Boran Cisticola Cisticola bodessa,,
894,Cisticolidae,Cisticolas and Allies,Ashy Cisticola,Cisticola cinereolus,,,,,,,,,,,,,,,,,,,,,,,,,,917,682,avibase-71F6A3F0,Ashy Cisticola Cisticola cinereolus,"Within Cisticola many specifiepithets have been changed from the feminine -a ending to the masculine -us, following David & Gosselin (2002b) who show that Cisticola is masculine; however, those still remaining with the -a ending in the present list are indeed correct",
895,Cisticolidae,Cisticolas and Allies,Tana River Cisticola,Cisticola restrictus,,,TRUE,TRUE,,,,,,,,,,,,,,,,,,,,,,916,683,avibase-2E0E6C82,Tana River Cisticola Cisticola restrictus E; Ex; possibly invalid,,There is currently considerable doubt concerning the validity of this taxon
896,Cisticolidae,Cisticolas and Allies,Wailing Cisticola,Cisticola lais,,,,,,,,,,,,,,,,,,,,,,,,,,914,684,avibase-9AEEFA09,Wailing (Lynes’s) Cisticola Cisticola lais,Called Lynes’s Cisticola Cisticola (lais) distinctus in the 1996 list,
897,Cisticolidae,Cisticolas and Allies,Winding Cisticola,Cisticola marginatus,,,,,,,,,,,,,,,,,,,,,,,,,,906,685,avibase-1DA06308,Winding Cisticola Cisticola marginatus,,"In the 2009 Checklist, it was referred to as C. galactotes."
898,Cisticolidae,Cisticolas and Allies,Coastal Cisticola,Cisticola haematocephalus,,,,,,,,,,,,,,,,,,,,,,,,,,906,686,avibase-E88C0B71,Coastal Cisticola Cisticola haematocephalus,,
899,Cisticolidae,Cisticolas and Allies,Carruthers's Cisticola,Cisticola carruthersi,,,,,,,,,,,,,,,,,,,,,,,,,,907,687,avibase-2C6D5362,Carruthers’s Cisticola Cisticola carruthersi,,
900,Cisticolidae,Cisticolas and Allies,Levaillant's Cisticola,Cisticola tinniens (race oreophilus),,,TRUE,,,,,,,,,,,,,,,,,,,,,,,905,688,avibase-F936B680,Levaillant’s Cisticola Cisticola tinniens (race oreophilus E),Cisticola tinniens oreophilus E,
901,Cisticolidae,Cisticolas and Allies,Stout Cisticola,Cisticola robustus,,,,,,,,,,,,,,,,,,,,,,,,,,909,689,avibase-D3B1A98B,Stout Cisticola Cisticola robustus,,
902,Cisticolidae,Cisticolas and Allies,Aberdare Cisticola,Cisticola aberdare,,,TRUE,,,,,,,,,,,,,,,,,,,,,,,910,690,avibase-3C79F1AC,Aberdare Cisticola Cisticola aberdare E,,
903,Cisticolidae,Cisticolas and Allies,Croaking Cisticola,Cisticola natalensis,,,,,,,,,,,,,,,,,,,,,,,,,,911,691,avibase-FB740D14,Croaking Cisticola Cisticola natalensis,,
904,Cisticolidae,Cisticolas and Allies,Red-pate Cisticola,Cisticola ruficeps,,,,,,,,,,TRUE,,,,TRUE,,,,,,,,,,,,902,692,avibase-8338F12F,Red-pate Cisticola Cisticola ruficeps NRR Rar.,"Sole record, two seen 13 August 1990, near Lokichokio, northwestern Kenya",
905,Cisticolidae,Cisticolas and Allies,Tiny Cisticola,Cisticola nana,,,,,,,,,,,,,,,,,,,,,,,,,,903,693,avibase-BF29E8B6,Tiny Cisticola Cisticola nana,,
906,Cisticolidae,Cisticolas and Allies,Short-winged (Siffling) Cisticola,Cisticola brachypterus (race kericho),,,TRUE,,,,,,,,,,,,,,,,,,,,,,,918,694,avibase-FBDCA962,Short-winged (Siffling) Cisticola Cisticola brachypterus (race kericho E),Cisticola brachypterus kericho E,
907,Cisticolidae,Cisticolas and Allies,Foxy Cisticola,Cisticola troglodytes,,,,,,,,,,,,,,,,,,,,,,,,,,901,695,avibase-844A290B,Foxy Cisticola Cisticola troglodytes,,
908,Cisticolidae,Cisticolas and Allies,Long-tailed Cisticola,Cisticola angusticauda,,,,,,,,,,,,,,,,,,,,,,,,,,904,696,avibase-9CE4FC4C,Long-tailed (Tabora) Cisticola Cisticola angusticauda ,Called just Olive Pigeon in the 1996 list,
909,Cisticolidae,Cisticolas and Allies,Zitting Cisticola,Cisticola juncidis,,,,,,,,,,,,,,,,,,,,,,,,,,919,697,avibase-AEE2063F,Zitting Cisticola Cisticola juncidis,,
910,Cisticolidae,Cisticolas and Allies,Desert Cisticola,Cisticola aridulus,,,,,,,,,,,,,,,,,,,,,,,,,,920,698,avibase-A2C88219,Desert Cisticola Cisticola aridulus,Called Green-backed Heron B. striatus in the 1996 list; gender change following David & Gosselin (2002b),
911,Cisticolidae,Cisticolas and Allies,Black-backed Cisticola,Cisticola eximius,,TRUE,,,,,,,,,,,,,,,,,,,,,,,,921,699,avibase-53E61277,Black-backed Cisticola Cisticola eximius am,,
912,Cisticolidae,Cisticolas and Allies,Pectoral-patch Cisticola,Cisticola brunnescens,,,,,,,,,,,,,,,,,,,,,,,,,,922,700,avibase-006667E7,Pectoral-patch Cisticola Cisticola brunnescens,,
913,Cisticolidae,Cisticolas and Allies,Wing-snapping Cisticola,Cisticola ayresii,,,TRUE,,,,,,,,,,,,,,,,,,,,,,,923,701,avibase-78573BB2,Wing-snapping Cisticola Cisticola ayresii (race mauensis E),Cisticola ayresii mauensis E,
914,Cisticolidae,Cisticolas and Allies,Black-faced Rufous Warbler,Bathmocercus rufus,,,,,,,,,,,,,,,,,,,,,,,,,,886,756,avibase-438D0DFF,Black-faced Rufous Warbler Bathmocercus rufus,,Formerly listed under Sylviidae: Old World warblers
915,Cisticolidae,Cisticolas and Allies,Tawny-flanked Prinia,Prinia subflava,,,,,,,,,,,,,,,,,,,,,,,,,,924,702,avibase-63F72CA7,Tawny-flanked Prinia Prinia subflava,,
916,Cisticolidae,Cisticolas and Allies,Pale Prinia,Prinia somalica,,,,,,,,,,,,,,,,,,,,,,,,,,925,703,avibase-319F6754,Pale Prinia Prinia somalica,,
917,Cisticolidae,Cisticolas and Allies,River Prinia,Prinia fluviatilis,,,,,,,,,,,,,,TRUE,,,,,,,,,,,,925.5,704,avibase-1CB41EB5,River Prinia Prinia fluviatilis Rar.,"Not in the 1996 list. The first and only record was of several birds, 8 August 2001, near Lokichokio (Finch 2005)",
918,Cisticolidae,Cisticolas and Allies,Banded Prinia,Prinia bairdii,,,,,,,,,,,,,,,,,,,,,,,,,,926,705,avibase-C54D2FEE,Banded Prinia Prinia bairdii,Prinia bairdii melanops E,
919,Cisticolidae,Cisticolas and Allies,Red-winged Warbler,Prinia erythropterus,,,,,,,,,,,,,,,,,,,,,,,,,,928,707,avibase-C67FD539,Red-winged Warbler Prinia erythropterus,"am, pm, Called Common Squacco Heron in the 1996 list",
920,Cisticolidae,Cisticolas and Allies,Red-fronted (Red-faced) Warbler,Prinia rufifrons,,,TRUE,,,,,,,,,,,,,,,,,,,,,,,955,720,avibase-D8177CEC,Red-fronted (Red-faced) Warbler Prinia rufifrons (race rufidorsalis E),,
921,Locustellidae,Grassbirds ,Common Grasshopper Warbler,Locustella naevia,,,,,,,,,,,,,,TRUE,,,,,,,TRUE,,,,,854,758,avibase-BC0E4C9F,Common Grasshopper Warbler Locustella naevia VP Rar.,,
922,Locustellidae,Grassbirds ,River Warbler,Locustella fluviatilis,,,,,,,,,,,,TRUE,,,,,,,,,,,,,,852,759,avibase-2B020CA0,River Warbler Locustella fluviatilis PM,,
923,Locustellidae,Grassbirds ,Savi’s Warbler,Locustella luscinioides,,,,,TRUE,,,,,,,,,TRUE,,,,,,,TRUE,,,,,853,760,avibase-2D46BB98,Savi’s Warbler Locustella luscinioides VP Hist. Rar.,,
924,Locustellidae,Grassbirds ,Fan-tailed Grassbird,Schoenicola brevirostris,,,,,,,,,,,,,,,,,,,,,,,,,,889,751,avibase-2470FC01,Fan-tailed Grassbird Schoenicola brevirostris,Called the Broad-tailed Warbler in the 1996 list,
925,Locustellidae,Grassbirds ,Little Rush Warbler,Bradypterus baboecala,,,,,,,,,,,,,,,,,,,,,,,,,,880,752,avibase-ED9EE880,Little (Southern) Rush Warbler Bradypterus baboecala,"am, pm",
926,Locustellidae,Grassbirds ,Highland (Northern) Rush Warbler ,Bradypterus centralis,,,,,,,,,,,,,,,,,,,,,,,,,,,,avibase-D6A69E06,Highland (Northern) Rush Warbler Bradypterus centralis,,
927,Locustellidae,Grassbirds ,White-winged Swamp Warbler,Bradypterus carpalis,,,,,,,,,,,,,,,,,,,,,,,,,,882,753,avibase-8CA1A851,White-winged Swamp Warbler Bradypterus carpalis,,
928,Locustellidae,Grassbirds ,Evergreen Forest Warbler,Bradypterus lopezi,,,,,,,,,,,,,,,,,,,,,,,,,,883,754,avibase-8160D091,Evergreen Forest Warbler Bradypterus lopezi,,
929,Locustellidae,Grassbirds ,Cinnamon Bracken Warbler,Bradypterus cinnamomeus,,,,,,,,,,,,,,,,,,,,,,,,,,884,755,avibase-523913AE,Cinnamon Bracken Warbler Bradypterus cinnamomeus,,
930,Acrocephalidae,Reed Warblers and Allies,Papyrus Yellow Warbler,Calamonastides gracilirostris ,,,,,,,,,,,,,,,,,,,,,,,,,,890,775,avibase-25F4FE96,Papyrus Yellow Warbler Calamonastides gracilirostris ,,
931,Acrocephalidae,Reed Warblers and Allies,Dark-capped (African) Yellow Warbler,Iduna natalensis,,,,,,,,,,,,,,,,,,,,,,,,,,891,773,avibase-EBBD09CA,Dark-capped (African) Yellow Warbler Iduna natalensis,,
932,Acrocephalidae,Reed Warblers and Allies,Mountain Yellow Warbler,Iduna similis,,,,,,,,,,,,,,,,,,,,,,,,,,892,774,avibase-E999FD2D,Mountain Yellow Warbler Iduna similis,,
933,Acrocephalidae,Reed Warblers and Allies,Eastern Olivaceous Warbler,Hippolais pallida,,,,,,,,,,,,TRUE,,,,,,,,,,,,,,863,769,avibase-BAE527A2,Eastern Olivaceous Warbler Iduna pallida PM,,
934,Acrocephalidae,Reed Warblers and Allies,Upcher’s Warbler,Hippolais languida,,,,,,,,,,,,TRUE,,,,,,,,,,,,,,864,770,avibase-B10AD127,Upcher’s Warbler Hippolais languida PM,,
935,Acrocephalidae,Reed Warblers and Allies,Olive-tree Warbler,Hippolais olivetorum,,,,,,,,,,,,TRUE,,,,,,,,,,,,,,865,771,avibase-791DED18,Olive-tree Warbler Hippolais olivetorum PM,,
936,Acrocephalidae,Reed Warblers and Allies,Icterine Warbler,Hippolais icterina,,,,,,,,,,,,TRUE,,,,,,,,,,,,,,866,772,avibase-869C978C,Icterine Warbler Hippolais icterina PM,,
937,Acrocephalidae,Reed Warblers and Allies,Basra Reed Warbler,Acrocephalus griseldis,,,,,,,,,,,,TRUE,,,,,,,,,,,,,,857,761,avibase-0D42A253,Basra Reed Warbler Acrocephalus griseldis PM,PM; Endangered,
938,Acrocephalidae,Reed Warblers and Allies,Greater Swamp Warbler,Acrocephalus rufescens,,,,,,,,,,,,,,,,,,,,,,,,,,861,762,avibase-C8857CC8,Greater Swamp Warbler Acrocephalus rufescens,,
939,Acrocephalidae,Reed Warblers and Allies,Lesser Swamp Warbler,Acrocephalus gracilirostris,,,,,,,,,,,,,,,,,,,,,,,,,,862,763,avibase-4AA7817D,Lesser Swamp Warbler Acrocephalus gracilirostris,,
940,Acrocephalidae,Reed Warblers and Allies,Great Reed Warbler,Acrocephalus arundinaceus,,,,,,,,,,,,TRUE,,,,,,,,,,,,,,856,764,avibase-B283E332,Great Reed Warbler Acrocephalus arundinaceus PM,Called Green-backed Heron B. striatus in the 1996 list; gender change following David & Gosselin (2002b),
941,Acrocephalidae,Reed Warblers and Allies,Sedge Warbler,Acrocephalus schoenobaenus,,,,,,,,,,,,TRUE,,,,,,,,,,,,,,855,765,avibase-FED5AED5,Sedge Warbler Acrocephalus schoenobaenus PM,,
942,Acrocephalidae,Reed Warblers and Allies,African Reed Warbler,Acrocephalus baeticatus,,TRUE,,,,,,,,,,,,,,,,,,,,,,,,859,766,avibase-34E27C2A,African Reed Warbler Acrocephalus baeticatus am,am,
943,Acrocephalidae,Reed Warblers and Allies,Eurasian Reed Warbler,Acrocephalus scirpaceus,,,,,,,,,,,,TRUE,,,,,,,,,,,,,,858,767,avibase-3F0EE474,Eurasian Reed Warbler Acrocephalus scirpaceus PM,,
944,Acrocephalidae,Reed Warblers and Allies,Marsh Warbler,Acrocephalus palustris,,,,,,,,,,,,TRUE,,,,,,,,,,,,,,860,768,avibase-B675E006,Marsh Warbler Acrocephalus palustris PM,,
945,Hirundinidae,Swallows and Martins,Grey-rumped Swallow,Pseudhirundo griseopyga,,TRUE,,,,,,,,,,,,,,,,,,,,,,,,654,635,avibase-97E7A30B,Grey-rumped Swallow Pseudhirundo griseopyga am,,
946,Hirundinidae,Swallows and Martins,White-headed Saw-wing,Psalidoprocne albiceps,,,,,,,,,,,,,,,,,,,,,,,,,,670,633,avibase-88AAE3D3,White-headed Saw-wing Psalidoprocne albiceps,,
947,Hirundinidae,Swallows and Martins,Black Saw-wing,Psalidoprocne pristoptera,,,,,,,,,,,,,,,,,,,,,,,,,,672,634,avibase-4AC57370,Black Saw-wing Psalidoprocne pristoptera,,
948,Hirundinidae,Swallows and Martins,Common House Martin,Delichon urbicum,,,,,,,,,,,,TRUE,,,,,,,,,,,,,,669,646,avibase-30FEC6BE,Common House Martin Delichon urbicum PM,,
949,Hirundinidae,Swallows and Martins,South African Cliff Swallow,Petrochelidon spilodera,,,,,,,,,,,,,,TRUE,,,,,,,,,TRUE,,,663.5,651,avibase-7D1AE743,South African Cliff Swallow Petrochelidon spilodera VSA Rar.,"am, pm",
950,Hirundinidae,Swallows and Martins,Lesser Striped Swallow,Cecropis abyssinica,,,,,,,,,,,,,,,,,,,,,,,,,,667,647,avibase-5ACC908D,Lesser Striped Swallow Cecropis abyssinica,IO,
951,Hirundinidae,Swallows and Martins,Rufous-chested Swallow,Cecropis semirufa,,,,,,,,,,,,,,,,,,,,,,,,,,665,648,avibase-958F4A5E,Rufous-chested Swallow Cecropis semirufa,,
952,Hirundinidae,Swallows and Martins,Mosque Swallow,Cecropis senegalensis,,,,,,,,,,,,,,,,,,,,,,,,,,664,649,avibase-9185D29D,Mosque Swallow Cecropis senegalensis,,
953,Hirundinidae,Swallows and Martins,Red-rumped Swallow,Cecropis daurica,,,,,,,,,,,,,,,,,,,,,,,,,,663,650,avibase-F72A871F,Red-rumped Swallow Cecropis daurica,,
953.1,Hirundinidae,Swallows and Martins,Red-rumped Swallow,Cecropis daurica emini,,,,,,,,,,,,,,,,,,,,,,,,,,,,avibase-94F9F616,Red-rumped Swallow C. d. emini,,
953.2,Hirundinidae,Swallows and Martins,Red-rumped Swallow,Cecropis daurica rufula,,,,,,,,,,,,,,TRUE,,,,,,,TRUE,,,,,,,avibase-B4967714,Red-rumped Swallow C. d. rufula VP Rar.,,
954,Hirundinidae,Swallows and Martins,Barn Swallow,Hirundo rustica,,,,,,,,,,,,TRUE,,,,,,,,,,,,,,660,640,avibase-58C502EA,Barn Swallow Hirundo rustica PM,,
955,Hirundinidae,Swallows and Martins,Angola Swallow,Hirundo angolensis,,,,,,,,,,,,,,,,,,,,,,,,,,662,641,avibase-B418B155,Angola Swallow Hirundo angolensis,,
956,Hirundinidae,Swallows and Martins,Ethiopian Swallow,Hirundo aethiopica,,,,,,,,,,,,,,,,,,,,,,,,,,661,642,avibase-42E93B64,Ethiopian Swallow Hirundo aethiopica,,
957,Hirundinidae,Swallows and Martins,Wire-tailed Swallow,Hirundo smithii,,,,,,,,,,,,,,,,,,,,,,,,,,657,643,avibase-B79D6B3D,Wire-tailed Swallow Hirundo smithii,,
958,Hirundinidae,Swallows and Martins,Blue Swallow,Hirundo atrocaerulea,TRUE,,,,,,,,,,,,,,,,,,,,,,,,,655,644,avibase-CB7FB32A,Blue Swallow Hirundo atrocaerulea AM,,
959,Hirundinidae,Swallows and Martins,Rock Martin,Ptyonoprogne fuligula,,,,,,,,,,,,,,,,,,,,,,,,,,668,645,avibase-47DA0258,Rock Martin Ptyonoprogne fuligula,,
960,Hirundinidae,Swallows and Martins,Banded Martin,Neophedina cincta,,TRUE,,,,,,,,,,,,,,,,,,,,,,,,650,639,avibase-1AED683B,Banded Martin Neophedina cincta am,,
961,Hirundinidae,Swallows and Martins,Mascarene Martin,Phedina borbonica,,,,,,,,,,TRUE,,,,TRUE,,,,TRUE,,,,,,,,653,636,avibase-6C7BEEC6,Mascarene Martin Phedina borbonica VM NRR Rar.,,
962,Hirundinidae,Swallows and Martins,Plain Martin,Riparia paludicola,,TRUE,,,,,,,,,,,,,,,,,,,,,,,,651,637,avibase-D2854489,Plain Martin Riparia paludicola am,,
963,Hirundinidae,Swallows and Martins,Sand Martin,Riparia riparia,,,,,,,,,,,,TRUE,,,,,,,,,,,,,,652,638,avibase-94A1C447,Sand Martin Riparia riparia PM,Called Casmerodius albus and Great Egret in the 1996 list,
964,Pycnonotidae,Bulbuls,Slender-billed Greenbul,Stelgidillas gracilirostris (race percivali),,,TRUE,,,,,,,,,,,,,,,,,,,,,,,703,735,avibase-5D82C13B,Slender-billed Greenbul Stelgidillas gracilirostris (race percivali E),,
965,Pycnonotidae,Bulbuls,Sombre (Zanzibar) Greenbul ,Andropadus importunus,,,,,,,,,,,,,,,,,,,,,,,,,,708,736,avibase-79A45DAF,Sombre (Zanzibar) Greenbul Andropadus importunus,Called the Zanzibar Sombre Greenbul in the 1996 list,
966,Pycnonotidae,Bulbuls,Red-tailed Bristlebill,Bleda syndactyla,,,,,,,,,,,,,,,,,,,,,,,,,,730,749,avibase-5A94FEAE,Red-tailed Bristlebill Bleda syndactyla,,
967,Pycnonotidae,Bulbuls,Yellow-throated Greenbul (Leaflove) ,Atimastillas flavicollis,,,,,,,,,,,,,,,,,,,,,,,,,,728,740,avibase-C73137EA,Yellow-throated Greenbul (Leaflove) Atimastillas flavicollis,,
968,Pycnonotidae,Bulbuls,Honeyguide Greenbul,Baeopogon indicator,,,,,,,,,,,,,,,,,,,,,,,,,,723,737,avibase-E6A0D208,Honeyguide Greenbul Baeopogon indicator,,
969,Pycnonotidae,Bulbuls,Joyful Greenbul,Chlorocichla laetissima,,,,,,,,,,,,,,,,,,,,,,,,,,725,738,avibase-4602AC01,Joyful Greenbul Chlorocichla laetissima,,
970,Pycnonotidae,Bulbuls,Yellow-bellied Greenbul,Chlorocichla flaviventris,,,,,,,,,,,,,,,,,,,,,,,,,,726,739,avibase-D083BB3F,Yellow-bellied Greenbul Chlorocichla flaviventris,,
971,Pycnonotidae,Bulbuls,Shelley's Greenbul,Arizelocichla masukuensis,,,,,,,,,,,,,,,,,,,,,,,,,,704,727,avibase-6FC57210,Shelley’s Greenbul Arizelocichla masukuensis,,
972,Pycnonotidae,Bulbuls,Mountain Greenbul,Arizelocichla nigriceps,,,,,,,,,,,,,,,,,,,,,,,,,,705,728,avibase-54A902B5,Mountain Greenbul Arizelocichla nigriceps,,
972.1,Pycnonotidae,Bulbuls,Olive-breasted Mountain Greenbul,Arizelocichla (nigriceps) kikuyuensis,,,,,,,,,,,,,,,,,,,,,,,,,,,,avibase-1EEE86B8,Olive-breasted Mountain Greenbul A. (n.) kikuyuensis,,
972.2,Pycnonotidae,Bulbuls,Eastern Mountain Greenbul,Arizelocichla nigriceps nigriceps,,,,,,,,,,,,,,,,,,,,,,,,,,705,728,avibase-FC523946,Eastern Mountain Greenbul A. n. nigriceps,,
973,Pycnonotidae,Bulbuls,Stripe-cheeked Greenbul,Arizelocichla milanjensis,,,,,,,,,,,,,,,,,,,,,,,,,,707,729,avibase-4996833A,Stripe-cheeked Greenbul Arizelocichla milanjensis,,
974,Pycnonotidae,Bulbuls,Little Greenbul,Eurillas virens,,,,,,,,,,,,,,,,,,,,,,,,,,701,730,avibase-3413C42C,Little Greenbul Eurillas virens,,
975,Pycnonotidae,Bulbuls,Yellow-whiskered Greenbul,Eurillas latirostris,,,,,,,,,,,,,,,,,,,,,,,,,,702,734,avibase-728B225E,Yellow-whiskered Greenbul Eurillas latirostris,,
976,Pycnonotidae,Bulbuls,Little Grey Greenbul,Eurillas gracilis,,,,,,,,,,,,,,,,,,,,,,,,,,699,731,avibase-486103D7,Little Grey Greenbul Eurillas gracilis,,
977,Pycnonotidae,Bulbuls,Ansorge's Greenbul,Eurillas ansorgei (race kavirondensis),,,TRUE,,,,,,,,,,,,,,,,,,,,,,,700,732,avibase-0EA5F2E1,Ansorge’s Greenbul Eurillas ansorgei (race kavirondensis E),,
978,Pycnonotidae,Bulbuls,Plain Greenbul,Eurillas curvirostris,,,,,,,,,,,,,,,,,,,,,,,,,,698,733,avibase-0B325B7F,Plain (Cameroon Sombre) Greenbul Eurillas curvirostris ,,
979,Pycnonotidae,Bulbuls,Terrestrial Brownbul,Phyllastrephus terrestris,,,,,,,,,,,,,,,,,,,,,,,,,,715,741,avibase-07FD1D4C,Terrestrial Brownbul Phyllastrephus terrestris,,
980,Pycnonotidae,Bulbuls,Northern Brownbul,Phyllastrephus strepitans,,,,,,,,,,,,,,,,,,,,,,,,,,714,742,avibase-29820AD9,Northern Brownbul Phyllastrephus strepitans,,
981,Pycnonotidae,Bulbuls,Grey-olive Greenbul,Phyllastrephus cerviniventris,,,,,,,,,,,,,,,,,,,,,,,,,,709,743,avibase-7CE29E0E,Grey-olive Greenbul Phyllastrephus cerviniventris,,
982,Pycnonotidae,Bulbuls,Toro Olive Greenbul,Phyllastrephus hypochloris,,,,,,,,,,,,,,,,,,,,,,,,,,710,744,avibase-2E3D5AAF,Toro Olive Greenbul Phyllastrephus hypochloris,Called just Olive Pigeon in the 1996 list,
983,Pycnonotidae,Bulbuls,Fischer's Greenbul,Phyllastrephus fischeri,,,,,,,,,,,,,,,,,,,,,,,,,,712,745,avibase-2DA2C52F,Fischer’s Greenbul Phyllastrephus fischeri,,
984,Pycnonotidae,Bulbuls,Cabanis's Greenbul,Phyllastrephus cabanisi,,,,,,,,,,,,,,,,,,,,,,,,,,713,746,avibase-24F71192,Cabanis’s Greenbul Phyllastrephus cabanisi,,
984.1,Pycnonotidae,Bulbuls,Cabanis's Greenbul,Phyllastrephus cabanisi,,,,,,,,,,,,,,,,,,,,,,,,,,,,avibase-3029C547,Cabanis’s Greenbul P. cabanisi,,
984.2,Pycnonotidae,Bulbuls,Placid Greenbul,Phyllastrephus (cabanisi) placidus ,,,,,,,,,,,,,,,,,,,,,,,,,,,,avibase-CF1DDF4E,Placid Greenbul P. (c.) placidus ,,
985,Pycnonotidae,Bulbuls,Yellow-streaked Greenbul,Phyllastrephus flavostriatus,,,,TRUE,,,,,,,,,,,,,,,,,,,,,,719,747,avibase-651384DF,Yellow-streaked Greenbul Phyllastrephus flavostriatus Ex,,
986,Pycnonotidae,Bulbuls,Tiny Greenbul,Phyllastrephus debilis,,,,,,,,,,,,,,,,,,,,,,,,,,720,748,avibase-FA137697,Tiny Greenbul Phyllastrephus debilis,,
987,Pycnonotidae,Bulbuls,Common Bulbul,Pycnonotus barbatus,,,,,,,,,,,,,,,,,,,,,,,,,,729,726,avibase-6ABDB635,Common Bulbul Pycnonotus barbatus,,
987.1,Pycnonotidae,Bulbuls,Common Bulbul,Pycnonotus barbatus,,,,,,,,,,,,,,,,,,,,,,,,,,,,avibase-ADC1F0C9,Common Bulbul P. barbatus,,
987.2,Pycnonotidae,Bulbuls,Dodson’s Bulbul,Pycnonotus (barbatus) dodsoni,,,,,,,,,,,,,,,,,,,,,,,,,,,,avibase-B2F86107,Dodson’s Bulbul P. (b.) dodsoni,,
988,Phylloscopidae,Old World Leaf Warblers,Wood Warbler,Rhadina sibilatrix,,,,,,,,,,,,TRUE,,,,,,,,,,,,,,873,783,avibase-572C4C7F,Wood Warbler Rhadina sibilatrix PM,,Formerly listed as Phylloscopus trochilus 
989,Phylloscopidae,Old World Leaf Warblers,Willow Warbler,Phylloscopus trochilus,,,,,,,,,,,,TRUE,,,,,,,,,,,,,,872,784,avibase-88F4B969,Willow Warbler Phylloscopus trochilus PM,,Formerly listed as Phylloscopus collybita 
990,Phylloscopidae,Old World Leaf Warblers,Common Chiffchaff,Phylloscopus collybita,,,,,,,,,,,,TRUE,,,,,,,,,,,,,,871,785,avibase-F9F4B04D,Common Chiffchaff Phylloscopus collybita PM,,Formerly listed as  Phylloscopus sibilatrix 
991,Phylloscopidae,Old World Leaf Warblers,Yellow-throated Woodland Warbler,Seicercus ruficapilla,,,,,,,,,,,,,,,,,,,,,,,,,,877,780,avibase-F6B77E64,Yellow-throated Woodland Warbler Seicercus ruficapilla,,Formerly listed as Phylloscopus ruficapilla
992,Phylloscopidae,Old World Leaf Warblers,Uganda Woodland Warbler,Seicercus budongoensis,,,,,,,,,,,,,,,,,,,,,,,,,,874,781,avibase-132E0773,Uganda Woodland Warbler Seicercus budongoensis,,Formerly listed as  Phylloscopus budongoensis
993,Phylloscopidae,Old World Leaf Warblers,Brown Woodland Warbler,Seicercus umbrovirens,,,,,,,,,,,,,,,,,,,,,,,,,,876,782,avibase-E22B8495,Brown Woodland Warbler Seicercus umbrovirens,,Formerly listed as Phylloscopus umbrovirens
994,Scotocercidae,Erythrocercid Flycatchers and Hylias,Little Yellow Flycatcher,Erythrocercus holochlorus,,,,,,,,,,,,,,,,,,,,,,,,,,,,avibase-847AE7B8,Little Yellow Flycatcher Erythrocercus holochlorus,,
995,Scotocercidae,Erythrocercid Flycatchers and Hylias,Green Hylia,Hylia prasina,,,,,,,,,,,,,,,,,,,,,,,,,,879,779,avibase-98BA31AA,Green Hylia Hylia prasina,,
996,Sylviidae,Sylviid Warblers and Hill Babblers,African Hill Babbler,Sylvia abyssinica,,,,,,,,,,,,,,,,,,,,,,,,,,737,807,avibase-7C3026CC,African Hill Babbler Sylvia abyssinica,,
997,Sylviidae,Sylviid Warblers and Hill Babblers,Blackcap,Sylvia atricapilla,,,,,,,,,,,,TRUE,,,,,,,,,,,,,,870,796,avibase-61F9065B,Blackcap Sylvia atricapilla PM,,
998,Sylviidae,Sylviid Warblers and Hill Babblers,Garden Warbler,Sylvia borin,,,,,,,,,,,,TRUE,,,,,,,,,,,,,,869,797,avibase-A6A4FC63,Garden Warbler Sylvia borin PM,,
999,Sylviidae,Sylviid Warblers and Hill Babblers,Barred Warbler,Sylvia nisoria,,,,,,,,,,,,TRUE,,,,,,,,,,,,,,867,798,avibase-1EA60B94,Barred Warbler Sylvia nisoria PM,,
1000,Sylviidae,Sylviid Warblers and Hill Babblers,Common Whitethroat,Sylvia communis,,,,,,,,,,,,TRUE,,,,,,,,,,,,,,868,799,avibase-14AFBA82,Common Whitethroat Sylvia communis PM,,
1001,Sylviidae,Sylviid Warblers and Hill Babblers,Lesser Whitethroat,Sylvia curruca,,,,,,,,,,,,,,TRUE,,,,,,,TRUE,,,,,,,avibase-0DCD05BE,Lesser Whitethroat Sylvia curruca VP Rar.,,
1002,Sylviidae,Sylviid Warblers and Hill Babblers,Brown Parisoma,Sylvia lugens,,,,,,,,,,,,,,,,,,,,,,,,,,977,800,avibase-16FEF081,Brown Parisoma Sylvia lugens,,
1003,Sylviidae,Sylviid Warblers and Hill Babblers,Banded Parisoma,Sylvia boehmi (race marsabit),,,TRUE,,,,,,,,,,,,,,,,,,,,,,,978,801,avibase-982C918E,Banded Parisoma Sylvia boehmi (race marsabit E),,
1004,Zosteropidae,White-eyes,Common Scrub White-eye,Zosterops flavilateralis,,,,,,,,,,,,,,,,,,,,,,,,,,,,avibase-F80D69C2,Common Scrub White-eye Zosterops flavilateralis,,In the 2009 Checklist listed as Abyssinian White-eye Z. abyssinicus
1005,Zosteropidae,White-eyes,Northern Yellow White-eye,Zosterops senegalensis,,,,,,,,,,,,,,,,,,,,,,,,,,983,817,avibase-EAC8528E,Northern Yellow White-eye Zosterops senegalensis ,Called the Yellow White-eye in the 1996 list,Formerly listed as African Yellow White-eye  Zosterops senegalensis
1006,Zosteropidae,White-eyes,Montane (Heuglin’s) White-eye,Zosterops poliogastrus (race kulalensis),,,TRUE,,,,,,,,,,,,,,,,,,,,,,,982,818,avibase-BF3D3E26,Montane (Heuglin’s) White-eye Zosterops poliogastrus (race kulalensis E),"Called Z. poliogaster in the 1996 list, but Z. poliogastrus is spelling and gender correct (David & Gosselin 2002a). Includes the Kulal White-eye Z. p. kulalensis E, the Kikuyu White-eye Z. p. kikuyuensis E, and the Taita White-eye Z. p. silvanus E; these three taxa are sometimes regarded as separate species",
1007,Zosteropidae,White-eyes,Kikuyu White-eye, Zosterops kikuyuensis,,,TRUE,,,,,,,,,,,,,,,,,,,,,,,,,avibase-6483A467,Kikuyu White-eye Zosterops kikuyuensis E,,
1008,Zosteropidae,White-eyes,Taita White-eye,Zosterops silvanus,,,TRUE,,,,,,,,,,,,,,,,,,,,,,,,,avibase-B24BD4A1,Taita White-eye Zosterops silvanus E,,
1009,Zosteropidae,White-eyes,Mbulu White-eye,Zosterops mbuluensis,,,,,,,,,,,,,,,,,,,,,,,,,,,,avibase-086290D2,Mbulu White-eye Zosterops mbuluensis,,
1010,Pellorneidae,Illadopses (Ground-babblers),Scaly-breasted Illadopsis,Illadopsis albipectus,,,,,,,,,,,,,,,,,,,,,,,,,,753,802,avibase-2D157C82,Scaly-breasted Illadopsis Illadopsis albipectus,,
1011,Pellorneidae,Illadopses (Ground-babblers),Pale-breasted Illadopsis,Illadopsis rufipennis,,,,,,,,,,,,,,,,,,,,,,,,,,752,803,avibase-64078193,Pale-breasted Illadopsis Illadopsis rufipennis,,
1012,Pellorneidae,Illadopses (Ground-babblers),Grey-breasted Illadopsis,Illadopsis distans,,,,,,,,,,,,,,TRUE,,,,,,,,,,,,,,avibase-A14D3117,Grey-breasted Illadopsis Illadopsis distans Rar.,Called Grey-chested Illadopsis in the 1996 list; no documented records since 1979,"In the 2009 Checklist, it was treated as a race of Pale-breasted Illadopsis"
1013,Pellorneidae,Illadopses (Ground-babblers),Brown Illadopsis,Illadopsis fulvescens,,,,,,,,,,,,,,,,,,,,,,,,,,750,804,avibase-3805ACAD,Brown Illadopsis Illadopsis fulvescens,,
1014,Pellorneidae,Illadopses (Ground-babblers),Mountain Illadopsis,Illadopsis pyrrhoptera,,,,,,,,,,,,,,,,,,,,,,,,,,751,805,avibase-596BDE51,Mountain Illadopsis Illadopsis pyrrhoptera,,
1015,Leiothrichidae,Laughingthrushes and Allies ,Scaly Chatterer,Argya aylmeri,,,,,,,,,,,,,,,,,,,,,,,,,,747,808,avibase-987C8F6E,Scaly Chatterer Argya aylmeri,am,Previously Scaly Chatterer  Turdoides aylmeri
1016,Leiothrichidae,Laughingthrushes and Allies ,Rufous Chatterer,Argya rubiginosa,,,,,,,,,,,,,,,,,,,,,,,,,,746,809,avibase-861DA135,Rufous Chatterer Argya rubiginosa,,Previously Rufous Chatterer  Turdoides rubiginosa
1017,Leiothrichidae,Laughingthrushes and Allies ,Black-lored Babbler,Turdoides sharpei,,,,,,,,,,,,,,,,,,,,,,,,,,738,810,avibase-7350FE4C,Black-lored Babbler Turdoides sharpei ,Turdoides sharpei vepres E,Previously Black-lored Babbler  Turdoides sharpei
1017.1,Leiothrichidae,Laughingthrushes and Allies ,Black-lored Babbler,Turdoides sharpei sharpei ,,,,,,,,,,,,,,,,,,,,,,,,,,,,avibase-42C9B9B1,Black-lored Babbler T. s. sharpei ,Turdoides sharpei vepres E,
1017.2,Leiothrichidae,Laughingthrushes and Allies ,Black-lored (Mt. Kenya) Babbler,Turdoides (sharpei) vepres,,,TRUE,,,,,,,,,,,,,,,,,,,,,,,,,avibase-BE76A224,Black-lored (Mt. Kenya) Babbler T. (s.) vepres E,,
1018,Leiothrichidae,Laughingthrushes and Allies ,Brown Babbler,Turdoides plebejus,,,,,,,,,,,,,,,,,,,,,,,,,,740,811,avibase-6EBDD2D5,Brown Babbler Turdoides plebejus,,
1019,Leiothrichidae,Laughingthrushes and Allies ,Arrow-marked Babbler,Turdoides jardineii,,,,,,,,,,,,,,,,,,,,,,,,,,739,812,avibase-E6576A8D,Arrow-marked Babbler Turdoides jardineii,,
1020,Leiothrichidae,Laughingthrushes and Allies ,Scaly Babbler,Turdoides squamulata,,,,,,,,,,,,,,,,,,,,,,,,,,741,813,avibase-0E9C6F45,Scaly Babbler Turdoides squamulata,"Species epithet was squamulatus in the 1996 list, changed following David & Gosselin (2002b)",
1021,Leiothrichidae,Laughingthrushes and Allies ,Hinde’s Babbler,Turdoides hindei,,,TRUE,,,,,,,,,,,,,,,,,,,,,,,814,743,avibase-224B2B08,Hinde’s Babbler Turdoides hindei E,,
1022,Leiothrichidae,Laughingthrushes and Allies ,Northern Pied Babbler ,Turdoides hypoleuca,,,,,,,,,,,,,,,,,,,,,,,,,,815,744,avibase-B0F2FB67,Northern Pied Babbler Turdoides hypoleuca,"Species epithet was hypoleucus in the 1996 list, changed following David & Gosselin (2002b)",
1023,Sittidae (Salpornithinae),Treecreepers,Spotted Creeper,Salpornis salvadori,,,,,,,,,,,,,,,,,,,,,,,,,,996,819,avibase-A51A5F84,African Spotted Creeper Salpornis salvadori,,
1024,Buphagidae,Oxpeckers,Red-billed Oxpecker,Buphagus erythrorhynchus,,,,,,,,,,,,,,,,,,,,,,,,,,1129,845,avibase-7471E71D,Red-billed Oxpecker Buphagus erythrorhynchus,,
1025,Buphagidae,Oxpeckers,Yellow-billed Oxpecker,Buphagus africanus,,,,,,,,,,,,,,,,,,,,,,,,,,1130,846,avibase-5D970425,Yellow-billed Oxpecker Buphagus africanus,,
1026,Sturnidae,Starlings,Wattled Starling,Creatophora cinerea,,TRUE,,,,,,,,,,,,,,,,,,,,,,,,1128,821,avibase-9D95139B,Wattled Starling Creatophora cinerea am,,
1027,Sturnidae,Starlings,Rose-coloured Starling,Pastor roseus,,,,,,,,,,,,,,TRUE,,,,,,,TRUE,,,,,1098.55,820,avibase-24208346,Rose-coloured Starling Pastor roseus VP Rar.,,
1028,Sturnidae,Starlings,Red-winged Starling,Onychognathus morio,,,,,,,,,,,,,,,,,,,,,,,,,,1103,838,avibase-508D5CA2,Red-winged Starling Onychognathus morio,,
1029,Sturnidae,Starlings,Slender-billed Starling,Onychognathus tenuirostris,,,,,,,,,,,,,,,,,,,,,,,,,,1105,839,avibase-F2C7AA06,Slender-billed Starling Onychognathus tenuirostris,,
1030,Sturnidae,Starlings,Waller's Starling,Onychognathus walleri,,,,,,,,,,,,,,,,,,,,,,,,,,1102,840,avibase-E11D6D66,Waller’s Starling Onychognathus walleri,,
1031,Sturnidae,Starlings,Bristle-crowned Starling,Onychognathus salvadorii,,,,,,,,,,,,,,,,,,,,,,,,,,1106,841,avibase-E8DEABBD,Bristle-crowned Starling Onychognathus salvadorii,,
1032,Sturnidae,Starlings,Magpie Starling,Speculipastor bicolor,,,,,,,,,,,,,,,,,,,,,,,,,,1126,837,avibase-D3390C6C,Magpie Starling Speculipastor bicolor,,
1033,Sturnidae,Starlings,Sharpe's Starling,Pholia sharpii,,,,,,,,,,,,,,,,,,,,,,,,,,1123,844,avibase-D6F2837E,Sharpe’s Starling Pholia sharpii,Called Cinnyricinclus sharpii in the 1996 list,
1034,Sturnidae,Starlings,Abbott’s Starling,Poeoptera femoralis ,,,,,,,,,,,,,,,,,,,,,,,,,,1122,834,avibase-1350773F,Abbott’s Starling Poeoptera femoralis ,PM; Near Threatened,
1035,Sturnidae,Starlings,Stuhlmann's Starling,Poeoptera stuhlmanni,,,,,,,,,,,,,,,,,,,,,,,,,,1100,842,avibase-AEC1B69C,Stuhlmann’s Starling Poeoptera stuhlmanni,,
1036,Sturnidae,Starlings,Kenrick's Starling,Poeoptera kenricki (race bensoni),,,TRUE,,,,,,,,,,,,,,,,,,,,,,,1101,843,avibase-295B9665,Kenrick’s Starling Poeoptera kenricki (race bensoni E),Poeoptera kenricki bensoni E,
1037,Sturnidae,Starlings,Greater Blue-eared Starling,Lamprotornis chalybaeus,,,,,,,,,,,,,,,,,,,,,,,,,,1111,822,avibase-7DDB347E,Greater Blue-eared Starling Lamprotornis chalybaeus,,
1038,Sturnidae,Starlings,Lesser Blue-eared Starling,Lamprotornis chloropterus,,,,,,,,,,,,,,,,,,,,,,,,,,1112,823,avibase-0AA15ACA,Lesser Blue-eared Starling Lamprotornis chloropterus,,
1039,Sturnidae,Starlings,Bronze-tailed Starling,Lamprotornis chalcurus,,,,,,,,,,,,,,,,,,,,,,,,,,1113,824,avibase-AEEED5D0,Bronze-tailed Starling Lamprotornis chalcurus,,
1040,Sturnidae,Starlings,Splendid Starling,Lamprotornis splendidus,,TRUE,,,,,,,,,,,,,,,,,,,,,,,,1109,825,avibase-18B10CF9,Splendid Starling Lamprotornis splendidus am,,
1041,Sturnidae,Starlings,Purple Starling,Lamprotornis purpureus,,,,,,,,,,,,,,,,,,,,,,,,,,1110,826,avibase-6A0BA87A,Purple Starling Lamprotornis purpureus,,
1042,Sturnidae,Starlings,Rüppell's Starling,Lamprotornis purpuroptera,,,,,,,,,,,,,,,,,,,,,,,,,,1115,827,avibase-3BB2565D,Rüppell’s Starling Lamprotornis purpuroptera,Called Rüppell’s Long-tailed Starling L. purpuropterus in the 1996 list,
1043,Sturnidae,Starlings,Golden-breasted Starling,Lamprotornis regius,,,,,,,,,,,,,,,,,,,,,,,,,,1119,828,avibase-EE674721,Golden-breasted Starling Lamprotornis regius,Was Cosmopsarus regius in the 1996 list. Lamprotornis regius magnificus E,
1044,Sturnidae,Starlings,Superb Starling,Lamprotornis superbus,,,,,,,,,,,,,,,,,,,,,,,,,,1118,830,avibase-405CCAAE,Superb Starling Lamprotornis superbus,,
1045,Sturnidae,Starlings,Hildebrandt's Starling,Lamprotornis hildebrandti,,,,,,,,,,,,,,,,,,,,,,,,,,1116,831,avibase-621F6E07,Hildebrandt’s Starling Lamprotornis hildebrandti,,
1046,Sturnidae,Starlings,Shelley’s Starling,Lamprotornis shelleyi,,TRUE,,,,,,,,,,,,,,,,,,,,,,,,1117,832,avibase-B24A13C7,Shelley’s Starling Lamprotornis shelleyi am,,
1047,Sturnidae,Starlings,Fischer's Starling,Lamprotornis fischeri,,,,,,,,,,,,,,,,,,,,,,,,,,1124,833,avibase-4FF4CAF8,Fischer’s Starling Lamprotornis fischeri,Was Spreo fischeri in the 1996 list,
1048,Sturnidae,Starlings,White-crowned Starling,Lamprotornis albicapillus (race horrensis),,,TRUE,,,,,,,,,,,,,,,,,,,,,,,1125,836,avibase-A77D4A77,White-crowned Starling Lamprotornis albicapillus (race horrensis E),,
1049,Sturnidae,Starlings,Violet-backed Starling,Cinnyricinclus leucogaster,TRUE,,,,,,,,,,,,,,,,,,,,,,,,,1121,835,avibase-B1A3AF6C,Violet-backed Starling Cinnyricinclus leucogaster AM,,
1050,Sturnidae,Starlings,Black-bellied Starling,Notopholia corusca,,,,,,,,,,,,,,,,,,,,,,,,,,1108,829,avibase-40781028,Black-bellied Starling Notopholia corusca ,,
1051,Muscicapidae,"Scrub Robins, African Robins, Chats and Flycatchers",Bearded Scrub Robin,Cercotrichas quadrivirgata,,,,,,,,,,,,,,,,,,,,,,,,,,788,872,avibase-92908926,Bearded Scrub Robin Cercotrichas quadrivirgata,Called the Eastern Bearded Scrub Robin in the 1996 list,
1052,Muscicapidae,"Scrub Robins, African Robins, Chats and Flycatchers",Brown-backed Scrub Robin,Cercotrichas hartlaubi,,,,,,,,,,,,,,,,,,,,,,,,,,787,873,avibase-15B2DD49,Brown-backed Scrub Robin Cercotrichas hartlaubi,,
1053,Muscicapidae,"Scrub Robins, African Robins, Chats and Flycatchers",White-browed Scrub Robin,Cercotrichas leucophrys,,,,,,,,,,,,,,,,,,,,,,,,,,786,874,avibase-B5B6EC7B,White-browed Scrub Robin Cercotrichas leucophrys,"The races vulpina, leucoptera and eluta are sometimes called the White-winged Scrub Robin","The races vulpina, leucoptera and eluta are sometimes called White-winged Scrub Robin"
1054,Muscicapidae,"Scrub Robins, African Robins, Chats and Flycatchers",Rufous Bush Chat,Cercotrichas galactotes,,,,,,,,,,,,TRUE,,,,,,,,,,,,,,791,875,avibase-B68BD0D2,Rufous-tailed Scrub Robin (Bush Chat) Cercotrichas galactotes PM,,
1055,Muscicapidae,"Scrub Robins, African Robins, Chats and Flycatchers",Spotted Flycatcher,Muscicapa striata,,,,,,,,,,,,TRUE,,,,,,,,,,,,,,829,901,avibase-EE8206E7,Spotted Flycatcher Muscicapa striata PM,,
1056,Muscicapidae,"Scrub Robins, African Robins, Chats and Flycatchers",Gambaga Flycatcher,Muscicapa gambagae,,TRUE,,,,,,,,,,,,,,,,,,,,,,,,830,902,avibase-7387E828,Gambaga Flycatcher Muscicapa gambagae am,,
1057,Muscicapidae,"Scrub Robins, African Robins, Chats and Flycatchers",Swamp Flycatcher,Muscicapa aquatica,,,,,,,,,,,,,,,,,,,,,,,,,,833,904,avibase-77F0C62C,Swamp Flycatcher Muscicapa aquatica,,
1058,Muscicapidae,"Scrub Robins, African Robins, Chats and Flycatchers",African Dusky Flycatcher,Muscicapa adusta (race marsabit),,,TRUE,,,,,,,,,,,,,,,,,,,,,,,831,906,avibase-6E95C4A9,African Dusky Flycatcher Muscicapa adusta (race marsabit E),Muscicapa adusta marsabit E,
1059,Muscicapidae,"Scrub Robins, African Robins, Chats and Flycatchers",Pale Flycatcher,Bradornis pallidus,,,,,,,,,,,,,,,,,,,,,,,,,,845,898,avibase-FA03A965,Pale Flycatcher Bradornis pallidus,,
1059.1,Muscicapidae,"Scrub Robins, African Robins, Chats and Flycatchers",Pale Flycatcher,Bradornis pallidus pallidus,,,,,,,,,,,,,,,,,,,,,,,,,,,,avibase-060AF4FA,Pale Flycatcher B. p. pallidus,,
1060,Muscicapidae,"Scrub Robins, African Robins, Chats and Flycatchers",Bafirawar’s Flycatcher,Bradornis (pallidus) bafirawari,,,TRUE,,,,,,,,,,,,,,,,,,,,,,,,,avibase-CAC5AD6C,Bafirawar’s Flycatcher B. (p.) bafirawari E,,
1061,Muscicapidae,"Scrub Robins, African Robins, Chats and Flycatchers",African Grey Flycatcher,Bradornis microrhynchus,,,TRUE,,,,,,,,,,,,,,,,,,,,,,,844,899,avibase-E281D783,African Grey Flycatcher Bradornis microrhynchus (race taruensis E),Bradornis microrhynchus taruensis E,"The taxonomy of the genus Bradornis is in need of a serious rethink. For example, field observations strongly suggest that Bafirawar’s Flycatcher is not a Pale Flycatcher"
1062,Muscicapidae,"Scrub Robins, African Robins, Chats and Flycatchers",Ashy Flycatcher,Fraseria caerulescens,,,,,,,,,,,,,,,,,,,,,,,,,,836,903,avibase-3B3A6911,Ashy Flycatcher Fraseria caerulescens,,
1063,Muscicapidae,"Scrub Robins, African Robins, Chats and Flycatchers",Chapin’s Flycatcher,Fraseria lendu,,,,,,,,,,,,,,,,,,,,,,,,,,832,905,avibase-84E4178E,Chapin’s Flycatcher Fraseria lendu Vulnerable,,
1064,Muscicapidae,"Scrub Robins, African Robins, Chats and Flycatchers",Grey Tit-flycatcher (Lead-coloured Flycatcher),Fraseria plumbea,,,,,,,,,,,,,,,,,,,,,,,,,,850,907,avibase-5EA2B90C,Grey Tit-flycatcher (Lead-coloured Flycatcher) Fraseria plumbea,,The use of the genus Fraseria follows Voelker et al. (2016)
1065,Muscicapidae,"Scrub Robins, African Robins, Chats and Flycatchers",White-eyed Slaty Flycatcher,Melaenornis fischeri,,,,,,,,,,,,,,,,,,,,,,,,,,840,895,avibase-3809131C,White-eyed Slaty Flycatcher Melaenornis fischeri,,
1066,Muscicapidae,"Scrub Robins, African Robins, Chats and Flycatchers",Northern Black Flycatcher,Melaenornis edolioides,,,,,,,,,,,,,,,,,,,,,,,,,,842,896,avibase-F188F8C8,Northern Black Flycatcher Melaenornis edolioides,,
1067,Muscicapidae,"Scrub Robins, African Robins, Chats and Flycatchers",Southern Black Flycatcher,Melaenornis pammelaina,,,,,,,,,,,,,,,,,,,,,,,,,,843,897,avibase-8A9A7AAA,Southern Black Flycatcher Melaenornis pammelaina,,
1068,Muscicapidae,"Scrub Robins, African Robins, Chats and Flycatchers",Silverbird,Empidornis semipartitus,,,,,,,,,,,,,,,,,,,,,,,,,,846,900,avibase-AB38EDFD,Silverbird Empidornis semipartitus,,
1069,Muscicapidae,"Scrub Robins, African Robins, Chats and Flycatchers",Cape Robin Chat,Caffrornis caffra,,,,,,,,,,,,,,,,,,,,,,,,,,769,864,avibase-A38BABE1,Cape Robin Chat Caffrornis caffra,,
1070,Muscicapidae,"Scrub Robins, African Robins, Chats and Flycatchers",Blue-shouldered Robin Chat,Cossypha cyanocampter,,,,,,,,,,,,,,,,,,,,,,,,,,773,865,avibase-9616C96E,Blue-shouldered Robin Chat Cossypha cyanocampter,,
1071,Muscicapidae,"Scrub Robins, African Robins, Chats and Flycatchers",Rüppell's Robin Chat,Cossypha semirufa,,,,,,,,,,,,,,,,,,,,,,,,,,771,866,avibase-53EABB81,Rüppell’s Robin Chat Cossypha semirufa,,
1072,Muscicapidae,"Scrub Robins, African Robins, Chats and Flycatchers",White-browed Robin Chat,Cossypha heuglini,,,,,,,,,,,,,,,,,,,,,,,,,,772,867,avibase-16BD42DD,White-browed Robin Chat Cossypha heuglini,Called Casmerodius albus and Great Egret in the 1996 list,
1073,Muscicapidae,"Scrub Robins, African Robins, Chats and Flycatchers",Red-capped Robin Chat,Cossypha natalensis,,TRUE,,,,,,,,,,,,,,,,,,,,,,,,770,868,avibase-3846F8A8,Red-capped Robin Chat Cossypha natalensis am,,
1074,Muscicapidae,"Scrub Robins, African Robins, Chats and Flycatchers",Snowy-headed Robin Chat,Cossypha niveicapilla,,,,,,,,,,,,,,,,,,,,,,,,,,774,869,avibase-BB05D1FC,Snowy-headed Robin Chat Cossypha niveicapilla,,
1075,Muscicapidae,"Scrub Robins, African Robins, Chats and Flycatchers",Brown-chested Alethe,Chaemaetylas poliocephala (race akeleyae),,,TRUE,,,,,,,,,,,,,,,,,,,,,,,778,856,avibase-8B7A6FE9,Brown-chested Alethe Chaemaetylas poliocephala (race akeleyae E),PM,Formerly listed under Turdidae
1076,Muscicapidae,"Scrub Robins, African Robins, Chats and Flycatchers",White-starred Robin,Pogonocichla stellata (race macarthuri),,,TRUE,,,,,,,,,,,,,,,,,,,,,,,756,857,avibase-230A0342,White-starred Robin Pogonocichla stellata (race macarthuri E),"The following 38 species were included in the Turdidae, ‘thrushes, chats and relatives’, in the 1996 list",
1077,Muscicapidae,"Scrub Robins, African Robins, Chats and Flycatchers",Collared Palm Thrush,Cichladusa arquata,,,,,,,,,,,,,,,,,,,,,,,,,,783,870,avibase-A0A3B03D,Collared Palm Thrush Cichladusa arquata,,
1078,Muscicapidae,"Scrub Robins, African Robins, Chats and Flycatchers",Spotted Morning (Spotted Palm) Thrush,Cichladusa guttata,,,,,,,,,,,,,,,,,,,,,,,,,,782,871,avibase-345658E9,Spotted Morning (Spotted Palm) Thrush Cichladusa guttata,,
1079,Muscicapidae,"Scrub Robins, African Robins, Chats and Flycatchers",Equatorial Akalat,Sheppardia aequatorialis,,,,,,,,,,,,,,,,,,,,,,,,,,761,858,avibase-C25F57BD,Equatorial Akalat Sheppardia aequatorialis,,
1080,Muscicapidae,"Scrub Robins, African Robins, Chats and Flycatchers",East Coast Akalat,Sheppardia gunningi,,,,,,,,,,,,,,,,,,,,,,,,,,763,859,avibase-3E4783BA,East Coast Akalat Sheppardia gunningi,,
1081,Muscicapidae,"Scrub Robins, African Robins, Chats and Flycatchers",Grey-winged Robin,Sheppardia polioptera,,,,,,,,,,,,,,,,,,,,,,,,,,766,860,avibase-25C26AB9,Grey-winged Robin Sheppardia polioptera,,
1082,Muscicapidae,"Scrub Robins, African Robins, Chats and Flycatchers",Irania,Irania gutturalis,,,,,,,,,,,,TRUE,,,,,,,,,,,,,,792,863,avibase-73BD4B29,Irania (White-throated Robin) Irania gutturalis PM,,
1083,Muscicapidae,"Scrub Robins, African Robins, Chats and Flycatchers",Thrush Nightingale,Luscinia luscinia,,,,,,,,,,,,TRUE,,,,,,,,,,,,,,785,861,avibase-6EC66752,Thrush Nightingale (Sprosser) Luscinia luscinia PM,,
1084,Muscicapidae,"Scrub Robins, African Robins, Chats and Flycatchers",Common Nightingale,Luscinia megarhynchos,,,,,,,,,,,,TRUE,,,,,,,,,,,,,,784,862,avibase-7C7F0DEE,Common Nightingale Luscinia megarhynchos PM,,
1085,Muscicapidae,"Scrub Robins, African Robins, Chats and Flycatchers",Pied Flycatcher,Ficedula hypoleuca,,,,,,,,,,,,,,,,,,,,,TRUE,,,,,847.5,908,avibase-6E352E18,Pied Flycatcher Ficedula hypoleuca VP,,
1086,Muscicapidae,"Scrub Robins, African Robins, Chats and Flycatchers",Collared Flycatcher,Ficedula albicollis,,,,,,,,,,TRUE,,,,TRUE,,,,,,,TRUE,,,,,848,909,avibase-0B2F8058,Collared Flycatcher Ficedula albicollis VP NRR Rar.,,
1087,Muscicapidae,"Scrub Robins, African Robins, Chats and Flycatchers",Semi-collared Flycatcher,Ficedula semitorquata,,,,,,,,,,,,TRUE,,,,,,,,,,,,,,849,910,avibase-BE56C141,Semi-collared Flycatcher Ficedula semitorquata PM,,
1088,Muscicapidae,"Scrub Robins, African Robins, Chats and Flycatchers",Common Redstart,Phoenicurus phoenicurus,,,,,,,,,,,,TRUE,,,,,,,,,,,,,,793,876,avibase-06DD9D95,Common Redstart Phoenicurus phoenicurus PM,,
1089,Muscicapidae,"Scrub Robins, African Robins, Chats and Flycatchers",Common Rock Thrush,Monticola saxatilis,,,,,,,,,,,,TRUE,,,,,,,,,,,,,,813,893,avibase-736D38E7,Common Rock Thrush Monticola saxatilis PM,,
1090,Muscicapidae,"Scrub Robins, African Robins, Chats and Flycatchers",Little Rock Thrush,Monticola rufocinereus,,,,,,,,,,,,,,,,,,,,,,,,,,814,894,avibase-566669CC,Little Rock Thrush Monticola rufocinereus,,
1091,Muscicapidae,"Scrub Robins, African Robins, Chats and Flycatchers",Whinchat,Saxicola rubetra,,,,,,,,,,,,TRUE,,,,,,,,,,,,,,795,877,avibase-A0EDAEA2,Whinchat Saxicola rubetra PM,,
1092,Muscicapidae,"Scrub Robins, African Robins, Chats and Flycatchers",Common Stonechat,Saxicola torquatus,,,,,,,,,,,,,,,,,,,,,,,,,,794,878,avibase-CF2E9674,Common (African) Stonechat Saxicola torquatus,Was Saxicola torquata in the 1996 list; -us ending changed to -a following David & Gosselin (2002b); but rubetra is correct for the Whinchat,
1093,Muscicapidae,"Scrub Robins, African Robins, Chats and Flycatchers",Moorland (Alpine) Chat,Pinarochroa sordida,,,,,,,,,,,,,,,,,,,,,,,,,,806,889,avibase-8EB0AB41,Moorland (Alpine) Chat Pinarochroa sordida,,
1094,Muscicapidae,"Scrub Robins, African Robins, Chats and Flycatchers",Northern Anteater Chat,Myrmecocichla aethiops,,,,,,,,,,,,,,,,,,,,,,,,,,807,890,avibase-E09F7223,Northern Anteater Chat Myrmecocichla aethiops,,
1095,Muscicapidae,"Scrub Robins, African Robins, Chats and Flycatchers",Sooty Chat,Myrmecocichla nigra,,,,,,,,,,,,,,,,,,,,,,,,,,808,891,avibase-B55BADC1,Sooty Chat Myrmecocichla nigra,,
1096,Muscicapidae,"Scrub Robins, African Robins, Chats and Flycatchers",Capped Wheatear,Oenanthe pileata,,,,,,,,,,,,,,,,,,,,,,,,,,803,879,avibase-E6BD3258,Capped Wheatear Oenanthe pileata,,
1097,Muscicapidae,"Scrub Robins, African Robins, Chats and Flycatchers",Heuglin's Wheatear,Oenanthe heuglini,,,,,,,,,,,,,,,,,,,,,,,,,,802,880,avibase-6ADB636C,Heuglin’s Wheatear Oenanthe heuglinii,Was Oenanthe (bottae) heuglini in the 1996 list,
1098,Muscicapidae,"Scrub Robins, African Robins, Chats and Flycatchers",Isabelline Wheatear,Oenanthe isabellina,,,,,,,,,,,,TRUE,,,,,,,,,,,,,,800,881,avibase-E6C6F746,Isabelline Wheatear Oenanthe isabellina PM,,
1099,Muscicapidae,"Scrub Robins, African Robins, Chats and Flycatchers",Northern Wheatear,Oenanthe oenanthe,,,,,,,,,,,,TRUE,,,,,,,,,,,,,,796,882,avibase-DF526047,Northern Wheatear Oenanthe oenanthe PM,,
1100,Muscicapidae,"Scrub Robins, African Robins, Chats and Flycatchers",Pied Wheatear,Oenanthe pleschanka,,,,,,,,,,,,TRUE,,,,,,,,,,,,,,797,883,avibase-2FB34D83,Pied Wheatear Oenanthe pleschanka PM,,
1101,Muscicapidae,"Scrub Robins, African Robins, Chats and Flycatchers",Black-eared Wheatear,Oenanthe hispanica,,,,,,,,,,,,,,TRUE,,,,,,,TRUE,,,,,798,884,avibase-DF26171F,Black-eared Wheatear Oenanthe hispanica VP Rar.,,
1102,Muscicapidae,"Scrub Robins, African Robins, Chats and Flycatchers",Desert Wheatear,Oenanthe deserti,,,,,,,,,,,,,,TRUE,,,,,,,TRUE,,,,,799,885,avibase-078BC0ED,Desert Wheatear Oenanthe deserti VP Rar.,,
1103,Muscicapidae,"Scrub Robins, African Robins, Chats and Flycatchers",Abyssinian Wheatear,Oenanthe lugubris,,,,,,,,,,,,,,,,,,,,,,,,,,801,886,avibase-5396F9FB,Abyssinian (Schalow’s) Wheatear Oenanthe lugubris,Called the Abyssinian Black Wheatear in the 1996 list; Schalow’s Wheatear is an alternative name for Kenyan birds of the race schalowi,
1104,Muscicapidae,"Scrub Robins, African Robins, Chats and Flycatchers",Familiar (Red-tailed) Chat,Oenanthe familiaris,,,,,,,,,,,,,,,,,,,,,,,,,,804,887,avibase-CD8DEBE3,Familiar (Red-tailed) Chat Oenanthe familiaris,,
1105,Muscicapidae,"Scrub Robins, African Robins, Chats and Flycatchers",Brown-tailed Rock Chat,Oenanthe scotocerca,,,,,,,,,,,,,,,,,,,,,,,,,,805,888,avibase-DA3F40DB,Brown-tailed Rock Chat Oenanthe scotocerca,,
1106,Muscicapidae,"Scrub Robins, African Robins, Chats and Flycatchers",Mocking Cliff Chat,Thamnolaea cinnamomeiventris,,,,,,,,,,,,,,,,,,,,,,,,,,811,892,avibase-F8B6EC31,Mocking Cliff Chat Thamnolaea cinnamomeiventris,Called the White-shouldered Cliff Chat in the 1996 list,
1107,Turdidae,True Thrushes,Red-tailed Ant Thrush,Neocossyphus rufus,,,,,,,,,,,,,,,,,,,,,,,,,,780,847,avibase-90FDC4CC,Red-tailed Ant Thrush Neocossyphus rufus,,
1108,Turdidae,True Thrushes,White-tailed Ant Thrush,Neocossyphus poensis,,,,,,,,,,,,,,,,,,,,,,,,,,781,848,avibase-0BD37CDF,White-tailed Ant Thrush Neocossyphus poensis,,
1109,Turdidae,True Thrushes,Spotted Ground Thrush,Zoothera guttata,TRUE,,,,,,,,,,,,,,,,,,,,,,,,,822,851,avibase-60A39CF9,Spotted Ground Thrush Geokichla guttata AM,,
1110,Turdidae,True Thrushes,Abyssinian Ground Thrush,Zoothera piaggiae,,,,,,,,,,,,,,,,,,,,,,,,,,826,849,avibase-C54DCA26,Abyssinian Ground Thrush Geokichla piaggiae,,
1111,Turdidae,True Thrushes,Orange Ground Thrush,Zoothera gurneyi (race raineyi),,,TRUE,,,,,,,,,,,,,,,,,,,,,,,825,850,avibase-45C55FDE,Orange Ground Thrush Geokichla gurneyi (race raineyi E),"Zoothera gurneyi chuka E, Zoothera gurneyi raineyi E",
1112,Turdidae,True Thrushes,African Thrush,Turdus pelios,,,,,,,,,,,,,,,,,,,,,,,,,,818,852,avibase-40A2405D,African Thrush Turdus pelios,,
1113,Turdidae,True Thrushes,African Bare-eyed Thrush,Turdus tephronotus,,,,,,,,,,,,,,,,,,,,,,,,,,820,853,avibase-A0DC8E87,African Bare-eyed Thrush Turdus tephronotus,,
1114,Turdidae,True Thrushes,Northern Olive (Abyssinian) Thrush,Turdus abyssinicus,,,,,,,,,,,,,,,,,,,,,,,,,,816,854,avibase-428DA7CD,Northern Olive (Abyssinian) Thrush Turdus abyssinicus,PM,Previously listed as Olive Thrush  Turdus olivaceus
1115,Turdidae,True Thrushes,Taita Thrush,Turdus helleri,,,TRUE,,,,,,,,,,,,,,,,,,,,,,,817,855,avibase-FC085C6D,Taita Thrush Turdus helleri E,,
