sequence,avilist_id,order,family,family_english_name,scientific_name,english_name,taxonomy_comment,ebird_species_code,source_avibase_ids,membership_source,sensitive,exotic_status,observation_record_count,first_observation_date,last_observation_date,iucn_red_list_category,birdlife_datazone_url,birds_of_the_world_url,AM,AMR,E,EX,HIST,IO,MM,N,NR,NRR,OM,PM,PMR,RAR,RS,SO,VIO,VM,VN,VO,VP,VSO,VSA,ES,water_bird
4,avibase-40329BB6,Struthioniformes,Struthionidae,Ostriches,Struthio molybdophanes,Somali Ostrich,,ostric3,avibase-40329BB6,ebd,FALSE,native,4638,1969-07-12,2026-06-30,VU,https://datazone.birdlife.org/species/factsheet/22732795,https://birdsoftheworld.org/bow/species/ostric3/,,,,,,,,,,,,,,,,,,,,,,,,,FALSE
5,avibase-2247CB05,Struthioniformes,Struthionidae,Ostriches,Struthio camelus,Common Ostrich,,ostric2,avibase-2247CB05,ebd,FALSE,native,18770,1961-06-15,2026-06-30,LC,https://datazone.birdlife.org/species/factsheet/45020636,https://birdsoftheworld.org/bow/species/ostric2/,,,,,,,,,,,,,,,,,,,,,,,,,FALSE
242,avibase-2EEDACD5,Anseriformes,Anatidae,"Ducks, Swans, and Geese",Thalassornis leuconotus,White-backed Duck,,whbduc1,avibase-2EEDACD5,ebd,FALSE,native,1945,1961-04-30,2026-06-28,LC,https://datazone.birdlife.org/species/factsheet/22679785,https://birdsoftheworld.org/bow/species/whbduc1/,,,,,,,,,,,,,,,,,,,,,,,,,TRUE
248,avibase-A534AFEA,Anseriformes,Anatidae,"Ducks, Swans, and Geese",Dendrocygna viduata,White-faced Whistling Duck,,wfwduc1,avibase-A534AFEA,ebd,FALSE,native,9983,1966-03-31,2026-06-30,LC,https://datazone.birdlife.org/species/factsheet/22679763,https://birdsoftheworld.org/bow/species/wfwduc1/,,,,,,,,,,,,,,,,,,,,,,,,,TRUE
253,avibase-9A60617E,Anseriformes,Anatidae,"Ducks, Swans, and Geese",Dendrocygna bicolor,Fulvous Whistling Duck,,fuwduc,avibase-9A60617E,ebd,FALSE,native,1807,1969-07-08,2026-06-28,LC,https://datazone.birdlife.org/species/factsheet/22679746,https://birdsoftheworld.org/bow/species/fuwduc/,,,,,,,,TRUE,,,,,,,,,,,,,,,,,TRUE
265,avibase-90AAE188,Anseriformes,Anatidae,"Ducks, Swans, and Geese",Nettapus coromandelianus,Cotton Pygmy Goose,,copgoo1,avibase-90AAE188,ebd,FALSE,native,46,2025-12-25,2026-03-11,LC,https://datazone.birdlife.org/species/factsheet/22680090,https://birdsoftheworld.org/bow/species/copgoo1/,,,,,,,,,,,,,,,,,,,,,,,,,TRUE
268,avibase-EC7C1618,Anseriformes,Anatidae,"Ducks, Swans, and Geese",Nettapus auritus,African Pygmy Goose,,afrpyg1,avibase-EC7C1618,ebd,FALSE,native,354,1970-12-31,2026-06-27,LC,https://datazone.birdlife.org/species/factsheet/22680095,https://birdsoftheworld.org/bow/species/afrpyg1/,,,,,,,,,,,,,,,,,,,,,,,,,TRUE
278,avibase-1C2F4E80,Anseriformes,Anatidae,"Ducks, Swans, and Geese",Oxyura maccoa,Maccoa Duck,,macduc1,avibase-1C2F4E80,ebd,FALSE,native,363,1963-06-23,2026-06-13,EN,https://datazone.birdlife.org/species/factsheet/22679820,https://birdsoftheworld.org/bow/species/macduc1/,,,,,,,,,,,,,,,,,,,,,,,,,TRUE
285,avibase-EB01B24C,Anseriformes,Anatidae,"Ducks, Swans, and Geese",Plectropterus gambensis,Spur-winged Goose,,spwgoo1,avibase-49A14FC7;avibase-EB01B24C,ebd,FALSE,native,3102,1965-10-25,2026-06-30,LC,https://datazone.birdlife.org/species/factsheet/22680057,https://birdsoftheworld.org/bow/species/spwgoo1/,,,,,,,,,,,,,,,,,,,,,,,,,TRUE
384,avibase-DA2F24E3,Anseriformes,Anatidae,"Ducks, Swans, and Geese",Alopochen aegyptiaca,Egyptian Goose,,egygoo,avibase-DA2F24E3,ebd,FALSE,native,41791,1965-10-25,2026-06-30,LC,https://datazone.birdlife.org/species/factsheet/22679993,https://birdsoftheworld.org/bow/species/egygoo/,,,,,,,,,,,,,,,,,,,,,,,,,TRUE
391,avibase-1F9D883E,Anseriformes,Anatidae,"Ducks, Swans, and Geese",Tadorna ferruginea,Ruddy Shelduck,,rudshe,avibase-1F9D883E,ebd,FALSE,native,1,1986-12-20,1986-12-20,LC,https://datazone.birdlife.org/species/factsheet/22680003,https://birdsoftheworld.org/bow/species/rudshe/,,,,,,,,,,,,,,,,,,,,,,,,,TRUE
439,avibase-3948131B,Anseriformes,Anatidae,"Ducks, Swans, and Geese",Sarkidiornis melanotos,Knob-billed Duck,,comduc2,avibase-3948131B,ebd,FALSE,native,2702,1965-10-25,2026-06-30,LC,https://datazone.birdlife.org/species/factsheet/45953631,https://birdsoftheworld.org/bow/species/comduc2/,,TRUE,,,,,,,,,,,,,,,,,,,,,,,TRUE
459,avibase-36C0242E,Anseriformes,Anatidae,"Ducks, Swans, and Geese",Netta erythrophthalma,Southern Pochard,,soupoc1,avibase-36C0242E,ebd,FALSE,native,1063,1961-04-30,2026-05-31,LC,https://datazone.birdlife.org/species/factsheet/22680354,https://birdsoftheworld.org/bow/species/soupoc1/,,TRUE,,,,,,,,,,,,,,,,,,,,,,,TRUE
464,avibase-7CF91527,Anseriformes,Anatidae,"Ducks, Swans, and Geese",Aythya nyroca,Ferruginous Duck,,ferduc,avibase-7CF91527,ebd,FALSE,native,1,2002-11-16,2002-11-16,NT,https://datazone.birdlife.org/species/factsheet/22680373,https://birdsoftheworld.org/bow/species/ferduc/,,,,,,,,,,,,TRUE,,,,,,,,,,,,,TRUE
468,avibase-A96692E0,Anseriformes,Anatidae,"Ducks, Swans, and Geese",Aythya ferina,Common Pochard,,compoc,avibase-A96692E0,ebd,FALSE,native,6,1976-12-30,2001-01-10,VU,https://datazone.birdlife.org/species/factsheet/22680358,https://birdsoftheworld.org/bow/species/compoc/,,,,,,,,,,,,,,TRUE,,,,,,,TRUE,,,,TRUE
472,avibase-67CEA1C1,Anseriformes,Anatidae,"Ducks, Swans, and Geese",Aythya fuligula,Tufted Duck,,tufduc,avibase-67CEA1C1,ebd,FALSE,native,3,1984-01-12,2003-02-19,LC,https://datazone.birdlife.org/species/factsheet/22680391,https://birdsoftheworld.org/bow/species/tufduc/,,,,,,,,,,,,TRUE,,,,,,,,,,,,,TRUE
498,avibase-F577BA0F,Anseriformes,Anatidae,"Ducks, Swans, and Geese",Spatula querquedula,Garganey,,gargan,avibase-F577BA0F,ebd,FALSE,native,751,1967-10-18,2026-04-09,LC,https://datazone.birdlife.org/species/factsheet/22680313,https://birdsoftheworld.org/bow/species/gargan/,,,,,,,,,,,,TRUE,,,,,,,,,,,,,TRUE
499,avibase-FA831F65,Anseriformes,Anatidae,"Ducks, Swans, and Geese",Spatula hottentota,Blue-billed Teal,,hottea1,avibase-FA831F65,ebd,FALSE,native,4218,1961-04-30,2026-06-27,LC,https://datazone.birdlife.org/species/factsheet/22680332,https://birdsoftheworld.org/bow/species/hottea1/,,,,,,,,,,,,,,,,,,,,,,,,,TRUE
513,avibase-ED4CE8E7,Anseriformes,Anatidae,"Ducks, Swans, and Geese",Spatula clypeata,Northern Shoveler,,norsho,avibase-ED4CE8E7,ebd,FALSE,native,900,1972-09-17,2026-03-20,LC,https://datazone.birdlife.org/species/factsheet/22680247,https://birdsoftheworld.org/bow/species/norsho/,,,,,,,,,,,,TRUE,,,,,,,,,,,,,TRUE
519,avibase-C235A4D7,Anseriformes,Anatidae,"Ducks, Swans, and Geese",Mareca strepera,Gadwall,,gadwal,avibase-C235A4D7,ebd,FALSE,native,8,1988-01-13,2026-02-25,LC,https://datazone.birdlife.org/species/factsheet/22680149,https://birdsoftheworld.org/bow/species/gadwal/,,,,,,,,,,,,TRUE,,,,,,,,,,,,,TRUE
523,avibase-15EE0D36,Anseriformes,Anatidae,"Ducks, Swans, and Geese",Mareca penelope,Eurasian Wigeon,,eurwig,avibase-15EE0D36,ebd,FALSE,native,14,1974-01-21,2020-03-14,LC,https://datazone.birdlife.org/species/factsheet/22680157,https://birdsoftheworld.org/bow/species/eurwig/,,,,,,,,,,,,TRUE,,,,,,,,,,,,,TRUE
527,avibase-1EAFAD9F,Anseriformes,Anatidae,"Ducks, Swans, and Geese",Anas sparsa,African Black Duck,,afbduc1,avibase-1EAFAD9F,ebd,FALSE,native,2142,1969-07-08,2026-06-27,LC,https://datazone.birdlife.org/species/factsheet/22680170,https://birdsoftheworld.org/bow/species/afbduc1/,,,,,,,,,,,,,,,,,,,,,,,,,TRUE
531,avibase-7F64AD87,Anseriformes,Anatidae,"Ducks, Swans, and Geese",Anas undulata,Yellow-billed Duck,,yebduc1,avibase-7F64AD87,ebd,FALSE,native,9098,1963-06-22,2026-06-30,LC,https://datazone.birdlife.org/species/factsheet/22680221,https://birdsoftheworld.org/bow/species/yebduc1/,,TRUE,,,,,,,,,,,,,,,,,,,,,,,TRUE
544,avibase-85625D75,Anseriformes,Anatidae,"Ducks, Swans, and Geese",Anas platyrhynchos,Mallard,"Taxon diazi is recognized as a monotypic species (Anas diazi) based mostly on nuclear and genomic DNA evidence (Lavretsky et al. 2019). Sometimes treated as a subspecies in the A. platyrhynchos complex, or as a subspecies of A. fulvigula as suggested by mitochondrial DNA data (e.g., Robertson & Goldstien 2012), diazi is genetically differentiated from both species.",mallar3,avibase-85625D75,ebd,FALSE,native,3,1985-03-16,2002-12-03,LC,https://datazone.birdlife.org/species/factsheet/22680186,https://birdsoftheworld.org/bow/species/mallar3/,,,,,,,,,,,,,,TRUE,,,,,,,TRUE,,,,TRUE
552,avibase-25DA0F41,Anseriformes,Anatidae,"Ducks, Swans, and Geese",Anas capensis,Cape Teal,,captea1,avibase-25DA0F41,ebd,FALSE,native,3063,1961-04-02,2026-06-30,LC,https://datazone.birdlife.org/species/factsheet/22680145,https://birdsoftheworld.org/bow/species/captea1/,,,,,,,,,,,,,,,,,,,,,,,,,TRUE
557,avibase-8F6876AC,Anseriformes,Anatidae,"Ducks, Swans, and Geese",Anas erythrorhyncha,Red-billed Teal,,rebduc1,avibase-8F6876AC,ebd,FALSE,native,7153,1961-04-02,2026-06-30,LC,https://datazone.birdlife.org/species/factsheet/22680290,https://birdsoftheworld.org/bow/species/rebduc1/,,,,,,,,,,,,,,,,,,,,,,,,,TRUE
562,avibase-56CCA717,Anseriformes,Anatidae,"Ducks, Swans, and Geese",Anas acuta,Northern Pintail,,norpin,avibase-56CCA717,ebd,FALSE,native,359,1973-02-19,2026-02-25,LC,https://datazone.birdlife.org/species/factsheet/22680301,https://birdsoftheworld.org/bow/species/norpin/,,,,,,,,,,,,TRUE,,,,,,,,,,,,,TRUE
566,avibase-BC6C3CCE,Anseriformes,Anatidae,"Ducks, Swans, and Geese",Anas crecca,Green-winged Teal,"Taxon carolinensis is treated as a subspecies of Anas crecca based on high levels of introgression, coupled with a lack of known differences in courtship vocalization. Although mitochondrial DNA data show a relatively deep divergence between these taxa (Peters et al. 2012), a lack of genomic divergence (McLaughlin et al. 2020; Spaulding et al. 2023) indicates that male-mediated gene flow is extensive.",gnwtea,avibase-115F04DD;avibase-BC6C3CCE,ebd,FALSE,native,54,1973-02-19,2026-04-11,NE,,https://birdsoftheworld.org/bow/species/gnwtea/,,,,,,,,,,,,TRUE,,,,,,,,,,,,,TRUE
764,avibase-1044B438,Galliformes,Numididae,Guineafowl,Numida meleagris,Helmeted Guineafowl,,helgui,avibase-1044B438;avibase-4A53AC34;avibase-8601529F,ebd,FALSE,native,28501,1961-04-02,2026-06-30,LC,https://datazone.birdlife.org/species/factsheet/22679555,https://birdsoftheworld.org/bow/species/helgui/,,,,,,,,,,,,,,,,,,,,,,,,,FALSE
778,avibase-F7A3FA35,Galliformes,Numididae,Guineafowl,Acryllium vulturinum,Vulturine Guineafowl,,vulgui1,avibase-F7A3FA35,ebd,FALSE,native,7500,1969-07-12,2026-06-30,LC,https://datazone.birdlife.org/species/factsheet/22679572,https://birdsoftheworld.org/bow/species/vulgui1/,,,,,,,,,,,,,,,,,,,,,,,,,FALSE
783,avibase-35D60F12,Galliformes,Numididae,Guineafowl,Guttera pucherani,Eastern Crested Guineafowl,"Taxa edouardi (polytypic, including barbata) and verreauxi (polytypic) are treated as species separate from Guttera pucherani (monotypic) based on differences in plumage, eye color, and bare parts color. However, further research is needed including investigation of potential hybrid zones and formal bioacoustic analysis. Genetic data would also be informative.",cregui3,avibase-35D60F12,ebd,FALSE,native,980,1925-03-25,2026-06-29,LC,https://datazone.birdlife.org/species/factsheet/22725212,https://birdsoftheworld.org/bow/species/cregui3/,,,,,,,,,,,,,,,,,,,,,,,,,FALSE
784,avibase-9D29C252,Galliformes,Numididae,Guineafowl,Guttera verreauxi,Western Crested Guineafowl,"Taxa edouardi (polytypic, including barbata) and verreauxi (polytypic) are treated as species separate from Guttera pucherani (monotypic) based on differences in plumage, eye color, and bare parts color. However, further research is needed including investigation of potential hybrid zones and formal bioacoustic analysis. Genetic data would also be informative.",cregui2,avibase-9D29C252,ebd,FALSE,native,130,1973-04-15,2026-05-09,LC,https://datazone.birdlife.org/species/factsheet/45479083,https://birdsoftheworld.org/bow/species/cregui2/,,,,,,,,,,,,,,,,,,,,,,,,,FALSE
793,avibase-57B05159,Galliformes,Odontophoridae,New World Quail,Ptilopachus petrosus,Stone Partridge,,stopar1,avibase-57B05159,ebd,FALSE,native,368,1909-07-28,2026-06-30,LC,https://datazone.birdlife.org/species/factsheet/22679110,https://birdsoftheworld.org/bow/species/stopar1/,,,,,,,,,,,,,,,,,,,,,,,,,FALSE
1393,avibase-ECD7C1D8,Galliformes,Phasianidae,"Partridges, Pheasants, Grouse, and Allies",Campocolinus coqui,Coqui Francolin,,coqfra2,avibase-7784550D;avibase-CA5A3D19;avibase-ECD7C1D8,ebd,FALSE,native,4121,1969-07-07,2026-06-29,LC,https://datazone.birdlife.org/species/factsheet/22678736,https://birdsoftheworld.org/bow/species/coqfra2/,,,,,,,,,,,,,,,,,,,,,,,,,FALSE
1404,avibase-5B115F6C,Galliformes,Phasianidae,"Partridges, Pheasants, Grouse, and Allies",Scleroptila streptophora,Ring-necked Francolin,,rinfra2,avibase-5B115F6C,ebd,FALSE,native,5,1890-03-01,1993-09-23,LC,https://datazone.birdlife.org/species/factsheet/22678756,https://birdsoftheworld.org/bow/species/rinfra2/,,,,,,,,,,TRUE,,,,,,,,,,,,,,,FALSE
1405,avibase-B49935ED,Galliformes,Phasianidae,"Partridges, Pheasants, Grouse, and Allies",Scleroptila levaillantii,Red-winged Francolin,,rewfra2,avibase-B49935ED,ebd,FALSE,native,218,1918-01-23,2026-06-20,LC,https://datazone.birdlife.org/species/factsheet/22678769,https://birdsoftheworld.org/bow/species/rewfra2/,,,,,,,,,,,,,,,,,,,,,,,,,FALSE
1411,avibase-3D25568A,Galliformes,Phasianidae,"Partridges, Pheasants, Grouse, and Allies",Scleroptila elgonensis,Elgon Francolin,"Taxon elgonensis is treated as a monotypic species separate from Scleroptila psilolaema (monotypic) based on plumage, vocalizations, and genetics (Hunter et al. 2019; Turner et al. 2020).",moofra3,avibase-3D25568A,ebd,FALSE,native,132,1978-10-16,2026-05-08,LC,https://datazone.birdlife.org/species/factsheet/22727349,https://birdsoftheworld.org/bow/species/moofra3/,,,,,,,,,,,,,,,,,,,,,,,,TRUE,FALSE
1413,avibase-8E833C63,Galliformes,Phasianidae,"Partridges, Pheasants, Grouse, and Allies",Scleroptila gutturalis,Orange River Francolin,,orrfra2,avibase-8E833C63,ebd,FALSE,native,4,1984-08-05,1989-12-23,LC,https://datazone.birdlife.org/species/factsheet/22678790,https://birdsoftheworld.org/bow/species/orrfra2/,,,,,,,,,,,,,,,,,,,,,,,,,FALSE
1420,avibase-A15F6836,Galliformes,Phasianidae,"Partridges, Pheasants, Grouse, and Allies",Scleroptila shelleyi,Shelley's Francolin,Taxon whytei is split from Scleroptila shelleyi based on plumage and genetics. Mitochondrial DNA data (Mandiwana-Neudani et al. 2019) indicate species-level divergence between these taxa but intra-generic relationships remain poorly resolved (Mandiwana-Neudani et al. 2019; Kimball et al. 2021).,shefra1,avibase-A15F6836,ebd,FALSE,native,1330,1971-04-18,2026-06-23,LC,https://datazone.birdlife.org/species/factsheet/22728223,https://birdsoftheworld.org/bow/species/shefra1/,,,,,,,,,,,,,,,,,,,,,,,,TRUE,FALSE
1426,avibase-8004C7E5,Galliformes,Phasianidae,"Partridges, Pheasants, Grouse, and Allies",Ortygornis sephaena,Crested Francolin,,crefra2,avibase-011057AD;avibase-66EC1A85;avibase-8004C7E5,ebd,FALSE,native,15300,1970-08-03,2026-06-30,LC,https://datazone.birdlife.org/species/factsheet/22678752,https://birdsoftheworld.org/bow/species/crefra2/,,,,,,,,,,,,,,,,,,,,,,,,,FALSE
1499,avibase-CAA45AC6,Galliformes,Phasianidae,"Partridges, Pheasants, Grouse, and Allies",Synoicus adansonii,Blue Quail,,bluqua1,avibase-CAA45AC6,ebd,FALSE,native,15,1983-08-22,2025-06-07,LC,https://datazone.birdlife.org/species/factsheet/22678971,https://birdsoftheworld.org/bow/species/bluqua1/,TRUE,,,,,,,,,,,,,,,,,,,,,,,,FALSE
1504,avibase-CAFE345D,Galliformes,Phasianidae,"Partridges, Pheasants, Grouse, and Allies",Coturnix coturnix,Common Quail,,comqua1,avibase-CAFE345D,ebd,FALSE,native,440,1978-07-24,2026-06-02,LC,https://datazone.birdlife.org/species/factsheet/22678944,https://birdsoftheworld.org/bow/species/comqua1/,,,,,,,,,,TRUE,,,TRUE,,,,,,,,,,,,FALSE
1511,avibase-0CA903BB,Galliformes,Phasianidae,"Partridges, Pheasants, Grouse, and Allies",Coturnix delegorguei,Harlequin Quail,,harqua1,avibase-0CA903BB,ebd,FALSE,native,2720,1970-07-10,2026-06-27,LC,https://datazone.birdlife.org/species/factsheet/22678961,https://birdsoftheworld.org/bow/species/harqua1/,,TRUE,,,,,,,,,,,,,,,,,,,,,,,FALSE
1575,avibase-81474844,Galliformes,Phasianidae,"Partridges, Pheasants, Grouse, and Allies",Pternistis castaneicollis,Chestnut-naped Spurfowl,Taxon atrifrons is treated as conspecific with Pternistis castaneicollis based on available evidence. Divergence in mitochondrial DNA and phenotypic traits (Töpfer et al. 2014) is more consistent with subspecies status in francolins (Bloomer & Crowe 1998).,chnfra2,avibase-81474844;avibase-F86E768E,ebd,FALSE,native,12,1975-06-21,2024-01-19,NE,,https://birdsoftheworld.org/bow/species/chnfra2/,,,,,,,,,,TRUE,,,,TRUE,,,,,,,,,,,FALSE
1583,avibase-A7E59764,Galliformes,Phasianidae,"Partridges, Pheasants, Grouse, and Allies",Pternistis jacksoni,Jackson's Spurfowl,,jacfra2,avibase-A7E59764,ebd,FALSE,native,1587,1965-05-20,2026-06-26,LC,https://datazone.birdlife.org/species/factsheet/22678887,https://birdsoftheworld.org/bow/species/jacfra2/,,,,,,,,,,,,,,,,,,,,,,,,TRUE,FALSE
1587,avibase-F5A73AAA,Galliformes,Phasianidae,"Partridges, Pheasants, Grouse, and Allies",Pternistis hildebrandti,Hildebrandt's Spurfowl,,hilfra2,avibase-F5A73AAA,ebd,FALSE,native,2681,1969-07-08,2026-06-30,LC,https://datazone.birdlife.org/species/factsheet/22678827,https://birdsoftheworld.org/bow/species/hilfra2/,,,,,,,,,,,,,,,,,,,,,,,,,FALSE
1595,avibase-1B11690B,Galliformes,Phasianidae,"Partridges, Pheasants, Grouse, and Allies",Pternistis squamatus,Scaly Spurfowl,,scafra2,avibase-1B11690B,ebd,FALSE,native,2485,1969-09-12,2026-06-30,LC,https://datazone.birdlife.org/species/factsheet/22678839,https://birdsoftheworld.org/bow/species/scafra2/,,,,,,,,,,,,,,,,,,,,,,,,,FALSE
1604,avibase-90AFDF9E,Galliformes,Phasianidae,"Partridges, Pheasants, Grouse, and Allies",Pternistis leucoscepus,Yellow-necked Spurfowl,,yenspu1,avibase-90AFDF9E,ebd,FALSE,native,20017,1962-07-15,2026-06-30,LC,https://datazone.birdlife.org/species/factsheet/22678847,https://birdsoftheworld.org/bow/species/yenspu1/,,,,,,,,,,,,,,,,,,,,,,,,,FALSE
1608,avibase-5FA94F66,Galliformes,Phasianidae,"Partridges, Pheasants, Grouse, and Allies",Pternistis afer,Red-necked Spurfowl,,renfra1,avibase-22271F15;avibase-2F65DBDD;avibase-5FA94F66,ebd,FALSE,native,5199,1971-09-17,2026-06-30,LC,https://datazone.birdlife.org/species/factsheet/22678855,https://birdsoftheworld.org/bow/species/renfra1/,,,,,,,,,,,,,,,,,,,,,,,,,FALSE
1616,avibase-B06A9079,Phoenicopteriformes,Phoenicopteridae,Flamingos,Phoeniconaias minor,Lesser Flamingo,,lesfla1,avibase-B06A9079,ebd,FALSE,native,7153,1961-04-02,2026-06-30,NT,https://datazone.birdlife.org/species/factsheet/22697369,https://birdsoftheworld.org/bow/species/lesfla1/,,TRUE,,,,,,,,,,,,,,,,,,,,,,,TRUE
1622,avibase-0F9B5174,Phoenicopteriformes,Phoenicopteridae,Flamingos,Phoenicopterus roseus,Greater Flamingo,,grefla3,avibase-0F9B5174,ebd,FALSE,native,7157,1961-04-02,2026-06-30,LC,https://datazone.birdlife.org/species/factsheet/22697360,https://birdsoftheworld.org/bow/species/grefla3/,,TRUE,,,,,,,,,,,TRUE,,,,,,,,,,,,TRUE
1636,avibase-215FEA89,Podicipediformes,Podicipedidae,Grebes,Tachybaptus ruficollis,Little Grebe,Taxon tricolor (polytypic) is treated as conspecific with Tachybaptus ruficollis (polytypic) based on available evidence. A thorough review of genetic and phenotypic variation within T. ruficollis sensu lato is needed to determine species limits within this complex.,litgre1,avibase-215FEA89;avibase-71682A47,ebd,FALSE,native,11135,1965-10-25,2026-06-30,LC,https://datazone.birdlife.org/species/factsheet/22696545,https://birdsoftheworld.org/bow/species/litgre1/,,,,,,,,,,,,,,,,,,,,,,,,,TRUE
1680,avibase-8F269702,Podicipediformes,Podicipedidae,Grebes,Podiceps cristatus,Great Crested Grebe,,grcgre1,avibase-8F269702,ebd,FALSE,native,140,1969-07-07,2026-06-01,LC,https://datazone.birdlife.org/species/factsheet/22696602,https://birdsoftheworld.org/bow/species/grcgre1/,,,,,,,,,,,,,,,,,,,,,,,,,TRUE
1684,avibase-32DCEC14,Podicipediformes,Podicipedidae,Grebes,Podiceps nigricollis,Black-necked Grebe,,eargre,avibase-32DCEC14,ebd,FALSE,native,445,1973-07-29,2026-05-28,LC,https://datazone.birdlife.org/species/factsheet/22696610,https://birdsoftheworld.org/bow/species/eargre/,,,,,,,,,,,,,,,,,,,,,,,,,TRUE
1704,avibase-002445CB,Musophagiformes,Musophagidae,Turacos,Corythaeola cristata,Great Blue Turaco,,grbtur1,avibase-002445CB,ebd,FALSE,native,1856,1973-09-05,2026-06-28,LC,https://datazone.birdlife.org/species/factsheet/22688425,https://birdsoftheworld.org/bow/species/grbtur1/,,,,,,,,,,,,,,,,,,,,,,,,,FALSE
1711,avibase-215428B0,Musophagiformes,Musophagidae,Turacos,Crinifer personatus,Bare-faced Go-away-bird,"Taxon leopoldi (monotypic) is treated as a subspecies of Crinifer personatus, as plumage differences are modest and variable within each taxon, and no behavioral or ecological differences have been identified; genetic data would be informative.",bfgbir1,avibase-215428B0;avibase-71A552DA;avibase-BEDA5DA6,ebd,FALSE,native,4268,1972-08-15,2026-06-30,NE,,https://birdsoftheworld.org/bow/species/bfgbir1/,,,,,,,,,,,,,,,,,,,,,,,,,FALSE
1714,avibase-2AA4BC58,Musophagiformes,Musophagidae,Turacos,Crinifer leucogaster,White-bellied Go-away-bird,Corythaixoides and Criniferoides are placed in the genus Crinifer based on a combination of nuclear and mitochondrial DNA data (Veron & Winney 2000; Njabo & Sorenson 2009; Perktaş et al. 2020).,wbgbir1,avibase-2AA4BC58,ebd,FALSE,native,21902,1965-10-25,2026-06-30,LC,https://datazone.birdlife.org/species/factsheet/22688410,https://birdsoftheworld.org/bow/species/wbgbir1/,,,,,,,,,,,,,,,,,,,,,,,,,FALSE
1716,avibase-10B14696,Musophagiformes,Musophagidae,Turacos,Crinifer zonurus,Eastern Plantain-eater,Corythaixoides and Criniferoides are placed in the genus Crinifer based on a combination of nuclear and mitochondrial DNA data (Veron & Winney 2000; Njabo & Sorenson 2009; Perktaş et al. 2020).,easple1,avibase-10B14696,ebd,FALSE,native,1223,1973-10-11,2026-06-29,LC,https://datazone.birdlife.org/species/factsheet/22688420,https://birdsoftheworld.org/bow/species/easple1/,,,,,,,,,,,,,,,,,,,,,,,,,FALSE
1718,avibase-76E45A19,Musophagiformes,Musophagidae,Turacos,Gallirex porphyreolophus,Purple-crested Turaco,,puctur2,avibase-76E45A19,ebd,FALSE,native,134,1920-12-04,2026-06-20,LC,https://datazone.birdlife.org/species/factsheet/22688380,https://birdsoftheworld.org/bow/species/puctur2/,,,,,,,,,,,,,,,,,,,,,,,,,FALSE
1732,avibase-2C7BA3A6,Musophagiformes,Musophagidae,Turacos,Tauraco rossae,Ross's Turaco,,rostur1,avibase-2C7BA3A6,ebd,FALSE,native,2252,1972-06-25,2026-06-30,LC,https://datazone.birdlife.org/species/factsheet/22688391,https://birdsoftheworld.org/bow/species/rostur1/,,,,,,,,,,,,,,,,,,,,,,,,,FALSE
1737,avibase-FF2AF138,Musophagiformes,Musophagidae,Turacos,Tauraco leucolophus,White-crested Turaco,,whctur2,avibase-FF2AF138,ebd,FALSE,native,964,1960-06-19,2026-06-26,LC,https://datazone.birdlife.org/species/factsheet/22688369,https://birdsoftheworld.org/bow/species/whctur2/,,,,,,,,,,,,,,,,,,,,,,,,,FALSE
1738,avibase-C9A1C773,Musophagiformes,Musophagidae,Turacos,Tauraco schuettii,Black-billed Turaco,,blbtur1,avibase-484D0DD5;avibase-C9A1C773,ebd,FALSE,native,405,1980-12-16,2026-06-11,LC,https://datazone.birdlife.org/species/factsheet/22688316,https://birdsoftheworld.org/bow/species/blbtur1/,,,,,,,,,,,,,,,,,,,,,,,,,FALSE
1741,avibase-22952180,Musophagiformes,Musophagidae,Turacos,Tauraco schalowi,Schalow's Turaco,,schtur1,avibase-22952180,ebd,FALSE,native,1332,1976-01-01,2026-06-30,LC,https://datazone.birdlife.org/species/factsheet/22688323,https://birdsoftheworld.org/bow/species/schtur1/,,,,,,,,,,,,,,,,,,,,,,,,,FALSE
1751,avibase-94214F1C,Musophagiformes,Musophagidae,Turacos,Tauraco hartlaubi,Hartlaub's Turaco,,hartur1,avibase-94214F1C,ebd,FALSE,native,9532,1925-07-01,2026-06-30,LC,https://datazone.birdlife.org/species/factsheet/22688365,https://birdsoftheworld.org/bow/species/hartur1/,,,,,,,,,,,,,,,,,,,,,,,,,FALSE
1752,avibase-D5846D2A,Musophagiformes,Musophagidae,Turacos,Tauraco fischeri,Fischer's Turaco,,fistur1,avibase-D5846D2A;avibase-DCA6C565,ebd,FALSE,native,1237,1969-06-15,2026-06-27,NT,https://datazone.birdlife.org/species/factsheet/22688327,https://birdsoftheworld.org/bow/species/fistur1/,,,,,,,,,,,,,,,,,,,,,,,,,FALSE
1768,avibase-6A394479,Otidiformes,Otididae,Bustards,Ardeotis arabs,Arabian Bustard,,arabus1,avibase-6A394479,ebd,FALSE,native,24,1989-01-25,2026-04-09,NT,https://datazone.birdlife.org/species/factsheet/22691924,https://birdsoftheworld.org/bow/species/arabus1/,,,,,,,,,,,,,,,,,,,,,,,,,FALSE
1773,avibase-4FC41CA0,Otidiformes,Otididae,Bustards,Ardeotis kori,Kori Bustard,,korbus1,avibase-4FC41CA0,ebd,FALSE,native,8738,1969-06-22,2026-06-30,NT,https://datazone.birdlife.org/species/factsheet/22691928,https://birdsoftheworld.org/bow/species/korbus1/,,,,,,,,,,,,,,,,,,,,,,,,,FALSE
1785,avibase-4FDBC0CB,Otidiformes,Otididae,Bustards,Neotis denhami,Denham's Bustard,,stabus1,avibase-4FDBC0CB;avibase-88A31713;avibase-9CAC1F36,ebd,FALSE,native,82,1972-12-29,2024-03-28,NT,https://datazone.birdlife.org/species/factsheet/22691905,https://birdsoftheworld.org/bow/species/stabus1/,,,,,,,,,,,,,,,,,,,,,,,,,FALSE
1789,avibase-4971D1EF,Otidiformes,Otididae,Bustards,Neotis heuglinii,Heuglin's Bustard,,heubus1,avibase-4971D1EF,ebd,FALSE,native,221,1973-08-26,2026-06-06,LC,https://datazone.birdlife.org/species/factsheet/22691920,https://birdsoftheworld.org/bow/species/heubus1/,,,,,,,,,,,,,,,,,,,,,,,,,FALSE
1793,avibase-3B287014,Otidiformes,Otididae,Bustards,Eupodotis senegalensis,White-bellied Bustard,,whbbus2,avibase-0669BFE7;avibase-3B287014,ebd,FALSE,native,10993,1969-07-08,2026-06-30,LC,https://datazone.birdlife.org/species/factsheet/22691996,https://birdsoftheworld.org/bow/species/whbbus2/,,,,,,,,,,,,,,,,,,,,,,,,,FALSE
1809,avibase-968D57F9,Otidiformes,Otididae,Bustards,Lophotis gindiana,Buff-crested Bustard,,bucbus1,avibase-968D57F9,ebd,FALSE,native,5502,1970-08-09,2026-06-30,LC,https://datazone.birdlife.org/species/factsheet/22691960,https://birdsoftheworld.org/bow/species/bucbus1/,,,,,,,,,,,,,,,,,,,,,,,,,FALSE
1818,avibase-402E7401,Otidiformes,Otididae,Bustards,Lissotis hartlaubii,Hartlaub's Bustard,,harbus2,avibase-402E7401,ebd,FALSE,native,1793,1969-07-12,2026-06-29,LC,https://datazone.birdlife.org/species/factsheet/22692011,https://birdsoftheworld.org/bow/species/harbus2/,,,,,,,,,,,,,,,,,,,,,,,,,FALSE
1819,avibase-562F4456,Otidiformes,Otididae,Bustards,Lissotis melanogaster,Black-bellied Bustard,,bkbbus1,avibase-562F4456,ebd,FALSE,native,5210,1969-07-08,2026-06-30,LC,https://datazone.birdlife.org/species/factsheet/22692007,https://birdsoftheworld.org/bow/species/bkbbus1/,,,,,,,,,,,,,,,,,,,,,,,,,FALSE
1906,avibase-4A83155B,Cuculiformes,Cuculidae,Cuckoos,Centropus senegalensis,Senegal Coucal,,sencou1,avibase-4A83155B,ebd,FALSE,native,131,1979-09-02,2026-05-09,LC,https://datazone.birdlife.org/species/factsheet/22684284,https://birdsoftheworld.org/bow/species/sencou1/,,,,,,,,,,,,,,,,,,,,,,,,,FALSE
1910,avibase-7C879D6D,Cuculiformes,Cuculidae,Cuckoos,Centropus monachus,Blue-headed Coucal,,blhcou2,avibase-7C879D6D,ebd,FALSE,native,1346,1953-04-01,2026-06-26,LC,https://datazone.birdlife.org/species/factsheet/22684276,https://birdsoftheworld.org/bow/species/blhcou2/,,,,,,,,,,,,,,,,,,,,,,,,,FALSE
1917,avibase-4B2A7A35,Cuculiformes,Cuculidae,Cuckoos,Centropus superciliosus,White-browed Coucal,"Taxon burchellii (polytypic, including fasciipygialis) is treated as a species separate from Centropus superciliosus based on plumage differences, supported by limited hybridization in areas of contact (Harrison et al. 1997). However, ecological and vocal differences have not been documented, suggesting further research is warranted.",whbcou2,avibase-4B2A7A35,ebd,FALSE,native,24281,1962-07-18,2026-06-30,NE,,https://birdsoftheworld.org/bow/species/whbcou2/,,,,,,,,,,,,,,,,,,,,,,,,,FALSE
1937,avibase-DB09507D,Cuculiformes,Cuculidae,Cuckoos,Centropus grillii,Black Coucal,,blacou1,avibase-DB09507D,ebd,FALSE,native,584,1988-12-03,2026-06-27,LC,https://datazone.birdlife.org/species/factsheet/22684249,https://birdsoftheworld.org/bow/species/blacou1/,,,,,,,,,,,,,,,,,,,,,,,,,FALSE
1963,avibase-3A46A20C,Cuculiformes,Cuculidae,Cuckoos,Ceuthmochares australis,Green Malkoha,,yellow6,avibase-3A46A20C,ebd,FALSE,native,1020,1963-07-17,2026-06-29,LC,https://datazone.birdlife.org/species/factsheet/22725637,https://birdsoftheworld.org/bow/species/yellow6/,,TRUE,,,,,,,,,,,,,,,,,,,,,,,FALSE
1964,avibase-E0D521B7,Cuculiformes,Cuculidae,Cuckoos,Ceuthmochares aereus,Blue Malkoha,,yellow5,avibase-E0D521B7,ebd,FALSE,native,553,1973-10-10,2026-06-29,LC,https://datazone.birdlife.org/species/factsheet/22725623,https://birdsoftheworld.org/bow/species/yellow5/,,,,,,,,,,,,,,,,,,,,,,,,,FALSE
2005,avibase-3D67C56A,Cuculiformes,Cuculidae,Cuckoos,Clamator glandarius,Great Spotted Cuckoo,,grscuc1,avibase-3D67C56A,ebd,FALSE,native,1205,1977-06-20,2026-06-30,LC,https://datazone.birdlife.org/species/factsheet/22683819,https://birdsoftheworld.org/bow/species/grscuc1/,,TRUE,,,,,,,,,,,TRUE,,,,,,,,,,,,FALSE
2006,avibase-3C8C3A31,Cuculiformes,Cuculidae,Cuckoos,Clamator levaillantii,Levaillant's Cuckoo,,levcuc1,avibase-3C8C3A31,ebd,FALSE,native,633,1976-04-06,2026-06-29,LC,https://datazone.birdlife.org/species/factsheet/22683808,https://birdsoftheworld.org/bow/species/levcuc1/,,TRUE,,,,,,,,,,,,,,,,,,,,,,,FALSE
2007,avibase-BF0A0954,Cuculiformes,Cuculidae,Cuckoos,Clamator jacobinus,Jacobin Cuckoo,,piecuc1,avibase-BF0A0954,ebd,FALSE,native,3212,1973-02-17,2026-06-29,LC,https://datazone.birdlife.org/species/factsheet/22683800,https://birdsoftheworld.org/bow/species/piecuc1/,,TRUE,,,,,,,,,,,TRUE,,,,,,,,,,,,FALSE
2057,avibase-2AD52363,Cuculiformes,Cuculidae,Cuckoos,Pachycoccyx audeberti,Thick-billed Cuckoo,,thbcuc1,avibase-2AD52363;avibase-C74D7BBB,ebd,FALSE,native,144,1922-01-24,2026-06-04,LC,https://datazone.birdlife.org/species/factsheet/22683823,https://birdsoftheworld.org/bow/species/thbcuc1/,,,,,,,,,,,,,,,,,,,,,,,,,FALSE
2097,avibase-0482FA7E,Cuculiformes,Cuculidae,Cuckoos,Chrysococcyx caprius,Diederik Cuckoo,,didcuc1,avibase-0482FA7E,ebd,FALSE,native,9965,1969-07-07,2026-06-30,LC,https://datazone.birdlife.org/species/factsheet/22684026,https://birdsoftheworld.org/bow/species/didcuc1/,,TRUE,,,,,,,,,,,,,,,,,,,,,,,FALSE
2098,avibase-1FACD210,Cuculiformes,Cuculidae,Cuckoos,Chrysococcyx klaas,Klaas's Cuckoo,,klacuc1,avibase-1FACD210,ebd,FALSE,native,10401,1969-07-07,2026-06-30,LC,https://datazone.birdlife.org/species/factsheet/22684017,https://birdsoftheworld.org/bow/species/klacuc1/,,,,,,,,,,,,,,,,,,,,,,,,,FALSE
2100,avibase-1B309CB5,Cuculiformes,Cuculidae,Cuckoos,Chrysococcyx cupreus,African Emerald Cuckoo,,afecuc1,avibase-1B309CB5;avibase-9CCAD0BE,ebd,FALSE,native,3124,1961-04-26,2026-06-28,LC,https://datazone.birdlife.org/species/factsheet/22684021,https://birdsoftheworld.org/bow/species/afecuc1/,,,,,,,,,,,,,,,,,,,,,,,,,FALSE
2172,avibase-B8D42059,Cuculiformes,Cuculidae,Cuckoos,Cercococcyx montanus,Barred Long-tailed Cuckoo,,bltcuc1,avibase-1F504C6D;avibase-B8D42059,ebd,FALSE,native,246,1984-01-28,2026-05-08,LC,https://datazone.birdlife.org/species/factsheet/22683913,https://birdsoftheworld.org/bow/species/bltcuc1/,,,,,,,,,,,,,,,,,,,,,,,,,FALSE
2200,avibase-EDB84334,Cuculiformes,Cuculidae,Cuckoos,Cuculus clamosus,Black Cuckoo,,blacuc1,avibase-02E915C3;avibase-C07FB88A;avibase-EDB84334,ebd,FALSE,native,2202,1969-07-07,2026-06-28,LC,https://datazone.birdlife.org/species/factsheet/22683866,https://birdsoftheworld.org/bow/species/blacuc1/,,TRUE,,,,,,,,,,,,,,,,,,,,,,,FALSE
2203,avibase-26A34DA5,Cuculiformes,Cuculidae,Cuckoos,Cuculus solitarius,Red-chested Cuckoo,,reccuc1,avibase-26A34DA5,ebd,FALSE,native,10747,1961-04-26,2026-06-30,LC,https://datazone.birdlife.org/species/factsheet/22683862,https://birdsoftheworld.org/bow/species/reccuc1/,,TRUE,,,,,,,,,,,,,,,,,,,,,,,FALSE
2204,avibase-FF41B79F,Cuculiformes,Cuculidae,Cuckoos,Cuculus poliocephalus,Lesser Cuckoo,,lescuc1,avibase-FF41B79F,ebd,FALSE,native,69,1984-11-20,2026-04-01,LC,https://datazone.birdlife.org/species/factsheet/22683889,https://birdsoftheworld.org/bow/species/lescuc1/,,,,,,,,,,,TRUE,TRUE,,,,,,,,,,,,,FALSE
2209,avibase-66931B3F,Cuculiformes,Cuculidae,Cuckoos,Cuculus gularis,African Cuckoo,,afrcuc1,avibase-66931B3F,ebd,FALSE,native,1015,1977-08-24,2026-06-30,LC,https://datazone.birdlife.org/species/factsheet/22683879,https://birdsoftheworld.org/bow/species/afrcuc1/,TRUE,,,,,,,,,,,,,,,,,,,,,,,,FALSE
2210,avibase-C2E0717C,Cuculiformes,Cuculidae,Cuckoos,Cuculus rochii,Madagascar Cuckoo,,madcuc1,avibase-C2E0717C,ebd,FALSE,native,2,1982-06-05,1989-08-16,LC,https://datazone.birdlife.org/species/factsheet/22683893,https://birdsoftheworld.org/bow/species/madcuc1/,,,,,,,TRUE,,,,,,,,,,,,,,,,,,FALSE
2213,avibase-B3D2C3C5,Cuculiformes,Cuculidae,Cuckoos,Cuculus canorus,Common Cuckoo,,comcuc,avibase-B3D2C3C5,ebd,FALSE,native,1203,1972-04-13,2026-05-09,LC,https://datazone.birdlife.org/species/factsheet/22683873,https://birdsoftheworld.org/bow/species/comcuc/,,,,,,,,,,,,TRUE,,,,,,,,,,,,,FALSE
2236,avibase-F5DE9155,Pterocliformes,Pteroclidae,Sandgrouse,Pterocles exustus,Chestnut-bellied Sandgrouse,,chbsan,avibase-5239DAD8;avibase-6EC9AAA4;avibase-F5DE9155,ebd,FALSE,native,4334,1962-07-18,2026-06-30,LC,https://datazone.birdlife.org/species/factsheet/22692990,https://birdsoftheworld.org/bow/species/chbsan/,,,,,,,,,,,,,,,,,,,,,,,,,FALSE
2247,avibase-8B6EA5FA,Pterocliformes,Pteroclidae,Sandgrouse,Pterocles gutturalis,Yellow-throated Sandgrouse,,yetsan1,avibase-8B6EA5FA,ebd,FALSE,native,2324,1972-09-09,2026-06-30,LC,https://datazone.birdlife.org/species/factsheet/22692998,https://birdsoftheworld.org/bow/species/yetsan1/,,,,,,,,,,,,,,,,,,,,,,,,,FALSE
2256,avibase-70AFED2C,Pterocliformes,Pteroclidae,Sandgrouse,Pterocles decoratus,Black-faced Sandgrouse,,blfsan1,avibase-70AFED2C,ebd,FALSE,native,7463,1969-07-12,2026-06-30,LC,https://datazone.birdlife.org/species/factsheet/22693013,https://birdsoftheworld.org/bow/species/blfsan1/,,,,,,,,,,,,,,,,,,,,,,,,,FALSE
2261,avibase-F3715F7B,Pterocliformes,Pteroclidae,Sandgrouse,Pterocles lichtensteinii,Lichtenstein's Sandgrouse,,licsan1,avibase-56467226;avibase-F3715F7B,ebd,FALSE,native,1184,1973-08-26,2026-06-30,LC,https://datazone.birdlife.org/species/factsheet/22693028,https://birdsoftheworld.org/bow/species/licsan1/,,,,,,,,,,,,,,,,,,,,,,,,,FALSE
2271,avibase-461482EA,Pterocliformes,Pteroclidae,Sandgrouse,Pterocles quadricinctus,Four-banded Sandgrouse,,fobsan1,avibase-461482EA,ebd,FALSE,native,42,1980-11-09,2026-04-05,LC,https://datazone.birdlife.org/species/factsheet/22693021,https://birdsoftheworld.org/bow/species/fobsan1/,,,,,,,,,,,,,,,,,,,,,,,,,FALSE
2580,avibase-B2D6AB06,Columbiformes,Columbidae,Doves and Pigeons,Spilopelia senegalensis,Laughing Dove,,laudov1,avibase-B2D6AB06,ebd,FALSE,native,23638,1965-10-25,2026-06-30,LC,https://datazone.birdlife.org/species/factsheet/22690445,https://birdsoftheworld.org/bow/species/laudov1/,,,,,,,,,,,,,,,,,,,,,,,,,FALSE
2598,avibase-EE40DDB6,Columbiformes,Columbidae,Doves and Pigeons,Aplopelia larvata,Lemon Dove,,lemdov2,avibase-D980D726;avibase-EE40DDB6,ebd,FALSE,native,797,1969-07-10,2026-06-30,LC,https://datazone.birdlife.org/species/factsheet/22690384,https://birdsoftheworld.org/bow/species/lemdov2/,,,,,,,,,,,,,,,,,,,,,,,,,FALSE
2618,avibase-5788552B,Columbiformes,Columbidae,Doves and Pigeons,Streptopelia turtur,European Turtle Dove,,eutdov,avibase-5788552B,ebd,FALSE,native,5,1976-10-16,2000-07-14,VU,https://datazone.birdlife.org/species/factsheet/22690419,https://birdsoftheworld.org/bow/species/eutdov/,,,,,,,,,,,,,,,,,,,,,TRUE,,,,FALSE
2623,avibase-8770C6A7,Columbiformes,Columbidae,Doves and Pigeons,Streptopelia lugens,Dusky Turtle Dove,,dutdov1,avibase-8770C6A7,ebd,FALSE,native,6691,1969-07-21,2026-06-30,LC,https://datazone.birdlife.org/species/factsheet/22690432,https://birdsoftheworld.org/bow/species/dutdov1/,,,,,,,,,,,,,,,,,,,,,,,,,FALSE
2625,avibase-DDEF7228,Columbiformes,Columbidae,Doves and Pigeons,Streptopelia vinacea,Vinaceous Dove,,vindov1,avibase-DDEF7228,ebd,FALSE,native,14,2022-05-07,2026-04-06,LC,https://datazone.birdlife.org/species/factsheet/22690484,https://birdsoftheworld.org/bow/species/vindov1/,,,,,,,,,,,,,,,,,,,,,,,,,FALSE
2626,avibase-AB937AEB,Columbiformes,Columbidae,Doves and Pigeons,Streptopelia capicola,Ring-necked Dove,,rindov,avibase-AB937AEB,ebd,FALSE,native,45479,1962-07-15,2026-06-30,LC,https://datazone.birdlife.org/species/factsheet/22690488,https://birdsoftheworld.org/bow/species/rindov/,,,,,,,,,,,,,,,,,,,,,,,,,FALSE
2633,avibase-9888B3AE,Columbiformes,Columbidae,Doves and Pigeons,Streptopelia semitorquata,Red-eyed Dove,,reedov1,avibase-9888B3AE,ebd,FALSE,native,35174,1965-10-25,2026-06-30,LC,https://datazone.birdlife.org/species/factsheet/22690499,https://birdsoftheworld.org/bow/species/reedov1/,,,,,,,,,,,,,,,,,,,,,,,,,FALSE
2634,avibase-70BD722B,Columbiformes,Columbidae,Doves and Pigeons,Streptopelia decipiens,Mourning Collared Dove,,afmdov1,avibase-70BD722B,ebd,FALSE,native,12974,1969-07-14,2026-06-30,LC,https://datazone.birdlife.org/species/factsheet/22690477,https://birdsoftheworld.org/bow/species/afmdov1/,,,,,,,,,,,,,,,,,,,,,,,,,FALSE
2643,avibase-65FE8029,Columbiformes,Columbidae,Doves and Pigeons,Streptopelia reichenowi,White-winged Collared Dove,,wwcdov1,avibase-65FE8029,ebd,FALSE,native,1,1997-04-20,1997-04-20,LC,https://datazone.birdlife.org/species/factsheet/22690529,https://birdsoftheworld.org/bow/species/wwcdov1/,,,,,,,,,,,,,,,,,,,,,,,,,FALSE
2648,avibase-870E4DDA,Columbiformes,Columbidae,Doves and Pigeons,Columba delegorguei,Eastern Bronze-naped Pigeon,,delpig1,avibase-28F3333D;avibase-693AD7C3;avibase-870E4DDA,ebd,FALSE,native,1270,1969-09-13,2026-06-29,LC,https://datazone.birdlife.org/species/factsheet/22690359,https://birdsoftheworld.org/bow/species/delpig1/,,,,,,,,,,,,,,,,,,,,,,,,,FALSE
2680,avibase-EEDB8253,Columbiformes,Columbidae,Doves and Pigeons,Columba arquatrix,African Olive Pigeon,,rampig1,avibase-EEDB8253,ebd,FALSE,native,2261,1971-07-12,2026-06-27,LC,https://datazone.birdlife.org/species/factsheet/22690145,https://birdsoftheworld.org/bow/species/rampig1/,,,,,,,,,,,,,,,,,,,,,,,,,FALSE
2693,avibase-A6EA9F02,Columbiformes,Columbidae,Doves and Pigeons,Columba guinea,Speckled Pigeon,,spepig1,avibase-A6EA9F02,ebd,FALSE,native,21153,1969-07-07,2026-06-30,LC,https://datazone.birdlife.org/species/factsheet/22690080,https://birdsoftheworld.org/bow/species/spepig1/,,,,,,,,,,,,,,,,,,,,,,,,,FALSE
2703,avibase-BBA263C2,Columbiformes,Columbidae,Doves and Pigeons,Columba livia,Rock Dove,,rocpig,avibase-533DD36C;avibase-BBA263C2,ebd,FALSE,naturalized,2532,1966-04-03,2026-06-29,LC,https://datazone.birdlife.org/species/factsheet/22690066,https://birdsoftheworld.org/bow/species/rocpig/,,,,,,,,,,,,,,,,,,,,,,,,,FALSE
2736,avibase-DDC2CC92,Columbiformes,Columbidae,Doves and Pigeons,Oena capensis,Namaqua Dove,,namdov1,avibase-DDC2CC92,ebd,FALSE,native,13648,1965-10-25,2026-06-30,LC,https://datazone.birdlife.org/species/factsheet/22690645,https://birdsoftheworld.org/bow/species/namdov1/,,,,,,,,,,,,,,,,,,,,,,,,,FALSE
2740,avibase-7308278F,Columbiformes,Columbidae,Doves and Pigeons,Turtur tympanistria,Tambourine Dove,,tamdov1,avibase-7308278F,ebd,FALSE,native,7321,1967-10-18,2026-06-30,LC,https://datazone.birdlife.org/species/factsheet/22690635,https://birdsoftheworld.org/bow/species/tamdov1/,,,,,,,,,,,,,,,,,,,,,,,,,FALSE
2744,avibase-23D5FC36,Columbiformes,Columbidae,Doves and Pigeons,Turtur afer,Blue-spotted Wood Dove,,bswdov1,avibase-23D5FC36,ebd,FALSE,native,2461,1971-04-01,2026-06-30,LC,https://datazone.birdlife.org/species/factsheet/22690628,https://birdsoftheworld.org/bow/species/bswdov1/,,,,,,,,,,,,,,,,,,,,,,,,,FALSE
2745,avibase-BDF442F2,Columbiformes,Columbidae,Doves and Pigeons,Turtur chalcospilos,Emerald-spotted Wood Dove,,eswdov1,avibase-BDF442F2,ebd,FALSE,native,25657,1970-07-10,2026-06-30,LC,https://datazone.birdlife.org/species/factsheet/22690621,https://birdsoftheworld.org/bow/species/eswdov1/,,,,,,,,,,,,,,,,,,,,,,,,,FALSE
2798,avibase-46C90944,Columbiformes,Columbidae,Doves and Pigeons,Treron waalia,Bruce's Green Pigeon,,brgpig1,avibase-46C90944,ebd,FALSE,native,14,1984-06-09,2026-04-06,LC,https://datazone.birdlife.org/species/factsheet/22691212,https://birdsoftheworld.org/bow/species/brgpig1/,,,,,,,,,,,,,,,,,,,,,,,,,FALSE
2812,avibase-00146574,Columbiformes,Columbidae,Doves and Pigeons,Treron calvus,African Green Pigeon,"Taxon delalandii (polytypic, including granti) is treated as conspecific with Treron calvus (polytypic) based on the absence of vocal and behavioral differences between them. Complex patterns of plumage variation also occur within T. calvus sensu lato with evidence of intergradation and clinality. Genetic data are lacking and further research would be required before making any splits in this group.",afrgrp1,avibase-00146574;avibase-5B603707,ebd,FALSE,native,6466,1966-04-03,2026-06-30,NE,,https://birdsoftheworld.org/bow/species/afrgrp1/,,,,,,,,,,,,,,,,,,,,,,,,,FALSE
3258,avibase-D10CAC5D,Gruiformes,Gruidae,Cranes,Balearica regulorum,Grey Crowned Crane,,grccra1,avibase-D10CAC5D,ebd,FALSE,native,20194,1961-10-15,2026-06-30,EN,https://datazone.birdlife.org/species/factsheet/22692046,https://birdsoftheworld.org/bow/species/grccra1/,,,,,,,,,,,,,,,,,,,,,,,,,TRUE
3261,avibase-31413BFF,Gruiformes,Gruidae,Cranes,Balearica pavonina,Black Crowned Crane,,blccra1,avibase-31413BFF,ebd,FALSE,native,1,2014-08-15,2014-08-15,VU,https://datazone.birdlife.org/species/factsheet/22692039,https://birdsoftheworld.org/bow/species/blccra1/,,,,,,,,,,,,,,,,,,,,,,,,,TRUE
3281,avibase-64DDD14D,Gruiformes,Gruidae,Cranes,Grus virgo,Demoiselle Crane,"Anthropoides (polytypic) and Bugeranus (monotypic) are placed in the genus Grus based on available evidence. Analysis of complete mitochondrial genomes (Krajewski et al. 2010), and multilocus DNA data (Fain et al. 2007) failed to resolve basal relationships among these genera, indicating that they are best retained in an expanded Grus pending further research.",demcra1,avibase-64DDD14D,ebd,FALSE,native,1,1986-01-15,1986-01-15,LC,https://datazone.birdlife.org/species/factsheet/22692081,https://birdsoftheworld.org/bow/species/demcra1/,,,,,TRUE,,,,,,,,,TRUE,,,,,,,TRUE,,,,TRUE
3285,avibase-99B8841E,Gruiformes,Gruidae,Cranes,Grus grus,Common Crane,,comcra,avibase-99B8841E,ebd,FALSE,native,1,1999-10-02,1999-10-02,LC,https://datazone.birdlife.org/species/factsheet/22692146,https://birdsoftheworld.org/bow/species/comcra/,,,,,,,,,,,,,,TRUE,,,,,,,TRUE,,,,TRUE
3290,avibase-46DECAEE,Gruiformes,Heliornithidae,Finfoots,Podica senegalensis,African Finfoot,,afrfin1,avibase-46DECAEE,ebd,FALSE,native,167,1969-08-01,2026-05-11,LC,https://datazone.birdlife.org/species/factsheet/22692177,https://birdsoftheworld.org/bow/species/afrfin1/,,,,,,,,,,,,,,,,,,,,,,,,,TRUE
3317,avibase-6EF64F69,Gruiformes,Sarothruridae,Flufftails,Sarothrura pulchra,White-spotted Flufftail,,whsflu1,avibase-6EF64F69;avibase-9D3C044A,ebd,FALSE,native,919,1984-11-11,2026-06-29,LC,https://datazone.birdlife.org/species/factsheet/22692215,https://birdsoftheworld.org/bow/species/whsflu1/,,,,,,,,,,,,,,,,,,,,,,,,,FALSE
3322,avibase-E75BA92C,Gruiformes,Sarothruridae,Flufftails,Sarothrura elegans,Buff-spotted Flufftail,,busflu1,avibase-E75BA92C,ebd,FALSE,native,78,1973-10-10,2026-06-11,LC,https://datazone.birdlife.org/species/factsheet/22692219,https://birdsoftheworld.org/bow/species/busflu1/,,,,,,,,,,,,,,,,,,,,,,,,,FALSE
3325,avibase-10B56544,Gruiformes,Sarothruridae,Flufftails,Sarothrura rufa,Red-chested Flufftail,,recflu1,avibase-10B56544,ebd,FALSE,native,146,1953-03-29,2026-05-16,LC,https://datazone.birdlife.org/species/factsheet/22692223,https://birdsoftheworld.org/bow/species/recflu1/,,,,,,,,,,,,,,,,,,,,,,,,,FALSE
3332,avibase-EBA9F2C4,Gruiformes,Sarothruridae,Flufftails,Sarothrura boehmi,Streaky-breasted Flufftail,,stbflu1,avibase-EBA9F2C4,ebd,FALSE,native,13,1988-05-21,2025-06-08,LC,https://datazone.birdlife.org/species/factsheet/22692232,https://birdsoftheworld.org/bow/species/stbflu1/,TRUE,,,,,,,,,,,,,,,,,,,,,,,,FALSE
3333,avibase-D4A066EA,Gruiformes,Sarothruridae,Flufftails,Sarothrura affinis,Striped Flufftail,,strflu1,avibase-D4A066EA,ebd,FALSE,native,18,2016-01-17,2025-08-30,LC,https://datazone.birdlife.org/species/factsheet/22692236,https://birdsoftheworld.org/bow/species/strflu1/,,,,,,,,,,,,,,,,,,,,,,,,,FALSE
3436,avibase-5B443EDE,Gruiformes,Rallidae,"Rails, Gallinules, and Coots",Rallus caerulescens,African Rail,,afrrai1,avibase-5B443EDE,ebd,FALSE,native,664,1962-07-18,2026-06-28,LC,https://datazone.birdlife.org/species/factsheet/22692498,https://birdsoftheworld.org/bow/species/afrrai1/,,,,,,,,,,,,,,,,,,,,,,,,,TRUE
3441,avibase-09A0F2EB,Gruiformes,Rallidae,"Rails, Gallinules, and Coots",Crecopsis egregia,African Crake,Taxon egregia is placed in the monotypic genus Crecopsis based on nuclear and genomic DNA evidence of non-monophyly with Crex crex (Garcia-R et al. 2020; Kirchman et al. 2021).,afrcra1,avibase-09A0F2EB,ebd,FALSE,native,151,1979-07-07,2026-05-27,LC,https://datazone.birdlife.org/species/factsheet/22692539,https://birdsoftheworld.org/bow/species/afrcra1/,,TRUE,,,,,,,,,,,,,,,,,,,,,,,TRUE
3459,avibase-7E257242,Gruiformes,Rallidae,"Rails, Gallinules, and Coots",Crex crex,Corn Crake,,corcra,avibase-7E257242,ebd,FALSE,native,73,1983-11-20,2025-12-15,LC,https://datazone.birdlife.org/species/factsheet/22692543,https://birdsoftheworld.org/bow/species/corcra/,,,,,,,,,,,,TRUE,,,,,,,,,,,,,TRUE
3550,avibase-460708F9,Gruiformes,Rallidae,"Rails, Gallinules, and Coots",Porzana porzana,Spotted Crake,,spocra1,avibase-460708F9,ebd,FALSE,native,6,1991-10-10,2009-11-13,LC,https://datazone.birdlife.org/species/factsheet/22692676,https://birdsoftheworld.org/bow/species/spocra1/,,,,,,,,,,,,TRUE,,,,,,,,,,,,,TRUE
3553,avibase-A927C1AE,Gruiformes,Rallidae,"Rails, Gallinules, and Coots",Paragallinula angulata,Lesser Moorhen,,lesmoo1,avibase-A927C1AE,ebd,FALSE,native,441,1963-06-23,2026-06-27,LC,https://datazone.birdlife.org/species/factsheet/22692883,https://birdsoftheworld.org/bow/species/lesmoo1/,TRUE,,,,,,,,,,,,,,,,,,,,,,,,TRUE
3558,avibase-8F82FF8C,Gruiformes,Rallidae,"Rails, Gallinules, and Coots",Gallinula chloropus,Common Moorhen,,commoo3,avibase-8F82FF8C,ebd,FALSE,native,7759,1965-10-25,2026-06-30,LC,https://datazone.birdlife.org/species/factsheet/62120190,https://birdsoftheworld.org/bow/species/commoo3/,,,,,,,,,,,,,,,,,,,,,,,,,TRUE
3587,avibase-53235FDC,Gruiformes,Rallidae,"Rails, Gallinules, and Coots",Fulica cristata,Red-knobbed Coot,,rekcoo1,avibase-53235FDC,ebd,FALSE,native,6911,1961-04-10,2026-06-30,LC,https://datazone.birdlife.org/species/factsheet/22692907,https://birdsoftheworld.org/bow/species/rekcoo1/,,TRUE,,,,,,,,,,,,,,,,,,,,,,,TRUE
3598,avibase-53288666,Gruiformes,Rallidae,"Rails, Gallinules, and Coots",Porphyrio alleni,Allen's Gallinule,,allgal1,avibase-53288666,ebd,FALSE,native,471,1953-04-03,2026-06-25,LC,https://datazone.birdlife.org/species/factsheet/22692816,https://birdsoftheworld.org/bow/species/allgal1/,,TRUE,,,,,,,,,,,,,,,,,,,,,,,TRUE
3602,avibase-AC1E791E,Gruiformes,Rallidae,"Rails, Gallinules, and Coots",Porphyrio porphyrio,Purple Swamphen,"The Porphyrio porphyrio complex is treated as a single polytypic species pending further research. Sometimes treated as six species based largely on mitochondrial-dominated DNA data (Sangster 1998; Garcia-R & Trewick 2015; Verry et al. 2023) that indicate deep divergences and paraphyly with respect to the two species of takahe, P. mantelli and P. hochstetteri. Available nuclear DNA data (Garcia-R & Trewick 2015) are mostly uninformative and mtDNA divergence times may be over-estimated. Further research incorporating denser sampling of nuclear DNA will be needed to determine species limits in this complex.",purswa2,avibase-865C039E,ebd,FALSE,native,1799,1961-04-30,2026-06-30,LC,https://datazone.birdlife.org/species/factsheet/22692792,,,,,,,,,,,,,,,,,,,,,,,,,,TRUE
3667,avibase-13967506,Gruiformes,Rallidae,"Rails, Gallinules, and Coots",Aenigmatolimnas marginalis,Striped Crake,"Taxon marginalis is placed in the genus Aenigmatolimnas based on nuclear (Garcia-R et al. 2020) and genomic DNA (Kirchman et al. 2021) evidence. Formerly placed in Amaurornis, deep divergence combined with differences in morphology, ecology, and biogeography indicate that marginalis is best treated as a monotypic genus.",strcra1,avibase-13967506,ebd,FALSE,native,26,1977-06-14,2025-08-29,LC,https://datazone.birdlife.org/species/factsheet/22692729,https://birdsoftheworld.org/bow/species/strcra1/,TRUE,,,,,,,,,,,,,,,,,,,,,,,,TRUE
3707,avibase-148F0B01,Gruiformes,Rallidae,"Rails, Gallinules, and Coots",Zapornia flavirostra,Black Crake,,blacra1,avibase-148F0B01,ebd,FALSE,native,11641,1961-04-30,2026-06-30,LC,https://datazone.birdlife.org/species/factsheet/22692643,https://birdsoftheworld.org/bow/species/blacra1/,,,,,,,,,,,,,,,,,,,,,,,,,TRUE
3709,avibase-34D5B04D,Gruiformes,Rallidae,"Rails, Gallinules, and Coots",Zapornia pusilla,Baillon's Crake,,baicra1,avibase-34D5B04D,ebd,FALSE,native,118,1980-08-08,2026-06-06,LC,https://datazone.birdlife.org/species/factsheet/22692667,https://birdsoftheworld.org/bow/species/baicra1/,,TRUE,,,,,,,,,,,TRUE,,,,,,,,,,,,TRUE
3750,avibase-862F6F04,Charadriiformes,Burhinidae,Thick-knees and Stone-curlews,Burhinus capensis,Spotted Thick-knee,,sptkne1,avibase-862F6F04,ebd,FALSE,native,4821,1969-07-07,2026-06-30,LC,https://datazone.birdlife.org/species/factsheet/22693589,https://birdsoftheworld.org/bow/species/sptkne1/,,,,,,,,,,,,,,,,,,,,,,,,,TRUE
3755,avibase-96CCAFEE,Charadriiformes,Burhinidae,Thick-knees and Stone-curlews,Burhinus vermiculatus,Water Thick-knee,,watkne1,avibase-96CCAFEE,ebd,FALSE,native,5608,1969-07-08,2026-06-30,LC,https://datazone.birdlife.org/species/factsheet/22693584,https://birdsoftheworld.org/bow/species/watkne1/,,,,,,,,,,,,,,,,,,,,,,,,,TRUE
3758,avibase-85DF723B,Charadriiformes,Burhinidae,Thick-knees and Stone-curlews,Burhinus senegalensis,Senegal Thick-knee,,setkne1,avibase-85DF723B,ebd,FALSE,native,532,1978-08-03,2026-06-22,LC,https://datazone.birdlife.org/species/factsheet/22693580,https://birdsoftheworld.org/bow/species/setkne1/,,,,,,,,,,,,,,,,,,,,,,,,,TRUE
3760,avibase-C7DB323E,Charadriiformes,Burhinidae,Thick-knees and Stone-curlews,Burhinus oedicnemus,Eurasian Stone-curlew,,eutkne1,avibase-C7DB323E,ebd,FALSE,native,8,1989-11-11,2024-02-16,LC,https://datazone.birdlife.org/species/factsheet/45111439,https://birdsoftheworld.org/bow/species/eutkne1/,,,,,,,,,,,,TRUE,,,,,,,,,,,,,TRUE
3768,avibase-1B28A4B6,Charadriiformes,Pluvianidae,Egyptian Plover,Pluvianus aegyptius,Egyptian Plover,,egyplo1,avibase-1B28A4B6,ebd,FALSE,native,1,1971-08-15,1971-08-15,LC,https://datazone.birdlife.org/species/factsheet/22694086,https://birdsoftheworld.org/bow/species/egyplo1/,,,,,,,,,,,,,,TRUE,,,,,,,,,,,FALSE
3773,avibase-C73ED2F5,Charadriiformes,Recurvirostridae,Stilts and Avocets,Recurvirostra avosetta,Pied Avocet,,pieavo1,avibase-C73ED2F5,ebd,FALSE,native,4224,1961-04-02,2026-06-21,LC,https://datazone.birdlife.org/species/factsheet/22693712,https://birdsoftheworld.org/bow/species/pieavo1/,,TRUE,,,,,,,,,,,TRUE,,,,,,,,,,,,TRUE
3782,avibase-3CAEB7CE,Charadriiformes,Recurvirostridae,Stilts and Avocets,Himantopus himantopus,Black-winged Stilt,"Three species are recognized in the Himantopus himantopus (black and white stilts) complex pending further research: monotypic H. himantopus; monotypic H. leucocephalus; and polytypic H. mexicanus (including melanurus and knudseni). Although the all-black taxon (H. novaezelandiae) is widely accepted as a distinct species (as here), the number of species recognized among the five black-and-white taxa ranges from one to four. Genetic divergence across the genus appears to be low (Steeves et al. 2010; Forsdick et al. 2021), there is considerable uncertainty over levels of reproductive isolation across the complex (Steeves et al. 2010; Harvey et al. 2014; Forsdick et al. 2021), and detailed vocal studies are lacking. In the absence of a more comprehensive review, we continue to recognize the black-winged (nominate H. himantopus), pied (H. leucocephalus), and black-necked (H. mexicanus) groups.",bkwsti,avibase-3CAEB7CE,ebd,FALSE,native,12674,1965-10-25,2026-06-30,NE,,https://birdsoftheworld.org/bow/species/bkwsti/,,TRUE,,,,,,,,,,,TRUE,,,,,,,,,,,,TRUE
3801,avibase-ED663165,Charadriiformes,Haematopodidae,Oystercatchers,Haematopus ostralegus,Eurasian Oystercatcher,,euroys1,avibase-ED663165,ebd,FALSE,native,141,1977-04-10,2026-02-28,NT,https://datazone.birdlife.org/species/factsheet/22693613,https://birdsoftheworld.org/bow/species/euroys1/,,,,,,,,,,,,TRUE,,,,,,,,,,,,,TRUE
3812,avibase-27903EF7,Charadriiformes,Charadriidae,Plovers and Lapwings,Pluvialis squatarola,Grey Plover,,bkbplo,avibase-27903EF7,ebd,FALSE,native,2326,1966-04-03,2026-06-30,VU,https://datazone.birdlife.org/species/factsheet/22693749,https://birdsoftheworld.org/bow/species/bkbplo/,,,,,,,,,,,,TRUE,,,,,,,,,,,,,TRUE
3818,avibase-07C11CF3,Charadriiformes,Charadriidae,Plovers and Lapwings,Pluvialis fulva,Pacific Golden Plover,,pagplo,avibase-07C11CF3,ebd,FALSE,native,27,1987-02-15,2026-02-09,LC,https://datazone.birdlife.org/species/factsheet/22693735,https://birdsoftheworld.org/bow/species/pagplo/,,,,,,,,,,,,TRUE,,,,,,,,,,,,,TRUE
3836,avibase-EDA37B7C,Charadriiformes,Charadriidae,Plovers and Lapwings,Charadrius hiaticula,Common Ringed Plover,,corplo,avibase-EDA37B7C,ebd,FALSE,native,6061,1966-03-31,2026-06-23,LC,https://datazone.birdlife.org/species/factsheet/22693759,https://birdsoftheworld.org/bow/species/corplo/,,,,,,,,,,,,TRUE,,,,,,,,,,,,,TRUE
3849,avibase-8DAF86A1,Charadriiformes,Charadriidae,Plovers and Lapwings,Thinornis tricollaris,Three-banded Plover,Taxon bifrontatus is treated as a subspecies of Thinornis tricollaris based on available evidence. Although the two taxa differ in plumage and mitochondrial DNA (Dos Remedios et al. 2020) the levels are more consistent with subspecific differentiation. A more comprehensive analysis based on genomic DNA may be informative.,thbplo1,avibase-8DAF86A1;avibase-F5D22166,ebd,FALSE,native,15629,1961-04-02,2026-06-30,NE,,https://birdsoftheworld.org/bow/species/thbplo1/,,,,,,,,,,,,,,,,,,,,,,,,,TRUE
3853,avibase-35EC3BBF,Charadriiformes,Charadriidae,Plovers and Lapwings,Thinornis dubius,Little Ringed Plover,,lirplo,avibase-35EC3BBF;avibase-41141E35,ebd,FALSE,native,475,1973-04-08,2026-04-08,LC,https://datazone.birdlife.org/species/factsheet/22693770,https://birdsoftheworld.org/bow/species/lirplo/,,,,,,,,,,,,TRUE,,,,,,,,,,,,,TRUE
3858,avibase-F029489A,Charadriiformes,Charadriidae,Plovers and Lapwings,Vanellus vanellus,Northern Lapwing,,norlap,avibase-F029489A,ebd,FALSE,native,2,1995-02-28,1996-08-01,NT,https://datazone.birdlife.org/species/factsheet/22693949,https://birdsoftheworld.org/bow/species/norlap/,,,,,,,,,,TRUE,,,,TRUE,,,,,,,TRUE,,,,TRUE
3859,avibase-F7D5320E,Charadriiformes,Charadriidae,Plovers and Lapwings,Vanellus crassirostris,Long-toed Lapwing,,lotlap1,avibase-F7D5320E,ebd,FALSE,native,7076,1969-08-01,2026-06-30,LC,https://datazone.birdlife.org/species/factsheet/22693954,https://birdsoftheworld.org/bow/species/lotlap1/,,,,,,,,,,,,,,,,,,,,,,,,,TRUE
3862,avibase-2F23EDC6,Charadriiformes,Charadriidae,Plovers and Lapwings,Vanellus armatus,Blacksmith Lapwing,,blaplo1,avibase-2F23EDC6,ebd,FALSE,native,21727,1953-08-15,2026-06-30,LC,https://datazone.birdlife.org/species/factsheet/22693978,https://birdsoftheworld.org/bow/species/blaplo1/,,,,,,,,,,,,,,,,,,,,,,,,,TRUE
3863,avibase-F5E92B22,Charadriiformes,Charadriidae,Plovers and Lapwings,Vanellus spinosus,Spur-winged Lapwing,,spwlap1,avibase-F5E92B22,ebd,FALSE,native,20683,1962-07-17,2026-06-30,LC,https://datazone.birdlife.org/species/factsheet/22693983,https://birdsoftheworld.org/bow/species/spwlap1/,,,,,,,,,,,,,,,,,,,,,,,,,TRUE
3866,avibase-D531B5D3,Charadriiformes,Charadriidae,Plovers and Lapwings,Vanellus tectus,Black-headed Lapwing,,blhlap1,avibase-D531B5D3,ebd,FALSE,native,2212,1973-08-30,2026-06-30,LC,https://datazone.birdlife.org/species/factsheet/22693995,https://birdsoftheworld.org/bow/species/blhlap1/,,,,,,,,,,,,,,,,,,,,,,,,,TRUE
3870,avibase-42D3918F,Charadriiformes,Charadriidae,Plovers and Lapwings,Vanellus lugubris,Senegal Lapwing,,senlap1,avibase-42D3918F,ebd,FALSE,native,1583,1953-01-02,2026-06-30,LC,https://datazone.birdlife.org/species/factsheet/22694033,https://birdsoftheworld.org/bow/species/senlap1/,,,,,,,,,,,,,,,,,,,,,,,,,TRUE
3871,avibase-83D95620,Charadriiformes,Charadriidae,Plovers and Lapwings,Vanellus melanopterus,Black-winged Lapwing,,blwlap1,avibase-83D95620,ebd,FALSE,native,3596,1952-11-15,2026-06-30,LC,https://datazone.birdlife.org/species/factsheet/22694038,https://birdsoftheworld.org/bow/species/blwlap1/,,,,,,,,,,,,,,,,,,,,,,,,,TRUE
3874,avibase-D0FA8EBE,Charadriiformes,Charadriidae,Plovers and Lapwings,Vanellus coronatus,Crowned Lapwing,,crolap1,avibase-D0FA8EBE,ebd,FALSE,native,25966,1965-10-25,2026-06-30,LC,https://datazone.birdlife.org/species/factsheet/22694043,https://birdsoftheworld.org/bow/species/crolap1/,,,,,,,,,,,,,,,,,,,,,,,,,TRUE
3877,avibase-074251A3,Charadriiformes,Charadriidae,Plovers and Lapwings,Vanellus senegallus,African Wattled Lapwing,,watlap1,avibase-074251A3,ebd,FALSE,native,4991,1973-09-22,2026-06-30,LC,https://datazone.birdlife.org/species/factsheet/22694027,https://birdsoftheworld.org/bow/species/watlap1/,,,,,,,,,,,,,,,,,,,,,,,,,TRUE
3881,avibase-881C954D,Charadriiformes,Charadriidae,Plovers and Lapwings,Vanellus superciliosus,Brown-chested Lapwing,,brclap1,avibase-881C954D,ebd,FALSE,native,6,1986-01-05,2025-11-03,LC,https://datazone.birdlife.org/species/factsheet/22694048,https://birdsoftheworld.org/bow/species/brclap1/,,,,,,,,,,,,,,,,,,,,,,,,,TRUE
3906,avibase-264D0351,Charadriiformes,Charadriidae,Plovers and Lapwings,Anarhynchus asiaticus,Caspian Plover,,casplo1,avibase-264D0351,ebd,FALSE,native,759,1973-02-15,2026-03-29,LC,https://datazone.birdlife.org/species/factsheet/22693868,https://birdsoftheworld.org/bow/species/casplo1/,,,,,,,,,,,,TRUE,,,,,,,,,,,,,TRUE
3908,avibase-828D3D5A,Charadriiformes,Charadriidae,Plovers and Lapwings,Anarhynchus atrifrons,Tibetan Sand Plover,"Taxon atrifrons (polytypic, including pamirensis and schaeferi) is treated as a species separate from Anarhynchus mongolus based on genomic DNA data, supported by vocalizations (Wei et al. 2022a).",lessap1,avibase-828D3D5A,ebd,FALSE,native,1606,1969-11-06,2026-06-30,LC,https://datazone.birdlife.org/species/factsheet/230026276,https://birdsoftheworld.org/bow/species/lessap1/,,,,,,,,,,,,TRUE,,,,,,,,,,,,,TRUE
3915,avibase-98B9C10B,Charadriiformes,Charadriidae,Plovers and Lapwings,Anarhynchus leschenaultii,Greater Sand Plover,,grsplo,avibase-98B9C10B,ebd,FALSE,native,1554,1969-11-04,2026-06-21,LC,https://datazone.birdlife.org/species/factsheet/22693862,https://birdsoftheworld.org/bow/species/grsplo/,,,,,,,,,,,,TRUE,,,,,,,,,,,,,TRUE
3936,avibase-0F0DCC2F,Charadriiformes,Charadriidae,Plovers and Lapwings,Anarhynchus pecuarius,Kittlitz's Plover,,kitplo1,avibase-0F0DCC2F,ebd,FALSE,native,6768,1969-07-07,2026-06-30,LC,https://datazone.birdlife.org/species/factsheet/22693793,https://birdsoftheworld.org/bow/species/kitplo1/,,TRUE,,,,,,,,,,,,,,,,,,,,,,,TRUE
3942,avibase-61F0E581,Charadriiformes,Charadriidae,Plovers and Lapwings,Anarhynchus pallidus,Chestnut-banded Plover,,chbplo1,avibase-61F0E581,ebd,FALSE,native,509,1961-04-02,2026-06-25,LC,https://datazone.birdlife.org/species/factsheet/22693814,https://birdsoftheworld.org/bow/species/chbplo1/,,,,,,,,,,,,,,,,,,,,,,,,,TRUE
3946,avibase-214B3533,Charadriiformes,Charadriidae,Plovers and Lapwings,Anarhynchus marginatus,White-fronted Plover,,whfplo1,avibase-214B3533,ebd,FALSE,native,954,1969-11-06,2026-06-30,LC,https://datazone.birdlife.org/species/factsheet/22693828,https://birdsoftheworld.org/bow/species/whfplo1/,,,,,,,,,,,,,,,,,,,,,,,,,TRUE
3953,avibase-AA4385A2,Charadriiformes,Charadriidae,Plovers and Lapwings,Anarhynchus alexandrinus,Kentish Plover,"Taxon seebohmi is treated as a subspecies of Anarhynchus alexandrinus, as the evidentiary basis for a split is weak. Vocal differences between seebohmi and alexandrinus have not been documented; there are only minor morphometric differences between the two (Niroshan et al. 2023), for which clinal variation has not been ruled out; mitochondrial DNA divergence is negligible, and there is no support for seebohmi as the earliest-diverged lineage in this complex (Niroshan et al. 2023).",kenplo1,avibase-AA4385A2,ebd,FALSE,native,8,1984-02-10,2022-02-21,LC,https://datazone.birdlife.org/species/factsheet/22727487,https://birdsoftheworld.org/bow/species/kenplo1/,,,,,,,,,,,,TRUE,,,,,,,,,,,,,TRUE
3979,avibase-7516E687,Charadriiformes,Rostratulidae,Painted-Snipes,Rostratula benghalensis,Greater Painted-snipe,,grpsni1,avibase-7516E687,ebd,FALSE,native,1251,1973-04-09,2026-06-30,LC,https://datazone.birdlife.org/species/factsheet/22735810,https://birdsoftheworld.org/bow/species/grpsni1/,,,,,,,,,,,,,,,,,,,,,,,,,TRUE
3994,avibase-29B03FAE,Charadriiformes,Jacanidae,Jacanas,Microparra capensis,Lesser Jacana,,lesjac1,avibase-29B03FAE,ebd,FALSE,native,403,1983-09-01,2026-06-18,LC,https://datazone.birdlife.org/species/factsheet/22693536,https://birdsoftheworld.org/bow/species/lesjac1/,,,,,,,,,,,,,,,,,,,,,,,,,TRUE
4000,avibase-D16D486D,Charadriiformes,Jacanidae,Jacanas,Actophilornis africanus,African Jacana,,afrjac1,avibase-D16D486D,ebd,FALSE,native,14357,1962-07-18,2026-06-30,LC,https://datazone.birdlife.org/species/factsheet/22693528,https://birdsoftheworld.org/bow/species/afrjac1/,,,,,,,,,,,,,,,,,,,,,,,,,TRUE
4012,avibase-082F3A63,Charadriiformes,Scolopacidae,Sandpipers and Allies,Numenius phaeopus,Eurasian Whimbrel,"Taxon hudsonicus (polytypic, including rufiventris) is treated as a species separate from Numenius phaeopus based on morphology and deep genomic DNA divergence (McLaughlin et al. 2020; Tan et al. 2023). However, vocalizations seem similar, and a formal bioacoustic analysis is lacking.",whimbr5,avibase-082F3A63;avibase-76E322E3,ebd,FALSE,native,2428,1966-04-03,2026-06-23,NE,,https://birdsoftheworld.org/bow/species/whimbr5/,,,,,,,,,,,,TRUE,,,,,,,,,,,,,TRUE
4021,avibase-3BB5CBA6,Charadriiformes,Scolopacidae,Sandpipers and Allies,Numenius arquata,Eurasian Curlew,,eurcur,avibase-3BB5CBA6,ebd,FALSE,native,1088,1969-11-04,2026-06-30,NT,https://datazone.birdlife.org/species/factsheet/22693190,https://birdsoftheworld.org/bow/species/eurcur/,,,,,,,,,,,,TRUE,,,,,,,,,,,,,TRUE
4026,avibase-9A684C99,Charadriiformes,Scolopacidae,Sandpipers and Allies,Limosa lapponica,Bar-tailed Godwit,,batgod,avibase-9A684C99;avibase-E0093565,ebd,FALSE,native,436,1969-11-04,2026-06-16,NT,https://datazone.birdlife.org/species/factsheet/22693158,https://birdsoftheworld.org/bow/species/batgod/,,,,,,,,,,,,TRUE,,,,,,,,,,,,,TRUE
4032,avibase-454B5CD5,Charadriiformes,Scolopacidae,Sandpipers and Allies,Limosa limosa,Black-tailed Godwit,,bktgod,avibase-454B5CD5;avibase-840E4B9F,ebd,FALSE,native,1135,1973-02-20,2026-05-09,NT,https://datazone.birdlife.org/species/factsheet/22693150,https://birdsoftheworld.org/bow/species/bktgod/,,,,,,,,,,,,TRUE,,,,,,,,,,,,,TRUE
4049,avibase-1A15F0C6,Charadriiformes,Scolopacidae,Sandpipers and Allies,Lymnocryptes minimus,Jack Snipe,,jacsni,avibase-1A15F0C6,ebd,FALSE,native,5,1984-01-15,2020-01-22,LC,https://datazone.birdlife.org/species/factsheet/22693133,https://birdsoftheworld.org/bow/species/jacsni/,,,,,,,,,,TRUE,,TRUE,,,,,,,,,,,,,TRUE
4081,avibase-BCCD5840,Charadriiformes,Scolopacidae,Sandpipers and Allies,Gallinago media,Great Snipe,,gresni1,avibase-BCCD5840,ebd,FALSE,native,23,1980-09-23,2021-09-25,NT,https://datazone.birdlife.org/species/factsheet/22693093,https://birdsoftheworld.org/bow/species/gresni1/,,,,,,,,,,,,TRUE,,,,,,,,,,,,,TRUE
4083,avibase-EE61E2CA,Charadriiformes,Scolopacidae,Sandpipers and Allies,Gallinago stenura,Pin-tailed Snipe,,pitsni,avibase-EE61E2CA,ebd,FALSE,native,2,1969-01-01,1982-01-23,LC,https://datazone.birdlife.org/species/factsheet/22693085,https://birdsoftheworld.org/bow/species/pitsni/,,,,,,,,,,TRUE,,,,TRUE,,,,,,,TRUE,,,,TRUE
4086,avibase-831FC147,Charadriiformes,Scolopacidae,Sandpipers and Allies,Gallinago nigripennis,African Snipe,,afrsni1,avibase-831FC147,ebd,FALSE,native,769,1953-05-17,2026-06-25,LC,https://datazone.birdlife.org/species/factsheet/22693102,https://birdsoftheworld.org/bow/species/afrsni1/,,TRUE,,,,,,,,,,,,,,,,,,,,,,,TRUE
4091,avibase-9151E0BA,Charadriiformes,Scolopacidae,Sandpipers and Allies,Gallinago gallinago,Common Snipe,,comsni,avibase-9151E0BA,ebd,FALSE,native,2254,1965-10-25,2026-05-09,LC,https://datazone.birdlife.org/species/factsheet/22693097,https://birdsoftheworld.org/bow/species/comsni/,,,,,,,,,,,,TRUE,,,,,,,,,,,,,TRUE
4101,avibase-6D5992EE,Charadriiformes,Scolopacidae,Sandpipers and Allies,Xenus cinereus,Terek Sandpiper,,tersan,avibase-6D5992EE,ebd,FALSE,native,1490,1969-11-04,2026-06-16,LC,https://datazone.birdlife.org/species/factsheet/22693251,https://birdsoftheworld.org/bow/species/tersan/,,,,,,,,,,,,TRUE,,,,,,,,,,,,,TRUE
4103,avibase-8548B07E,Charadriiformes,Scolopacidae,Sandpipers and Allies,Actitis hypoleucos,Common Sandpiper,,comsan,avibase-8548B07E,ebd,FALSE,native,17829,1965-10-25,2026-06-12,LC,https://datazone.birdlife.org/species/factsheet/22693264,https://birdsoftheworld.org/bow/species/comsan/,,,,,,,,,,,,TRUE,,,,,,,,,,,,,TRUE
4104,avibase-0D88C072,Charadriiformes,Scolopacidae,Sandpipers and Allies,Actitis macularius,Spotted Sandpiper,,sposan,avibase-0D88C072,ebd,FALSE,native,1,1999-09-05,1999-09-05,LC,https://datazone.birdlife.org/species/factsheet/22693277,https://birdsoftheworld.org/bow/species/sposan/,,,,,,,,,,TRUE,,,,TRUE,,,,,TRUE,,,,,,TRUE
4107,avibase-18A19380,Charadriiformes,Scolopacidae,Sandpipers and Allies,Phalaropus fulicarius,Red Phalarope,,redpha1,avibase-18A19380,ebd,FALSE,native,1,1979-09-01,1979-09-01,LC,https://datazone.birdlife.org/species/factsheet/22693494,https://birdsoftheworld.org/bow/species/redpha1/,,,,,,,,,,TRUE,,,,TRUE,,,,,,,TRUE,,,,TRUE
4108,avibase-E6F3BA54,Charadriiformes,Scolopacidae,Sandpipers and Allies,Phalaropus lobatus,Red-necked Phalarope,,renpha,avibase-E6F3BA54,ebd,FALSE,native,70,1981-12-05,2025-12-26,LC,https://datazone.birdlife.org/species/factsheet/22693490,https://birdsoftheworld.org/bow/species/renpha/,,,,,,,,,,,,TRUE,,,,,,,,,,,,,TRUE
4110,avibase-A7B17EFC,Charadriiformes,Scolopacidae,Sandpipers and Allies,Tringa ochropus,Green Sandpiper,,grnsan,avibase-A7B17EFC,ebd,FALSE,native,6344,1971-03-28,2026-05-16,LC,https://datazone.birdlife.org/species/factsheet/22693243,https://birdsoftheworld.org/bow/species/grnsan/,,,,,,,,,,,,TRUE,,,,,,,,,,,,,TRUE
4116,avibase-15CF9352,Charadriiformes,Scolopacidae,Sandpipers and Allies,Tringa stagnatilis,Marsh Sandpiper,,marsan,avibase-15CF9352,ebd,FALSE,native,5502,1965-10-25,2026-06-26,LC,https://datazone.birdlife.org/species/factsheet/22693216,https://birdsoftheworld.org/bow/species/marsan/,,,,,,,,,,,,TRUE,,,,,,,,,,,,,TRUE
4117,avibase-8E67DC5F,Charadriiformes,Scolopacidae,Sandpipers and Allies,Tringa glareola,Wood Sandpiper,,woosan,avibase-8E67DC5F,ebd,FALSE,native,12771,1965-10-25,2026-05-30,LC,https://datazone.birdlife.org/species/factsheet/22693247,https://birdsoftheworld.org/bow/species/woosan/,,,,,,,,,,,,TRUE,,,,,,,,,,,,,TRUE
4118,avibase-D6BFC73A,Charadriiformes,Scolopacidae,Sandpipers and Allies,Tringa totanus,Common Redshank,,comred1,avibase-D6BFC73A,ebd,FALSE,native,212,1969-11-04,2026-03-07,LC,https://datazone.birdlife.org/species/factsheet/22693211,https://birdsoftheworld.org/bow/species/comred1/,,,,,,,,,,,,TRUE,,,,,,,,,,,,,TRUE
4130,avibase-0895DD84,Charadriiformes,Scolopacidae,Sandpipers and Allies,Tringa erythropus,Spotted Redshank,,spored,avibase-0895DD84,ebd,FALSE,native,360,1973-09-02,2026-05-10,LC,https://datazone.birdlife.org/species/factsheet/22693207,https://birdsoftheworld.org/bow/species/spored/,,,,,,,,,,,,TRUE,,,,,,,,,,,,,TRUE
4131,avibase-18B415D2,Charadriiformes,Scolopacidae,Sandpipers and Allies,Tringa nebularia,Common Greenshank,,comgre,avibase-18B415D2,ebd,FALSE,native,9200,1961-04-02,2026-06-30,LC,https://datazone.birdlife.org/species/factsheet/22693220,https://birdsoftheworld.org/bow/species/comgre/,,,,,,,,,,,,TRUE,,,,,,,,,,,,,TRUE
4140,avibase-DC3050A9,Charadriiformes,Scolopacidae,Sandpipers and Allies,Arenaria interpres,Ruddy Turnstone,,rudtur,avibase-DC3050A9,ebd,FALSE,native,846,1966-04-03,2026-06-29,NT,https://datazone.birdlife.org/species/factsheet/22693336,https://birdsoftheworld.org/bow/species/rudtur/,,,,,,,,,,,,TRUE,,,,,,,,,,,,,TRUE
4144,avibase-B5CE8FAD,Charadriiformes,Scolopacidae,Sandpipers and Allies,Calidris canutus,Red Knot,,redkno,avibase-B5CE8FAD,ebd,FALSE,native,3,1961-09-16,1977-09-21,NT,https://datazone.birdlife.org/species/factsheet/22693363,https://birdsoftheworld.org/bow/species/redkno/,,,,,,,,,,,,,,TRUE,,,,,,,TRUE,,,,TRUE
4153,avibase-2DABF98F,Charadriiformes,Scolopacidae,Sandpipers and Allies,Calidris pugnax,Ruff,,ruff,avibase-2DABF98F,ebd,FALSE,native,6270,1961-04-02,2026-06-14,LC,https://datazone.birdlife.org/species/factsheet/22693468,https://birdsoftheworld.org/bow/species/ruff/,,,,,,,,,,,,TRUE,,,,,,,,,,,,,TRUE
4155,avibase-0A14882F,Charadriiformes,Scolopacidae,Sandpipers and Allies,Calidris falcinellus,Broad-billed Sandpiper,,brbsan,avibase-0A14882F,ebd,FALSE,native,96,1975-08-08,2025-02-07,VU,https://datazone.birdlife.org/species/factsheet/22693464,https://birdsoftheworld.org/bow/species/brbsan/,,,,,,,,,,,,TRUE,,,,,,,,,,,,,TRUE
4158,avibase-143A681C,Charadriiformes,Scolopacidae,Sandpipers and Allies,Calidris ferruginea,Curlew Sandpiper,,cursan,avibase-143A681C,ebd,FALSE,native,3249,1961-04-02,2026-06-15,VU,https://datazone.birdlife.org/species/factsheet/22693431,https://birdsoftheworld.org/bow/species/cursan/,,,,,,,,,,,,TRUE,,,,,,,,,,,,,TRUE
4161,avibase-BBDF2F1B,Charadriiformes,Scolopacidae,Sandpipers and Allies,Calidris ruficollis,Red-necked Stint,,rensti,avibase-BBDF2F1B,ebd,FALSE,native,3,1984-08-14,1993-08-20,NT,https://datazone.birdlife.org/species/factsheet/22693383,https://birdsoftheworld.org/bow/species/rensti/,,,,,,,,,,TRUE,,,,TRUE,,,,,,,TRUE,,,,TRUE
4162,avibase-5ACF7FB3,Charadriiformes,Scolopacidae,Sandpipers and Allies,Calidris temminckii,Temminck's Stint,,temsti,avibase-5ACF7FB3,ebd,FALSE,native,493,1974-01-21,2026-04-26,LC,https://datazone.birdlife.org/species/factsheet/22693388,https://birdsoftheworld.org/bow/species/temsti/,,,,,,,,,,,,TRUE,,,,,,,,,,,,,TRUE
4163,avibase-7D629288,Charadriiformes,Scolopacidae,Sandpipers and Allies,Calidris subminuta,Long-toed Stint,,lotsti,avibase-7D629288,ebd,FALSE,native,2,1984-11-21,1987-02-17,LC,https://datazone.birdlife.org/species/factsheet/22693392,https://birdsoftheworld.org/bow/species/lotsti/,,,,,,,,,,TRUE,,,,,,,,,,,TRUE,,,,TRUE
4164,avibase-3A3C62BC,Charadriiformes,Scolopacidae,Sandpipers and Allies,Calidris subruficollis,Buff-breasted Sandpiper,,bubsan,avibase-3A3C62BC,ebd,FALSE,native,1,1973-12-08,1973-12-08,VU,https://datazone.birdlife.org/species/factsheet/22693447,https://birdsoftheworld.org/bow/species/bubsan/,,,,,,,,,,TRUE,,,,TRUE,,,,,TRUE,,,,,,TRUE
4165,avibase-06B9BD24,Charadriiformes,Scolopacidae,Sandpipers and Allies,Calidris alba,Sanderling,,sander,avibase-06B9BD24,ebd,FALSE,native,1318,1966-04-03,2026-05-11,LC,https://datazone.birdlife.org/species/factsheet/22693369,https://birdsoftheworld.org/bow/species/sander/,,,,,,,,,,,,TRUE,,,,,,,,,,,,,TRUE
4168,avibase-15369E8E,Charadriiformes,Scolopacidae,Sandpipers and Allies,Calidris alpina,Dunlin,,dunlin,avibase-15369E8E,ebd,FALSE,native,5,1983-10-27,2010-09-17,NT,https://datazone.birdlife.org/species/factsheet/22693427,https://birdsoftheworld.org/bow/species/dunlin/,,,,,,,,,,,,TRUE,,,,,,,,,,,,,TRUE
4186,avibase-ACC99F35,Charadriiformes,Scolopacidae,Sandpipers and Allies,Calidris melanotos,Pectoral Sandpiper,,pecsan,avibase-ACC99F35,ebd,FALSE,native,6,2002-04-07,2022-01-11,LC,https://datazone.birdlife.org/species/factsheet/22693408,https://birdsoftheworld.org/bow/species/pecsan/,,,,,,,,,,,,,,TRUE,,,,,TRUE,,TRUE,,,,TRUE
4189,avibase-9936FF4A,Charadriiformes,Scolopacidae,Sandpipers and Allies,Calidris minuta,Little Stint,,litsti,avibase-9936FF4A,ebd,FALSE,native,7791,1961-04-02,2026-05-25,LC,https://datazone.birdlife.org/species/factsheet/22693379,https://birdsoftheworld.org/bow/species/litsti/,,,,,,,,,,,,TRUE,,,,,,,,,,,,,TRUE
4194,avibase-B605A049,Charadriiformes,Turnicidae,Buttonquail,Ortyxelos meiffrenii,Quail-plover,,quailp1,avibase-B605A049,ebd,FALSE,native,42,1983-08-28,2026-05-23,LC,https://datazone.birdlife.org/species/factsheet/22680603,https://birdsoftheworld.org/bow/species/quailp1/,,,,,,,,,,,,,,,,,,,,,,,,,FALSE
4234,avibase-0DA8BB90,Charadriiformes,Turnicidae,Buttonquail,Turnix sylvaticus,Common Buttonquail,,smabut2,avibase-0DA8BB90,ebd,FALSE,native,685,1953-02-20,2026-06-22,LC,https://datazone.birdlife.org/species/factsheet/22680500,https://birdsoftheworld.org/bow/species/smabut2/,,,,,,,,,,,,,,,,,,,,,,,,,FALSE
4248,avibase-0874B4D5,Charadriiformes,Turnicidae,Buttonquail,Turnix nanus,Black-rumped Buttonquail,,hotbut3,avibase-0874B4D5,ebd,FALSE,native,9,1988-08-25,2025-03-01,LC,https://datazone.birdlife.org/species/factsheet/22725531,https://birdsoftheworld.org/bow/species/hotbut3/,,,,,TRUE,,,,,,,,,,,,,,,,,,,,FALSE
4260,avibase-C3E33FEB,Charadriiformes,Dromadidae,Crab-Plover,Dromas ardeola,Crab-plover,,craplo1,avibase-C3E33FEB,ebd,FALSE,native,1479,1966-04-03,2026-06-30,LC,https://datazone.birdlife.org/species/factsheet/22694081,https://birdsoftheworld.org/bow/species/craplo1/,TRUE,,,,,,,,,,,,,,,,,,,,,,,,TRUE
4263,avibase-C130193B,Charadriiformes,Glareolidae,Coursers and Pratincoles,Smutsornis africanus,Double-banded Courser,"Taxon africanus is placed in the monotypic genus Smutsornis based on multilocus DNA data (Černý & Natale 2022), supported by differences in behavior, downy chick patterning, and syringeal structure (Brown & Ward 1990).",dobcou2,avibase-C130193B,ebd,FALSE,native,2282,1969-07-12,2026-06-30,LC,https://datazone.birdlife.org/species/factsheet/22694091,https://birdsoftheworld.org/bow/species/dobcou2/,,,,,,,,,,,,,,,,,,,,,,,,,TRUE
4273,avibase-F5145338,Charadriiformes,Glareolidae,Coursers and Pratincoles,Rhinoptilus chalcopterus,Bronze-winged Courser,,brwcou1,avibase-F5145338,ebd,FALSE,native,50,1980-06-08,2026-06-19,LC,https://datazone.birdlife.org/species/factsheet/22694095,https://birdsoftheworld.org/bow/species/brwcou1/,TRUE,,,,,,,,,,,,,,,,,,,,,,,,TRUE
4275,avibase-29D50ED5,Charadriiformes,Glareolidae,Coursers and Pratincoles,Rhinoptilus cinctus,Three-banded Courser,,thbcou1,avibase-29D50ED5,ebd,FALSE,native,1959,1969-07-21,2026-06-28,LC,https://datazone.birdlife.org/species/factsheet/22694099,https://birdsoftheworld.org/bow/species/thbcou1/,,,,,,,,,,,,,,,,,,,,,,,,,TRUE
4282,avibase-7A841F83,Charadriiformes,Glareolidae,Coursers and Pratincoles,Cursorius temminckii,Temminck's Courser,,temcou1,avibase-7A841F83,ebd,FALSE,native,3116,1962-07-18,2026-06-30,LC,https://datazone.birdlife.org/species/factsheet/22694120,https://birdsoftheworld.org/bow/species/temcou1/,,,,,,,,,,,,,,,,,,,,,,,,,TRUE
4287,avibase-DE0A72A7,Charadriiformes,Glareolidae,Coursers and Pratincoles,Cursorius cursor,Cream-colored Courser,,crccou1,avibase-DE0A72A7,ebd,FALSE,native,2,1987-01-23,1987-02-18,LC,https://datazone.birdlife.org/species/factsheet/22735845,https://birdsoftheworld.org/bow/species/crccou1/,,,,,,,,,,TRUE,,,,TRUE,,,,,,,TRUE,,,,TRUE
4291,avibase-6091E70B,Charadriiformes,Glareolidae,Coursers and Pratincoles,Cursorius somalensis,Somali Courser,,somcou1,avibase-6091E70B,ebd,FALSE,native,1450,1973-08-26,2026-06-28,LC,https://datazone.birdlife.org/species/factsheet/22732297,https://birdsoftheworld.org/bow/species/somcou1/,,,,,,,,,,,,,,,,,,,,,,,,,TRUE
4296,avibase-AC0F25BB,Charadriiformes,Glareolidae,Coursers and Pratincoles,Glareola ocularis,Madagascar Pratincole,,madpra1,avibase-AC0F25BB,ebd,FALSE,native,194,1975-07-11,2026-06-06,NT,https://datazone.birdlife.org/species/factsheet/22694140,https://birdsoftheworld.org/bow/species/madpra1/,,,,,,,TRUE,,,,,,,,,,,,,,,,,,TRUE
4297,avibase-95820ED1,Charadriiformes,Glareolidae,Coursers and Pratincoles,Glareola nuchalis,Rock Pratincole,,rocpra1,avibase-95820ED1;avibase-DFFFA2AF,ebd,FALSE,native,133,1980-01-26,2026-05-09,LC,https://datazone.birdlife.org/species/factsheet/22694144,https://birdsoftheworld.org/bow/species/rocpra1/,,,,,,,,,,,,,,,,,,,,,,,,,TRUE
4304,avibase-E1F6A875,Charadriiformes,Glareolidae,Coursers and Pratincoles,Glareola nordmanni,Black-winged Pratincole,,blwpra1,avibase-E1F6A875,ebd,FALSE,native,36,1969-10-12,2024-11-09,NT,https://datazone.birdlife.org/species/factsheet/22694136,https://birdsoftheworld.org/bow/species/blwpra1/,,,,,,,,,,,,TRUE,,,,,,,,,,,,,TRUE
4305,avibase-D56ABB4E,Charadriiformes,Glareolidae,Coursers and Pratincoles,Glareola pratincola,Collared Pratincole,,colpra,avibase-D56ABB4E,ebd,FALSE,native,2456,1966-03-31,2026-06-30,LC,https://datazone.birdlife.org/species/factsheet/22694127,https://birdsoftheworld.org/bow/species/colpra/,,TRUE,,,,,,,,,,,,,,,,,,,,,,,TRUE
4310,avibase-39086887,Charadriiformes,Stercorariidae,Jaegers and Skuas,Stercorarius parasiticus,Parasitic Jaeger,,parjae,avibase-39086887,ebd,FALSE,native,8,1966-04-09,2025-07-12,LC,https://datazone.birdlife.org/species/factsheet/22694245,https://birdsoftheworld.org/bow/species/parjae/,,,,,,,,,,,,,,,,,,,,,TRUE,,,,FALSE
4311,avibase-1D446440,Charadriiformes,Stercorariidae,Jaegers and Skuas,Stercorarius longicaudus,Long-tailed Jaeger,,lotjae,avibase-1D446440,ebd,FALSE,native,2,2020-05-19,2025-03-01,LC,https://datazone.birdlife.org/species/factsheet/22694251,https://birdsoftheworld.org/bow/species/lotjae/,,,,,TRUE,,,,,,,,,TRUE,,,,,,,TRUE,,,,FALSE
4314,avibase-7CB8F5B7,Charadriiformes,Stercorariidae,Jaegers and Skuas,Stercorarius pomarinus,Pomarine Jaeger,,pomjae,avibase-7CB8F5B7,ebd,FALSE,native,5,1977-12-30,2021-05-20,LC,https://datazone.birdlife.org/species/factsheet/22694240,https://birdsoftheworld.org/bow/species/pomjae/,,,,,,,,,,TRUE,,,,,,,,,,,TRUE,,,,FALSE
4318,avibase-4D5D2BC3,Charadriiformes,Stercorariidae,Jaegers and Skuas,Stercorarius antarcticus,Brown Skua,,brnsku3,avibase-8FC49046,ebd,FALSE,native,1,1961-08-06,1961-08-06,LC,https://datazone.birdlife.org/species/factsheet/62289571,https://birdsoftheworld.org/bow/species/brnsku3/,,,,,,,,,,,,,,,,,,,,,,,,,FALSE
4388,avibase-907B1140,Charadriiformes,Laridae,"Skimmers, Noddies, Terns, and Gulls",Rynchops flavirostris,African Skimmer,,afrski1,avibase-907B1140,ebd,FALSE,native,611,1973-08-21,2026-05-30,LC,https://datazone.birdlife.org/species/factsheet/22694262,https://birdsoftheworld.org/bow/species/afrski1/,,,,,,,,,,,,,,,,,,,,,,,,,TRUE
4401,avibase-A070171E,Charadriiformes,Laridae,"Skimmers, Noddies, Terns, and Gulls",Anous stolidus,Brown Noddy,,brnnod,avibase-A070171E,ebd,FALSE,native,132,1969-06-15,2026-06-28,LC,https://datazone.birdlife.org/species/factsheet/22694794,https://birdsoftheworld.org/bow/species/brnnod/,,,,,,,,,,,,,,,,,,,,,,,,,TRUE
4406,avibase-03F9EB15,Charadriiformes,Laridae,"Skimmers, Noddies, Terns, and Gulls",Anous tenuirostris,Lesser Noddy,,lesnod1,avibase-03F9EB15,ebd,FALSE,native,75,2008-01-21,2025-10-16,LC,https://datazone.birdlife.org/species/factsheet/22694805,https://birdsoftheworld.org/bow/species/lesnod1/,,,,,,TRUE,,,,,,,,,,,,,,,,,,,TRUE
4429,avibase-3E7F825D,Charadriiformes,Laridae,"Skimmers, Noddies, Terns, and Gulls",Onychoprion fuscatus,Sooty Tern,,sooter1,avibase-3E7F825D,ebd,FALSE,native,129,1969-11-06,2026-06-21,LC,https://datazone.birdlife.org/species/factsheet/22694740,https://birdsoftheworld.org/bow/species/sooter1/,,,,,,,,,,,,,,,,,,,,,,,,,TRUE
4437,avibase-E6518B9D,Charadriiformes,Laridae,"Skimmers, Noddies, Terns, and Gulls",Onychoprion anaethetus,Bridled Tern,,briter1,avibase-E6518B9D,ebd,FALSE,native,62,1982-10-02,2025-12-22,LC,https://datazone.birdlife.org/species/factsheet/22694730,https://birdsoftheworld.org/bow/species/briter1/,,,,,,,,,,,,,,,,,,,,,,,,,TRUE
4448,avibase-17310BF0,Charadriiformes,Laridae,"Skimmers, Noddies, Terns, and Gulls",Sternula albifrons,Little Tern,,litter1,avibase-17310BF0,ebd,FALSE,native,359,1980-11-09,2026-06-04,LC,https://datazone.birdlife.org/species/factsheet/22694656,https://birdsoftheworld.org/bow/species/litter1/,,,,,,,,,,,,TRUE,,,TRUE,,,,,,,,,,TRUE
4463,avibase-BC06BC0D,Charadriiformes,Laridae,"Skimmers, Noddies, Terns, and Gulls",Hydroprogne caspia,Caspian Tern,,caster1,avibase-BC06BC0D,ebd,FALSE,native,807,1966-04-03,2026-06-29,LC,https://datazone.birdlife.org/species/factsheet/22694524,https://birdsoftheworld.org/bow/species/caster1/,,,,,,,,,,,,TRUE,,,,,,,,,,,,,TRUE
4466,avibase-87168739,Charadriiformes,Laridae,"Skimmers, Noddies, Terns, and Gulls",Gelochelidon nilotica,Gull-billed Tern,"Taxon macrotarsa is treated as a monotypic species separate from Gelochelidon nilotica based mostly on differences in plumage, morphometrics, and ecology, supported by limited mitochondrial DNA data (Tavares & Baker 2008); further research would be informative.",gubter2,avibase-87168739,ebd,FALSE,native,6768,1961-04-02,2026-06-30,LC,https://datazone.birdlife.org/species/factsheet/62026481,https://birdsoftheworld.org/bow/species/gubter2/,,,,,,,,,,,,TRUE,,,,,,,,,,,,,TRUE
4475,avibase-7AB4E42B,Charadriiformes,Laridae,"Skimmers, Noddies, Terns, and Gulls",Chlidonias hybrida,Whiskered Tern,,whiter2,avibase-7AB4E42B,ebd,FALSE,native,4760,1971-08-02,2026-06-28,LC,https://datazone.birdlife.org/species/factsheet/22694764,https://birdsoftheworld.org/bow/species/whiter2/,,,,,,,,,,,,,TRUE,,,,,,,,,,,,TRUE
4480,avibase-43CAAEE3,Charadriiformes,Laridae,"Skimmers, Noddies, Terns, and Gulls",Chlidonias leucopterus,White-winged Tern,,whwter,avibase-43CAAEE3,ebd,FALSE,native,4724,1965-10-25,2026-06-28,LC,https://datazone.birdlife.org/species/factsheet/22694782,https://birdsoftheworld.org/bow/species/whwter/,,,,,,,,,,,,TRUE,,,,,,,,,,,,,TRUE
4481,avibase-115AF02D,Charadriiformes,Laridae,"Skimmers, Noddies, Terns, and Gulls",Chlidonias niger,Black Tern,,blkter,avibase-115AF02D,ebd,FALSE,native,3,1989-04-02,2001-11-29,LC,https://datazone.birdlife.org/species/factsheet/22694787,https://birdsoftheworld.org/bow/species/blkter/,,,,,,,,,,,,,,TRUE,,,,,,,TRUE,,,,TRUE
4485,avibase-F7504353,Charadriiformes,Laridae,"Skimmers, Noddies, Terns, and Gulls",Thalasseus sandvicensis,Sandwich Tern,"Taxon acuflavidus (polytypic, including eurygnathus) is treated as conspecific with Thalasseus sandvicensis based on available evidence. The apparent lack of vocal differences and complex patterns of phenotypic variation require further evaluation. Mitochondrial DNA data (Efe et al. 2009; Collinson et al. 2017) indicate paraphyly within T. sandvicensis but this might result from mtDNA capture as supporting genomic data are lacking. A comprehensive review of phenotypic and genetic variation in this complex is needed.",santer1,avibase-04B49AE7;avibase-F7504353,ebd,FALSE,native,19,1992-12-12,2025-12-22,LC,https://datazone.birdlife.org/species/factsheet/22694591,https://birdsoftheworld.org/bow/species/santer1/,,,,,,,,,,,,TRUE,,,,,,,,,,,,,TRUE
4491,avibase-526978C4,Charadriiformes,Laridae,"Skimmers, Noddies, Terns, and Gulls",Thalasseus bergii,Greater Crested Tern,,grcter1,avibase-526978C4,ebd,FALSE,native,752,1969-06-15,2026-06-30,LC,https://datazone.birdlife.org/species/factsheet/22694571,https://birdsoftheworld.org/bow/species/grcter1/,,TRUE,,,,,,,,,,,,,,,,,,,,,,,TRUE
4498,avibase-D01CDECD,Charadriiformes,Laridae,"Skimmers, Noddies, Terns, and Gulls",Thalasseus bengalensis,Lesser Crested Tern,,lecter2,avibase-D01CDECD,ebd,FALSE,native,1641,1969-11-04,2026-06-30,LC,https://datazone.birdlife.org/species/factsheet/22694561,https://birdsoftheworld.org/bow/species/lecter2/,TRUE,,,,,,,,,,,,,,,,,,,,,,,,TRUE
4506,avibase-BDC5CF80,Charadriiformes,Laridae,"Skimmers, Noddies, Terns, and Gulls",Sterna paradisaea,Arctic Tern,,arcter,avibase-BDC5CF80,ebd,FALSE,native,1,2002-07-06,2002-07-06,LC,https://datazone.birdlife.org/species/factsheet/22694629,https://birdsoftheworld.org/bow/species/arcter/,,,,,,,,,,,,,,,,,,,,,TRUE,,,,TRUE
4518,avibase-4D2FF6F1,Charadriiformes,Laridae,"Skimmers, Noddies, Terns, and Gulls",Sterna hirundo,Common Tern,,comter,avibase-4D2FF6F1;avibase-F0DF132B,ebd,FALSE,native,788,1966-04-03,2026-06-27,LC,https://datazone.birdlife.org/species/factsheet/22694623,https://birdsoftheworld.org/bow/species/comter/,,,,,,,,,,,,TRUE,,,,,,,,,,,,,TRUE
4523,avibase-CF5C013D,Charadriiformes,Laridae,"Skimmers, Noddies, Terns, and Gulls",Sterna repressa,White-cheeked Tern,,whcter1,avibase-CF5C013D,ebd,FALSE,native,152,1973-08-17,2026-06-06,LC,https://datazone.birdlife.org/species/factsheet/22694705,https://birdsoftheworld.org/bow/species/whcter1/,,,,,,,,,,,,,,,,,,,,,,,,,TRUE
4527,avibase-74236837,Charadriiformes,Laridae,"Skimmers, Noddies, Terns, and Gulls",Sterna dougallii,Roseate Tern,,roster,avibase-74236837,ebd,FALSE,native,305,1972-04-08,2026-06-28,LC,https://datazone.birdlife.org/species/factsheet/22694601,https://birdsoftheworld.org/bow/species/roster/,,,,,,,,,,,,,,,,,,,,,,,,,TRUE
4538,avibase-F89FD6E3,Charadriiformes,Laridae,"Skimmers, Noddies, Terns, and Gulls",Hydrocoloeus minutus,Little Gull,,litgul,avibase-F89FD6E3,ebd,FALSE,native,1,1994-01-23,1994-01-23,LC,https://datazone.birdlife.org/species/factsheet/22694469,https://birdsoftheworld.org/bow/species/litgul/,,,,,,,,,,,,,,,,,,,,,,,,,TRUE
4547,avibase-86182656,Charadriiformes,Laridae,"Skimmers, Noddies, Terns, and Gulls",Xema sabini,Sabine's Gull,,sabgul,avibase-86182656,ebd,FALSE,native,2,2024-01-08,2024-01-08,LC,https://datazone.birdlife.org/species/factsheet/22694479,https://birdsoftheworld.org/bow/species/sabgul/,,,,,,,,,,,,,,,,,,,,,,,,,TRUE
4553,avibase-27CE7132,Charadriiformes,Laridae,"Skimmers, Noddies, Terns, and Gulls",Chroicocephalus genei,Slender-billed Gull,,slbgul1,avibase-27CE7132,ebd,FALSE,native,98,1984-01-14,2026-04-30,LC,https://datazone.birdlife.org/species/factsheet/22694428,https://birdsoftheworld.org/bow/species/slbgul1/,,,,,,,,,,,,TRUE,,,,,,,,,,,,,TRUE
4555,avibase-FB02DD96,Charadriiformes,Laridae,"Skimmers, Noddies, Terns, and Gulls",Chroicocephalus ridibundus,Black-headed Gull,,bkhgul,avibase-FB02DD96,ebd,FALSE,native,882,1973-04-23,2026-05-09,LC,https://datazone.birdlife.org/species/factsheet/22694420,https://birdsoftheworld.org/bow/species/bkhgul/,,,,,,,,,,,,TRUE,,,,,,,,,,,,,TRUE
4558,avibase-6EB497FA,Charadriiformes,Laridae,"Skimmers, Noddies, Terns, and Gulls",Chroicocephalus cirrocephalus,Grey-headed Gull,,grhgul,avibase-6EB497FA,ebd,FALSE,native,5648,1961-04-30,2026-06-30,LC,https://datazone.birdlife.org/species/factsheet/22694387,https://birdsoftheworld.org/bow/species/grhgul/,,,,,,,,,,,,,,,,,,,,,,,,,TRUE
4577,avibase-EF930CDC,Charadriiformes,Laridae,"Skimmers, Noddies, Terns, and Gulls",Ichthyaetus ichthyaetus,Pallas's Gull,,gbhgul2,avibase-EF930CDC,ebd,FALSE,native,9,1976-12-26,2024-03-26,LC,https://datazone.birdlife.org/species/factsheet/22694379,https://birdsoftheworld.org/bow/species/gbhgul2/,,,,,,,,,,TRUE,,TRUE,,,,,,,,,,,,,TRUE
4581,avibase-A7F240E3,Charadriiformes,Laridae,"Skimmers, Noddies, Terns, and Gulls",Ichthyaetus leucophthalmus,White-eyed Gull,,whegul2,avibase-A7F240E3,ebd,FALSE,native,2,1983-12-18,1985-02-23,LC,https://datazone.birdlife.org/species/factsheet/22694299,https://birdsoftheworld.org/bow/species/whegul2/,,,,,,,,,,TRUE,,,,TRUE,,,,,,,,,,,TRUE
4582,avibase-67D43542,Charadriiformes,Laridae,"Skimmers, Noddies, Terns, and Gulls",Ichthyaetus hemprichii,Sooty Gull,,soogul2,avibase-67D43542,ebd,FALSE,native,1882,1966-04-03,2026-06-30,LC,https://datazone.birdlife.org/species/factsheet/22694303,https://birdsoftheworld.org/bow/species/soogul2/,,TRUE,,,,,,,,,,,,,,,,,,,,,,,TRUE
4601,avibase-93CA037F,Charadriiformes,Laridae,"Skimmers, Noddies, Terns, and Gulls",Larus cachinnans,Caspian Gull,,casgul2,avibase-93CA037F,ebd,FALSE,native,3,1989-12-10,2019-02-15,LC,https://datazone.birdlife.org/species/factsheet/22735929,https://birdsoftheworld.org/bow/species/casgul2/,,,,,,,,,,,,,,,,,,,,,,,,,TRUE
4602,avibase-E6536E4E,Charadriiformes,Laridae,"Skimmers, Noddies, Terns, and Gulls",Larus dominicanus,Kelp Gull,,kelgul,avibase-E6536E4E,ebd,FALSE,native,2,1984-01-02,2019-12-30,LC,https://datazone.birdlife.org/species/factsheet/22694329,https://birdsoftheworld.org/bow/species/kelgul/,,,,,,,,,,TRUE,,,,TRUE,,,,,,,,TRUE,,,TRUE
4624,avibase-2D52E3A5,Charadriiformes,Laridae,"Skimmers, Noddies, Terns, and Gulls",Larus fuscus,Lesser Black-backed Gull,,lbbgul,avibase-2D52E3A5;avibase-42720061;avibase-4592C07E;avibase-AB79F65F,ebd,FALSE,native,1270,1961-04-30,2026-06-04,LC,https://datazone.birdlife.org/species/factsheet/22694373,https://birdsoftheworld.org/bow/species/lbbgul/,,,,,,,,,,,,TRUE,,,,,,,,,,,,,TRUE
4652,avibase-7EE005BD,Phaethontiformes,Phaethontidae,Tropicbirds,Phaethon aethereus,Red-billed Tropicbird,,rebtro,avibase-7EE005BD,ebd,FALSE,native,1,2022-03-24,2022-03-24,LC,https://datazone.birdlife.org/species/factsheet/22696637,https://birdsoftheworld.org/bow/species/rebtro/,,,,,,,,,,,,,,,,,,,,,,,,,FALSE
4656,avibase-C412CD62,Phaethontiformes,Phaethontidae,Tropicbirds,Phaethon rubricauda,Red-tailed Tropicbird,,rettro,avibase-C412CD62,ebd,FALSE,native,2,1982-10-02,1990-09-26,LC,https://datazone.birdlife.org/species/factsheet/22696641,https://birdsoftheworld.org/bow/species/rettro/,,,,,,,,,,,,,,,,,,,,,,,,,FALSE
4661,avibase-1D07B501,Phaethontiformes,Phaethontidae,Tropicbirds,Phaethon lepturus,White-tailed Tropicbird,,whttro,avibase-1D07B501,ebd,FALSE,native,37,1927-02-02,2023-02-14,LC,https://datazone.birdlife.org/species/factsheet/22696645,https://birdsoftheworld.org/bow/species/whttro/,,,,,,TRUE,,,,,,,,,,,,,,,,,,,FALSE
4738,avibase-F9FCB9FF,Procellariiformes,Diomedeidae,Albatrosses,Thalassarche melanophris,Black-browed Albatross,"Taxon impavida is treated as a subspecies of Thalassarche melanophris based on available evidence. Although the taxa can be separated based on mitochondrial DNA (Burg & Croxall 2001; Burg et al. 2017) and iris color, there is little evidence of assortative mating on Campbell Island where a few individuals of melanophris occur in the colony of impavida (Alderman et al. 2005). Further study using genomic techniques may clarify the situation.",bkbalb,avibase-F9FCB9FF,ebd,FALSE,native,2,1955-06-30,1998-10-31,NE,,https://birdsoftheworld.org/bow/species/bkbalb/,,,,,,,,,,,,,,TRUE,,TRUE,,,,,,,,,FALSE
4744,avibase-87797B47,Procellariiformes,Diomedeidae,Albatrosses,Thalassarche cauta,Shy Albatross,"Taxon steadi is treated as a subspecies of Thalassarche cauta based on relatively minor differences in plumage, bill coloration, and size (Double et al. 2003), microsatellite data (Abbott & Double 2003a), and mitochondrial DNA (Abbott & Double 2003b; Chambers et al. 2009).",whcalb1,avibase-87797B47,ebd,FALSE,native,9,1986-10-30,2021-10-01,NE,,https://birdsoftheworld.org/bow/species/whcalb1/,,,,,,,,,,,,,,,,TRUE,,,,,,,,,FALSE
4751,avibase-D295D249,Procellariiformes,Oceanitidae,Southern Storm Petrels,Oceanites oceanicus,Wilson's Storm Petrel,,wispet,avibase-D295D249,ebd,FALSE,native,57,1977-11-15,2023-11-20,LC,https://datazone.birdlife.org/species/factsheet/22698436,https://birdsoftheworld.org/bow/species/wispet/,,,,,,,,,,,,,,,,TRUE,,,,,,,,,FALSE
4779,avibase-ACE8EADE,Procellariiformes,Oceanitidae,Southern Storm Petrels,Fregetta tropica,Black-bellied Storm Petrel,,bbspet1,avibase-ACE8EADE,ebd,FALSE,native,2,1988-06-27,1994-06-05,LC,https://datazone.birdlife.org/species/factsheet/22698459,https://birdsoftheworld.org/bow/species/bbspet1/,,,,,,,,,,TRUE,,,,TRUE,,,,,,,,TRUE,,,FALSE
4807,avibase-C5FB15C6,Procellariiformes,Hydrobatidae,Northern Storm Petrels,Hydrobates leucorhous,Leach's Storm Petrel,,lcspet,avibase-C5FB15C6,ebd,FALSE,native,3,1967-02-08,1981-10-04,VU,https://datazone.birdlife.org/species/factsheet/132438298,https://birdsoftheworld.org/bow/species/lcspet/,,,,,,,,,,TRUE,,,,TRUE,,,,,,,TRUE,,,,FALSE
4818,avibase-AAC2D613,Procellariiformes,Procellariidae,"Petrels, Shearwaters, and Diving Petrels",Daption capense,Pintado Petrel,,cappet,avibase-AAC2D613,ebd,FALSE,native,1,1974-09-26,1974-09-26,LC,https://datazone.birdlife.org/species/factsheet/22697879,https://birdsoftheworld.org/bow/species/cappet/,,,,,,,,,,TRUE,,,,TRUE,,,,,,,,TRUE,,,FALSE
4833,avibase-F501ED18,Procellariiformes,Procellariidae,"Petrels, Shearwaters, and Diving Petrels",Bulweria fallax,Jouanin's Petrel,,joupet,avibase-F501ED18,ebd,FALSE,native,8,1953-12-13,2022-04-02,NT,https://datazone.birdlife.org/species/factsheet/22698136,https://birdsoftheworld.org/bow/species/joupet/,,,,,,,,,,TRUE,,,,,,,TRUE,,,,,,,,FALSE
4844,avibase-35EB45A0,Procellariiformes,Procellariidae,"Petrels, Shearwaters, and Diving Petrels",Procellaria aequinoctialis,White-chinned Petrel,,whcpet1,avibase-35EB45A0,ebd,FALSE,native,2,1990-08-09,1990-09-15,VU,https://datazone.birdlife.org/species/factsheet/22698140,https://birdsoftheworld.org/bow/species/whcpet1/,,,,,,,,,,TRUE,,,,TRUE,,,,,,,,TRUE,,,FALSE
4853,avibase-E94A7272,Procellariiformes,Procellariidae,"Petrels, Shearwaters, and Diving Petrels",Ardenna pacifica,Wedge-tailed Shearwater,,wetshe,avibase-E94A7272,ebd,FALSE,native,17,1978-12-26,2019-09-12,LC,https://datazone.birdlife.org/species/factsheet/22698175,https://birdsoftheworld.org/bow/species/wetshe/,,,,,,TRUE,,,,,,,,,,,,,,,,,,,FALSE
4856,avibase-1725B07D,Procellariiformes,Procellariidae,"Petrels, Shearwaters, and Diving Petrels",Ardenna grisea,Sooty Shearwater,,sooshe,avibase-1725B07D,ebd,FALSE,native,6,2004-05-30,2022-04-16,NT,https://datazone.birdlife.org/species/factsheet/22698209,https://birdsoftheworld.org/bow/species/sooshe/,,,,,,,,,,,,,,TRUE,,,,,,,,TRUE,,,FALSE
4884,avibase-198120BB,Procellariiformes,Procellariidae,"Petrels, Shearwaters, and Diving Petrels",Puffinus persicus,Persian Shearwater,,pershe1,avibase-198120BB,ebd,FALSE,native,17,1972-12-31,2022-03-01,LC,https://datazone.birdlife.org/species/factsheet/22698267,https://birdsoftheworld.org/bow/species/pershe1/,,,,,,,,,,,,,,,,,,,,,,,,,FALSE
4887,avibase-6DA05B66,Procellariiformes,Procellariidae,"Petrels, Shearwaters, and Diving Petrels",Puffinus bailloni,Tropical Shearwater,,troshe5,avibase-6DA05B66,ebd,FALSE,native,1,1963-10-18,1963-10-18,LC,https://datazone.birdlife.org/species/factsheet/22734070,https://birdsoftheworld.org/bow/species/troshe5/,,,,,,TRUE,,,,,,,,,,,,,,,,,,,FALSE
4920,avibase-105C306C,Procellariiformes,Procellariidae,"Petrels, Shearwaters, and Diving Petrels",Pachyptila desolata,Antarctic Prion,,dovpri1,avibase-105C306C,ebd,FALSE,native,2,1988-08-03,1988-08-16,LC,https://datazone.birdlife.org/species/factsheet/22698114,https://birdsoftheworld.org/bow/species/dovpri1/,,,,,,,,,,TRUE,,,,TRUE,,TRUE,,,,,,,,,FALSE
4921,avibase-0D885A80,Procellariiformes,Procellariidae,"Petrels, Shearwaters, and Diving Petrels",Pachyptila belcheri,Slender-billed Prion,,slbpri1,avibase-0D885A80,ebd,FALSE,native,1,1984-08-16,1984-08-16,LC,https://datazone.birdlife.org/species/factsheet/22698119,https://birdsoftheworld.org/bow/species/slbpri1/,,,,,,,,,,TRUE,,,,TRUE,,,,,,,,TRUE,,,FALSE
4974,avibase-0F14ECE4,Ciconiiformes,Ciconiidae,Storks,Anastomus lamelligerus,African Openbill,,afrope1,avibase-0F14ECE4,ebd,FALSE,native,5960,1966-10-01,2026-06-30,LC,https://datazone.birdlife.org/species/factsheet/22697664,https://birdsoftheworld.org/bow/species/afrope1/,,TRUE,,,,,,,,,,,,,,,,,,,,,,,TRUE
4978,avibase-03C0F97C,Ciconiiformes,Ciconiidae,Storks,Leptoptilos crumenifer,Marabou Stork,,marsto1,avibase-03C0F97C,ebd,FALSE,native,25668,1961-06-15,2026-06-30,LC,https://datazone.birdlife.org/species/factsheet/22697716,https://birdsoftheworld.org/bow/species/marsto1/,,,,,,,,,TRUE,,,,,,,,,,,,,,,,TRUE
4984,avibase-4F92C892,Ciconiiformes,Ciconiidae,Storks,Mycteria ibis,Yellow-billed Stork,,yebsto1,avibase-4F92C892,ebd,FALSE,native,20927,1962-07-18,2026-06-30,LC,https://datazone.birdlife.org/species/factsheet/22697654,https://birdsoftheworld.org/bow/species/yebsto1/,,TRUE,,,,,,,,,,,,,,,,,,,,,,,TRUE
4989,avibase-3D155653,Ciconiiformes,Ciconiidae,Storks,Ephippiorhynchus senegalensis,Saddle-billed Stork,,sabsto1,avibase-3D155653,ebd,FALSE,native,4794,1965-10-25,2026-06-30,NT,https://datazone.birdlife.org/species/factsheet/22697706,https://birdsoftheworld.org/bow/species/sabsto1/,,,,,,,,,,,,,,,,,,,,,,,,,TRUE
4994,avibase-E2817DAE,Ciconiiformes,Ciconiidae,Storks,Ciconia nigra,Black Stork,,blasto1,avibase-E2817DAE,ebd,FALSE,native,1589,1972-12-16,2026-04-25,LC,https://datazone.birdlife.org/species/factsheet/22697669,https://birdsoftheworld.org/bow/species/blasto1/,,,,,,,,,,,,TRUE,,,,,,,,,,,,,TRUE
4997,avibase-28825494,Ciconiiformes,Ciconiidae,Storks,Ciconia ciconia,White Stork,,whisto1,avibase-28825494,ebd,FALSE,native,3154,1961-04-06,2026-06-29,LC,https://datazone.birdlife.org/species/factsheet/22697691,https://birdsoftheworld.org/bow/species/whisto1/,,,,,,,,,,,,TRUE,,,,,,,,,,,,,TRUE
5000,avibase-26CD0319,Ciconiiformes,Ciconiidae,Storks,Ciconia abdimii,Abdim's Stork,,abdsto1,avibase-26CD0319,ebd,FALSE,native,1683,1969-08-01,2026-05-23,LC,https://datazone.birdlife.org/species/factsheet/22697673,https://birdsoftheworld.org/bow/species/abdsto1/,TRUE,,,,,,,,,,,,,,,,,,,,,,,,TRUE
5002,avibase-5157C558,Ciconiiformes,Ciconiidae,Storks,Ciconia microscelis,African Woolly-necked Stork,"Taxon microscelis (monotypic) is treated as a species separate from Ciconia episcopus (polytypic) based on consistent differences in morphology (including plumage) and biogeographic considerations, the taxa being allopatric on separate continents.",wonsto2,avibase-5157C558,ebd,FALSE,native,5173,1966-04-03,2026-06-30,LC,https://datazone.birdlife.org/species/factsheet/22727265,https://birdsoftheworld.org/bow/species/wonsto2/,,,,,,,,,,,,,,,,,,,,,,,,,TRUE
5009,avibase-09ED7E92,Suliformes,Fregatidae,Frigatebirds,Fregata ariel,Lesser Frigatebird,,lesfri,avibase-09ED7E92;avibase-ED2A0A27,ebd,FALSE,native,18,1980-01-15,2025-10-08,LC,https://datazone.birdlife.org/species/factsheet/22697738,https://birdsoftheworld.org/bow/species/lesfri/,,,,,,TRUE,,,,,,,,,,,,,,,,,,,FALSE
5016,avibase-788EBCAB,Suliformes,Fregatidae,Frigatebirds,Fregata minor,Great Frigatebird,,grefri,avibase-788EBCAB,ebd,FALSE,native,26,1951-08-31,2024-12-24,LC,https://datazone.birdlife.org/species/factsheet/22697733,https://birdsoftheworld.org/bow/species/grefri/,,,,,,TRUE,,,,,,,,,,,,,,,,,,,FALSE
5030,avibase-0A4609D1,Suliformes,Sulidae,Boobies and Gannets,Sula sula,Red-footed Booby,,refboo,avibase-0A4609D1,ebd,FALSE,native,20,1976-10-24,2026-06-24,LC,https://datazone.birdlife.org/species/factsheet/22696694,https://birdsoftheworld.org/bow/species/refboo/,,,,,,TRUE,,,,,,,,,,,,,,,,,,,FALSE
5034,avibase-05520B42,Suliformes,Sulidae,Boobies and Gannets,Sula leucogaster,Brown Booby,"Taxon brewsteri (polytypic, including etesiaca) is treated as a species separate from Sula leucogaster based on differences in plumage, soft part colors, and behavior, including mostly assortative mating in sympatry (VanderWerf et al. 2023), combined with mitochondrial DNA divergence (Morris-Pocock et al. 2011).",brnboo,avibase-05520B42,ebd,FALSE,native,8,1977-02-12,2003-12-17,NE,,https://birdsoftheworld.org/bow/species/brnboo/,,,,,,TRUE,,,,,,,,,,,,,,,,,,,FALSE
5041,avibase-22D1B4A2,Suliformes,Sulidae,Boobies and Gannets,Sula dactylatra,Masked Booby,,masboo,avibase-22D1B4A2,ebd,FALSE,native,35,1976-08-15,2025-07-13,LC,https://datazone.birdlife.org/species/factsheet/22736173,https://birdsoftheworld.org/bow/species/masboo/,,,,,,TRUE,,,,,,,,,,,,,,,,,,,FALSE
5059,avibase-5C7936A7,Suliformes,Anhingidae,Anhinga and Darters,Anhinga rufa,African Darter,,darter3,avibase-5C7936A7,ebd,FALSE,native,6666,1962-07-18,2026-06-30,LC,https://datazone.birdlife.org/species/factsheet/22696705,https://birdsoftheworld.org/bow/species/darter3/,,,,,,,,,,,,,,,,,,,,,,,,,TRUE
5066,avibase-E255DCE1,Suliformes,Phalacrocoracidae,Cormorants and Shags,Microcarbo africanus,Reed Cormorant,,lotcor1,avibase-E255DCE1,ebd,FALSE,native,17259,1965-10-25,2026-06-30,LC,https://datazone.birdlife.org/species/factsheet/22696725,https://birdsoftheworld.org/bow/species/lotcor1/,,,,,,,,,,,,,,,,,,,,,,,,,TRUE
5124,avibase-3DF5C587,Suliformes,Phalacrocoracidae,Cormorants and Shags,Phalacrocorax carbo,Great Cormorant,"Taxon lucidus is treated as a subspecies of Phalacrocorax carbo based on available evidence. Sometimes split as a separate species, genetic studies (Marion & Le Gentil 2006; Kennedy & Spencer 2014; Ochiai et al. 2020; Baltz et al. 2021), based mostly on mitochondrial DNA, show relationships within P. carbo to be poorly resolved and that P. capillatus might also be part of this group (see Kennedy & Spencer 2014) albeit based on an unvouchered specimen. Further work is needed to assess the taxonomic status of P. capillatus, which has long been considered morphologically and ecologically distinctive.",grecor,avibase-3DF5C587;avibase-B38FDD3E,ebd,FALSE,native,9953,1966-04-03,2026-06-30,LC,https://datazone.birdlife.org/species/factsheet/22696792,https://birdsoftheworld.org/bow/species/grecor/,,,,,,,,,,,,,,,,,,,,,,,,,TRUE
5166,avibase-D4540F88,Pelecaniformes,Threskiornithidae,Ibises and Spoonbills,Plegadis falcinellus,Glossy Ibis,,gloibi,avibase-D4540F88,ebd,FALSE,native,7452,1965-10-25,2026-06-30,LC,https://datazone.birdlife.org/species/factsheet/22697422,https://birdsoftheworld.org/bow/species/gloibi/,,TRUE,,,,,,,,,,,TRUE,,,,,,,,,,,,TRUE
5174,avibase-23ACB56E,Pelecaniformes,Threskiornithidae,Ibises and Spoonbills,Bostrychia olivacea,Olive Ibis,,oliibi2,avibase-23ACB56E,ebd,FALSE,native,874,1953-03-15,2026-06-20,LC,https://datazone.birdlife.org/species/factsheet/22697472,https://birdsoftheworld.org/bow/species/oliibi2/,,,,,,,,,,,,,,,,,,,,,,,,,TRUE
5181,avibase-CAFBA217,Pelecaniformes,Threskiornithidae,Ibises and Spoonbills,Bostrychia hagedash,Hadada Ibis,,hadibi1,avibase-38723406;avibase-CAFBA217,ebd,FALSE,native,45203,1968-06-14,2026-06-30,LC,https://datazone.birdlife.org/species/factsheet/22697463,https://birdsoftheworld.org/bow/species/hadibi1/,,,,,,,,,,,,,,,,,,,,,,,,,TRUE
5198,avibase-F86BB1D3,Pelecaniformes,Threskiornithidae,Ibises and Spoonbills,Platalea alba,African Spoonbill,,afrspo1,avibase-F86BB1D3,ebd,FALSE,native,15030,1966-03-31,2026-06-30,LC,https://datazone.birdlife.org/species/factsheet/22697564,https://birdsoftheworld.org/bow/species/afrspo1/,,,,,,,,,,,,,,,,,,,,,,,,,TRUE
5199,avibase-A0A584C1,Pelecaniformes,Threskiornithidae,Ibises and Spoonbills,Platalea leucorodia,Eurasian Spoonbill,,eurspo1,avibase-A0A584C1,ebd,FALSE,native,4,1981-01-26,2022-07-21,LC,https://datazone.birdlife.org/species/factsheet/22697555,https://birdsoftheworld.org/bow/species/eurspo1/,,,,,,,,,,TRUE,,,,,,,,,,,TRUE,,,,TRUE
5206,avibase-550DE745,Pelecaniformes,Threskiornithidae,Ibises and Spoonbills,Threskiornis aethiopicus,African Sacred Ibis,,sacibi2,avibase-550DE745,ebd,FALSE,native,31948,1961-06-15,2026-06-30,LC,https://datazone.birdlife.org/species/factsheet/22697510,https://birdsoftheworld.org/bow/species/sacibi2/,,,,,,,,,,,,,,,,,,,,,,,,,TRUE
5218,avibase-47C7FDFD,Pelecaniformes,Balaenicipitidae,Shoebill,Balaeniceps rex,Shoebill,,shoebi1,avibase-47C7FDFD,ebd,FALSE,native,3,1995-10-14,1997-07-16,VU,https://datazone.birdlife.org/species/factsheet/22697583,https://birdsoftheworld.org/bow/species/shoebi1/,,,,,,,,,,TRUE,,,,TRUE,,,,,,,,,,,TRUE
5221,avibase-FC10F6ED,Pelecaniformes,Scopidae,Hamerkop,Scopus umbretta,Hamerkop,,hamerk1,avibase-FC10F6ED,ebd,FALSE,native,24842,1962-07-17,2026-06-30,LC,https://datazone.birdlife.org/species/factsheet/22697356,https://birdsoftheworld.org/bow/species/hamerk1/,,,,,,,,,,,,,,,,,,,,,,,,,TRUE
5234,avibase-8BAFB01E,Pelecaniformes,Pelecanidae,Pelicans,Pelecanus onocrotalus,Great White Pelican,,grwpel1,avibase-8BAFB01E,ebd,FALSE,native,9957,1962-07-18,2026-06-30,LC,https://datazone.birdlife.org/species/factsheet/22697590,https://birdsoftheworld.org/bow/species/grwpel1/,,TRUE,,,,,,,,,,,,,,,,,,,,,,,TRUE
5236,avibase-8D24E93C,Pelecaniformes,Pelecanidae,Pelicans,Pelecanus rufescens,Pink-backed Pelican,,pibpel1,avibase-8D24E93C,ebd,FALSE,native,6166,1965-10-25,2026-06-30,LC,https://datazone.birdlife.org/species/factsheet/22697595,https://birdsoftheworld.org/bow/species/pibpel1/,,,,,,,,,,,,,,,,,,,,,,,,,TRUE
5272,avibase-0F42F11A,Pelecaniformes,Ardeidae,"Herons, Egrets, and Bitterns",Botaurus stellaris,Eurasian Bittern,,grebit1,avibase-0F42F11A,ebd,FALSE,native,16,1970-12-05,2025-11-26,LC,https://datazone.birdlife.org/species/factsheet/22697346,https://birdsoftheworld.org/bow/species/grebit1/,,,,,,,,,,,,,,TRUE,,,,,,,TRUE,,,,TRUE
5285,avibase-87EEBD3E,Pelecaniformes,Ardeidae,"Herons, Egrets, and Bitterns",Botaurus sturmii,Dwarf Bittern,,dwabit1,avibase-87EEBD3E,ebd,FALSE,native,475,1972-07-29,2026-06-18,LC,https://datazone.birdlife.org/species/factsheet/22697327,https://birdsoftheworld.org/bow/species/dwabit1/,,TRUE,,,,,,,,,,,,,,,,,,,,,,,TRUE
5286,avibase-7AAD57AC,Pelecaniformes,Ardeidae,"Herons, Egrets, and Bitterns",Botaurus minutus,Little Bittern,,litbit1,avibase-7AAD57AC;avibase-E593807A,ebd,FALSE,native,837,1972-09-17,2026-06-25,LC,https://datazone.birdlife.org/species/factsheet/22735766,https://birdsoftheworld.org/bow/species/litbit1/,,TRUE,,,,,,,,,,,TRUE,,,,,,,,,,,,TRUE
5297,avibase-3C12AA44,Pelecaniformes,Ardeidae,"Herons, Egrets, and Bitterns",Calherodius leuconotus,White-backed Night Heron,,wbnher1,avibase-3C12AA44,ebd,FALSE,native,212,1978-07-11,2026-06-22,LC,https://datazone.birdlife.org/species/factsheet/22697226,https://birdsoftheworld.org/bow/species/wbnher1/,,,,,,,,,,,,,,,,,,,,,,,,,TRUE
5316,avibase-74853F89,Pelecaniformes,Ardeidae,"Herons, Egrets, and Bitterns",Egretta ardesiaca,Black Heron,,blaher1,avibase-74853F89,ebd,FALSE,native,1570,1966-04-03,2026-06-30,LC,https://datazone.birdlife.org/species/factsheet/22696926,https://birdsoftheworld.org/bow/species/blaher1/,,,,,,,,,,,,,,,,,,,,,,,,,TRUE
5325,avibase-DF32B1F9,Pelecaniformes,Ardeidae,"Herons, Egrets, and Bitterns",Egretta gularis,Western Reef Heron,"Taxon dimorpha is treated as a subspecies of Egretta garzetta (polytypic, including Australasian immaculata) based on available evidence. Sometimes split as a separate species, or treated as a subspecies of gularis, based largely on the presence of a dark morph, the bare parts color and bill form suggest that dimorpha is better treated as a subspecies of E. garzetta. Furthermore, the name nigripes is considered invalid (nigripes=immaculata) as some syntypes appear to be of hybrid origin, and phenotypic intermediacy suggests widespread intergradation between garzetta and immaculata in the Sundaic region.",werher,avibase-6D833566;avibase-DF32B1F9,ebd,FALSE,native,51,1983-11-12,2024-02-24,NE,,https://birdsoftheworld.org/bow/species/werher/,TRUE,,,,,,,,,,,,,,,,,,,,,,,,TRUE
5328,avibase-F2858F9F,Pelecaniformes,Ardeidae,"Herons, Egrets, and Bitterns",Egretta garzetta,Little Egret,"Taxon dimorpha is treated as a subspecies of Egretta garzetta (polytypic, including Australasian immaculata) based on available evidence. Sometimes split as a separate species, or treated as a subspecies of gularis, based largely on the presence of a dark morph, the bare parts color and bill form suggest that dimorpha is better treated as a subspecies of E. garzetta. Furthermore, the name nigripes is considered invalid (nigripes=immaculata) as some syntypes appear to be of hybrid origin, and phenotypic intermediacy suggests widespread intergradation between garzetta and immaculata in the Sundaic region.",litegr,avibase-4713982B;avibase-7C15B36B;avibase-F2858F9F,ebd,FALSE,native,14769,1965-10-25,2026-06-30,NE,,https://birdsoftheworld.org/bow/species/litegr/,,,,,,,,,,,,,,,,,,,,,,,,,TRUE
5341,avibase-6BB94D7E,Pelecaniformes,Ardeidae,"Herons, Egrets, and Bitterns",Nycticorax nycticorax,Black-crowned Night Heron,,bcnher,avibase-67930127;avibase-6BB94D7E,ebd,FALSE,native,4113,1966-03-31,2026-06-30,LC,https://datazone.birdlife.org/species/factsheet/22697211,https://birdsoftheworld.org/bow/species/bcnher/,,TRUE,,,,,,,,,,,TRUE,,,,,,,,,,,,TRUE
5358,avibase-7085B8A0,Pelecaniformes,Ardeidae,"Herons, Egrets, and Bitterns",Butorides atricapilla,Little Heron,"Four species are recognized in the Butorides striata complex based on the genomic DNA evidence of Mendales (2023): monotypic B. sundevalli from Galapagos; polytypic B. virescens from North America; monotypic B. striata from South America; and a polytypic Old World B. atricapilla group. While further splits in the B. atricapilla group may be warranted, genetic sampling was too geographically limited to properly assess these; further research needed.",strher1,avibase-5662A179;avibase-7085B8A0,ebd,FALSE,native,7084,1966-03-31,2026-06-30,NE,,https://birdsoftheworld.org/bow/species/strher1/,,,,,,,,,,,,,,,,,,,,,,,,,TRUE
5394,avibase-AEB2DA9B,Pelecaniformes,Ardeidae,"Herons, Egrets, and Bitterns",Ardeola rufiventris,Rufous-bellied Heron,,rubher2,avibase-AEB2DA9B,ebd,FALSE,native,940,1973-09-05,2026-06-30,LC,https://datazone.birdlife.org/species/factsheet/22697150,https://birdsoftheworld.org/bow/species/rubher2/,,,,,,,,,,,,,,,,,,,,,,,,,TRUE
5395,avibase-CE73EBD7,Pelecaniformes,Ardeidae,"Herons, Egrets, and Bitterns",Ardeola ralloides,Squacco Heron,,squher1,avibase-CE73EBD7,ebd,FALSE,native,8406,1966-10-12,2026-06-30,LC,https://datazone.birdlife.org/species/factsheet/22697123,https://birdsoftheworld.org/bow/species/squher1/,,TRUE,,,,,,,,,,,TRUE,,,,,,,,,,,,TRUE
5396,avibase-EA2C460A,Pelecaniformes,Ardeidae,"Herons, Egrets, and Bitterns",Ardeola idae,Malagasy Pond Heron,,mapher1,avibase-EA2C460A,ebd,FALSE,native,545,1983-07-09,2026-06-20,EN,https://datazone.birdlife.org/species/factsheet/22697143,https://birdsoftheworld.org/bow/species/mapher1/,,,,,,,TRUE,,,,,,,,,,,,,,,,,,TRUE
5399,avibase-49D9148A,Pelecaniformes,Ardeidae,"Herons, Egrets, and Bitterns",Ardea alba,Great Egret,,greegr,avibase-08BBEBEF;avibase-49D9148A;avibase-B95C3DE9;avibase-FDCCFEC1,ebd,FALSE,native,17488,1966-03-31,2026-06-30,LC,https://datazone.birdlife.org/species/factsheet/22697043,https://birdsoftheworld.org/bow/species/greegr/,,,,,,,,,,,,,,,,,,,,,,,,,TRUE
5404,avibase-C3ABF863,Pelecaniformes,Ardeidae,"Herons, Egrets, and Bitterns",Ardea brachyrhyncha,Yellow-billed Egret,"Three monotypic species are recognized in the Ardea intermedia sensu lato complex based on differences in breeding bare parts color, plumage, and morphology, and possibly in display and vocalizations: A. intermedia; A. brachyrhyncha; and A. plumifera. However, genetic data are lacking and further work is needed to corroborate this split.",integr3,avibase-C3ABF863,ebd,FALSE,native,10153,1962-07-14,2026-06-30,LC,https://datazone.birdlife.org/species/factsheet/22727677,https://birdsoftheworld.org/bow/species/integr3/,,,,,,,,,,,,,,,,,,,,,,,,,TRUE
5407,avibase-AB1CB216,Pelecaniformes,Ardeidae,"Herons, Egrets, and Bitterns",Ardea ibis,Western Cattle Egret,2025-0902)) Taxon coromanda is treated as a species separate from Ardea ibis based on consistent differences in proportions and breeding plumage. A comprehensive genetic review is needed. 2025-1187)) Bubulcus is merged into Ardea based on the genomic DNA evidence of Hruska et al. (2023).,categr1,avibase-AB1CB216,ebd,FALSE,native,27082,1965-10-25,2026-06-30,NE,,https://birdsoftheworld.org/bow/species/categr1/,,TRUE,,,,,,,,,,,,,,,,,,,,,,,TRUE
5412,avibase-3395DCF1,Pelecaniformes,Ardeidae,"Herons, Egrets, and Bitterns",Ardea purpurea,Purple Heron,,purher1,avibase-3395DCF1;avibase-8D6CB009,ebd,FALSE,native,4083,1961-04-30,2026-06-30,LC,https://datazone.birdlife.org/species/factsheet/22697031,https://birdsoftheworld.org/bow/species/purher1/,,,,,,,,,,,,,TRUE,,,,,,,,,,,,TRUE
5417,avibase-25A648FE,Pelecaniformes,Ardeidae,"Herons, Egrets, and Bitterns",Ardea melanocephala,Black-headed Heron,,blhher1,avibase-25A648FE,ebd,FALSE,native,28527,1966-03-31,2026-06-30,LC,https://datazone.birdlife.org/species/factsheet/22697008,https://birdsoftheworld.org/bow/species/blhher1/,,,,,,,,,,,,,,,,,,,,,,,,,TRUE
5418,avibase-C7888A15,Pelecaniformes,Ardeidae,"Herons, Egrets, and Bitterns",Ardea goliath,Goliath Heron,,golher1,avibase-C7888A15,ebd,FALSE,native,6764,1952-10-12,2026-06-30,LC,https://datazone.birdlife.org/species/factsheet/22697017,https://birdsoftheworld.org/bow/species/golher1/,,,,,,,,,,,,,,,,,,,,,,,,,TRUE
5419,avibase-6429024D,Pelecaniformes,Ardeidae,"Herons, Egrets, and Bitterns",Ardea cinerea,Grey Heron,,graher1,avibase-0DB2F2AE;avibase-6429024D,ebd,FALSE,native,26297,1958-11-15,2026-06-30,LC,https://datazone.birdlife.org/species/factsheet/22696993,https://birdsoftheworld.org/bow/species/graher1/,,,,,,,,,,,,,TRUE,,,,,,,,,,,,TRUE
5616,avibase-A526534E,Caprimulgiformes,Caprimulgidae,Nightjars and Nighthawks,Caprimulgus vexillarius,Pennant-winged Nightjar,,pewnig1,avibase-A526534E,ebd,FALSE,native,59,1905-06-28,2025-07-28,LC,https://datazone.birdlife.org/species/factsheet/22690025,https://birdsoftheworld.org/bow/species/pewnig1/,TRUE,,,,,,,,,,,,,,,,,,,,,,,,FALSE
5617,avibase-D36F4D98,Caprimulgiformes,Caprimulgidae,Nightjars and Nighthawks,Caprimulgus longipennis,Standard-winged Nightjar,,stwnig1,avibase-D36F4D98,ebd,FALSE,native,19,1988-03-26,2022-05-04,LC,https://datazone.birdlife.org/species/factsheet/22690021,https://birdsoftheworld.org/bow/species/stwnig1/,TRUE,,,,,,,,,,,,,,,,,,,,,,,,FALSE
5628,avibase-80D4B0FE,Caprimulgiformes,Caprimulgidae,Nightjars and Nighthawks,Caprimulgus europaeus,European Nightjar,Caprimulgus centralasicus is a synonym of C. europaeus based on genetic analysis of the holotype (and sole specimen) (Schweizer et al. 2020a). It probably represents an example of subspecies plumipes but cannot be assigned with confidence based on available morphological and genetic data.,eurnig1,avibase-80D4B0FE,ebd,FALSE,native,514,1977-09-22,2026-04-04,LC,https://datazone.birdlife.org/species/factsheet/22689887,https://birdsoftheworld.org/bow/species/eurnig1/,,,,,,,,,,,,TRUE,,,,,,,,,,,,,FALSE
5635,avibase-E93A0F33,Caprimulgiformes,Caprimulgidae,Nightjars and Nighthawks,Caprimulgus fraenatus,Sombre Nightjar,,somnig1,avibase-E93A0F33,ebd,FALSE,native,702,1953-02-15,2026-06-30,LC,https://datazone.birdlife.org/species/factsheet/22689893,https://birdsoftheworld.org/bow/species/somnig1/,,,,,,,,,,,,,,,,,,,,,,,,,FALSE
5642,avibase-626D56E4,Caprimulgiformes,Caprimulgidae,Nightjars and Nighthawks,Caprimulgus nubicus,Nubian Nightjar,,nubnig1,avibase-00B66A15;avibase-626D56E4,ebd,FALSE,native,32,1982-09-11,2025-07-25,LC,https://datazone.birdlife.org/species/factsheet/22689912,https://birdsoftheworld.org/bow/species/nubnig1/,TRUE,,,,,,,,,,,,,,,,,,,,,,,,FALSE
5667,avibase-D1D9B619,Caprimulgiformes,Caprimulgidae,Nightjars and Nighthawks,Caprimulgus donaldsoni,Donaldson Smith's Nightjar,,dosnig1,avibase-D1D9B619,ebd,FALSE,native,987,1971-07-16,2026-06-25,LC,https://datazone.birdlife.org/species/factsheet/22689940,https://birdsoftheworld.org/bow/species/dosnig1/,,,,,,,,,,,,,,,,,,,,,,,,,FALSE
5668,avibase-7E3578A2,Caprimulgiformes,Caprimulgidae,Nightjars and Nighthawks,Caprimulgus pectoralis,Fiery-necked Nightjar,"Taxon nigriscapularis is treated as a subspecies of Caprimulgus pectoralis due to overlap in vocalizations (Dowsett & Dowsett-Lemaire 1993) and morphometrics (Jackson 2013), and minimal plumage differences (Louette 1990). Limited genetic data confirm monophyly of this group, with nigriscapularis as the most divergent lineage (Han et al. 2010); due to limited genomic sampling and potential mitochondrial DNA introgression, further genetic studies are desirable.",finnig1,avibase-62ED1974;avibase-7E3578A2;avibase-AB8E1D95,ebd,FALSE,native,395,1973-10-02,2026-06-22,LC,https://datazone.birdlife.org/species/factsheet/22730097,https://birdsoftheworld.org/bow/species/finnig1/,,,,,,,,,,,,,,,,,,,,,,,,,FALSE
5674,avibase-FB96690D,Caprimulgiformes,Caprimulgidae,Nightjars and Nighthawks,Caprimulgus poliocephalus,Montane Nightjar,Taxon ruwenzorii is considered not specifically distinct from Caprimulgus poliocephalus based on vocal similarities (Dowsett & Dowsett-Lemaire 1993) and the absence of significant plumage and morphometric differences between the two (Louette 1990; Jackson 2014).,monnig1,avibase-FB96690D;avibase-FF9908ED,ebd,FALSE,native,2749,1971-04-03,2026-06-28,LC,https://datazone.birdlife.org/species/factsheet/22730103,https://birdsoftheworld.org/bow/species/monnig1/,,,,,,,,,,,,,,,,,,,,,,,,,FALSE
5685,avibase-52E6406E,Caprimulgiformes,Caprimulgidae,Nightjars and Nighthawks,Caprimulgus natalensis,Swamp Nightjar,,swanig1,avibase-52E6406E,ebd,FALSE,native,239,1977-03-31,2026-06-09,LC,https://datazone.birdlife.org/species/factsheet/22689972,https://birdsoftheworld.org/bow/species/swanig1/,,,,,,,,,,,,,,,,,,,,,,,,,FALSE
5688,avibase-7C3959D6,Caprimulgiformes,Caprimulgidae,Nightjars and Nighthawks,Caprimulgus inornatus,Plain Nightjar,,planig1,avibase-7C3959D6,ebd,FALSE,native,281,1976-04-06,2026-05-16,LC,https://datazone.birdlife.org/species/factsheet/22689977,https://birdsoftheworld.org/bow/species/planig1/,TRUE,,,,,,,,,,,,,,,,,,,,,,,,FALSE
5689,avibase-CE884D49,Caprimulgiformes,Caprimulgidae,Nightjars and Nighthawks,Caprimulgus stellatus,Star-spotted Nightjar,,stsnig1,avibase-CE884D49,ebd,FALSE,native,33,1981-05-13,2026-01-23,LC,https://datazone.birdlife.org/species/factsheet/22689981,https://birdsoftheworld.org/bow/species/stsnig1/,,,,,,,,,,,,,,,,,,,,,,,,,FALSE
5701,avibase-E3C780D6,Caprimulgiformes,Caprimulgidae,Nightjars and Nighthawks,Caprimulgus tristigma,Freckled Nightjar,,frenig1,avibase-E3C780D6,ebd,FALSE,native,516,1973-08-30,2026-06-30,LC,https://datazone.birdlife.org/species/factsheet/22689988,https://birdsoftheworld.org/bow/species/frenig1/,,,,,,,,,,,,,,,,,,,,,,,,,FALSE
5713,avibase-A20EA34D,Caprimulgiformes,Caprimulgidae,Nightjars and Nighthawks,Caprimulgus climacurus,Long-tailed Nightjar,,lotnig1,avibase-A20EA34D,ebd,FALSE,native,2,1988-03-26,1997-10-04,LC,https://datazone.birdlife.org/species/factsheet/22690008,https://birdsoftheworld.org/bow/species/lotnig1/,,TRUE,,,,,,,,,,,,,,,,,,,,,,,FALSE
5717,avibase-54494BCE,Caprimulgiformes,Caprimulgidae,Nightjars and Nighthawks,Caprimulgus clarus,Slender-tailed Nightjar,,sltnig1,avibase-54494BCE,ebd,FALSE,native,3115,1953-02-15,2026-06-26,LC,https://datazone.birdlife.org/species/factsheet/22690012,https://birdsoftheworld.org/bow/species/sltnig1/,,,,,,,,,,,,,,,,,,,,,,,,,FALSE
5718,avibase-4FD242D0,Caprimulgiformes,Caprimulgidae,Nightjars and Nighthawks,Caprimulgus fossii,Square-tailed Nightjar,,sqtnig1,avibase-4FD242D0,ebd,FALSE,native,233,1973-10-05,2026-05-16,LC,https://datazone.birdlife.org/species/factsheet/22690016,https://birdsoftheworld.org/bow/species/sqtnig1/,,TRUE,,,,,,,,,,,,,,,,,,,,,,,FALSE
5870,avibase-1E12D857,Apodiformes,Apodidae,Swifts,Rhaphidura sabini,Sabine's Spinetail,,sabspi1,avibase-1E12D857,ebd,FALSE,native,21,1982-12-22,2020-01-14,LC,https://datazone.birdlife.org/species/factsheet/22686664,https://birdsoftheworld.org/bow/species/sabspi1/,,,,TRUE,,,,,,,,,,,,,,,,,,,,,FALSE
5874,avibase-0D52DFC7,Apodiformes,Apodidae,Swifts,Neafrapus boehmi,Böhm's Spinetail,,balspi1,avibase-0D52DFC7,ebd,FALSE,native,574,1973-10-03,2026-06-04,LC,https://datazone.birdlife.org/species/factsheet/22686672,https://birdsoftheworld.org/bow/species/balspi1/,,,,,,,,,,,,,,,,,,,,,,,,,FALSE
5879,avibase-8ACC245F,Apodiformes,Apodidae,Swifts,Telacanthura ussheri,Mottled Spinetail,,motspi1,avibase-8ACC245F,ebd,FALSE,native,775,1953-04-02,2026-06-08,LC,https://datazone.birdlife.org/species/factsheet/22686652,https://birdsoftheworld.org/bow/species/motspi1/,,,,,,,,,,,,,,,,,,,,,,,,,FALSE
5954,avibase-DA106373,Apodiformes,Apodidae,Swifts,Cypsiurus parvus,African Palm Swift,,afpswi1,avibase-DA106373,ebd,FALSE,native,22678,1966-04-03,2026-06-30,LC,https://datazone.birdlife.org/species/factsheet/155257123,https://birdsoftheworld.org/bow/species/afpswi1/,,,,,,,,,,,,,,,,,,,,,,,,,FALSE
5965,avibase-91429F78,Apodiformes,Apodidae,Swifts,Tachymarptis aequatorialis,Mottled Swift,,motswi2,avibase-91429F78,ebd,FALSE,native,3051,1973-02-20,2026-06-24,LC,https://datazone.birdlife.org/species/factsheet/22686788,https://birdsoftheworld.org/bow/species/motswi2/,,,,,,,,,,,,,,,,,,,,,,,,,FALSE
5971,avibase-FA1CAD29,Apodiformes,Apodidae,Swifts,Tachymarptis melba,Alpine Swift,,alpswi1,avibase-FA1CAD29,ebd,FALSE,native,1058,1969-07-10,2026-06-11,LC,https://datazone.birdlife.org/species/factsheet/22686774,https://birdsoftheworld.org/bow/species/alpswi1/,,,,,,,,,,,,,,,,,,,,,,,,,FALSE
5983,avibase-8439A6E7,Apodiformes,Apodidae,Swifts,Schoutedenapus myoptilus,Scarce Swift,,scaswi1,avibase-8439A6E7,ebd,FALSE,native,1137,1965-02-03,2026-06-22,LC,https://datazone.birdlife.org/species/factsheet/157470471,https://birdsoftheworld.org/bow/species/scaswi1/,,,,,,,,,,,,,,,,,,,,,,,,,FALSE
5995,avibase-FA9F6019,Apodiformes,Apodidae,Swifts,Apus caffer,White-rumped Swift,,whrswi1,avibase-FA9F6019,ebd,FALSE,native,9042,1965-10-25,2026-06-29,LC,https://datazone.birdlife.org/species/factsheet/22686882,https://birdsoftheworld.org/bow/species/whrswi1/,,,,,,,,,,,,,,,,,,,,,,,,,FALSE
5997,avibase-FF79A533,Apodiformes,Apodidae,Swifts,Apus horus,Horus Swift,,horswi1,avibase-BC4B1C57;avibase-FF79A533,ebd,FALSE,native,1429,1969-07-07,2026-06-30,LC,https://datazone.birdlife.org/species/factsheet/22724997,https://birdsoftheworld.org/bow/species/horswi1/,,TRUE,,,,,,,,,,,,,,,,,,,,,,,FALSE
6003,avibase-D209A90C,Apodiformes,Apodidae,Swifts,Apus affinis,Little Swift,,litswi1,avibase-6B552CE9;avibase-D209A90C,ebd,FALSE,native,26767,1962-07-18,2026-06-30,LC,https://datazone.birdlife.org/species/factsheet/22686856,https://birdsoftheworld.org/bow/species/litswi1/,,,,,,,,,,,,,,,,,,,,,,,,,FALSE
6010,avibase-2103011F,Apodiformes,Apodidae,Swifts,Apus niansae,Nyanza Swift,,nyaswi1,avibase-2103011F,ebd,FALSE,native,2637,1969-07-07,2026-06-26,LC,https://datazone.birdlife.org/species/factsheet/22686811,https://birdsoftheworld.org/bow/species/nyaswi1/,,,,,,,,,,,,,,,,,,,,,,,,,FALSE
6019,avibase-DEE4829A,Apodiformes,Apodidae,Swifts,Apus barbatus,African Black Swift,"Taxon sladeniae is treated as a subspecies of Apus barbatus based on available evidence. Sometimes recognized as a species based on color and subtle plumage differences (Brooke 1970; De Roo 1970), but the complex as a whole is phenotypically variable. A split is considered premature pending a comprehensive analysis of the complex, preferably with genetic data.",afrswi1,avibase-5086F50B;avibase-DEE4829A,ebd,FALSE,native,1854,1969-07-08,2026-06-22,NE,,https://birdsoftheworld.org/bow/species/afrswi1/,,,,,,,,,,,,,,,,,,,,,,,,,FALSE
6028,avibase-45D3FD5A,Apodiformes,Apodidae,Swifts,Apus berliozi,Forbes-Watson's Swift,,fowswi1,avibase-45D3FD5A,ebd,FALSE,native,60,1984-11-20,2026-03-20,LC,https://datazone.birdlife.org/species/factsheet/22686831,https://birdsoftheworld.org/bow/species/fowswi1/,TRUE,,,,,,,,,,,,,,,,,,,,,,,,FALSE
6032,avibase-4E6EF3F9,Apodiformes,Apodidae,Swifts,Apus apus,Common Swift,,comswi,avibase-4E6EF3F9,ebd,FALSE,native,2135,1965-10-25,2026-05-16,LC,https://datazone.birdlife.org/species/factsheet/22686800,https://birdsoftheworld.org/bow/species/comswi/,,,,,,,,,,,,TRUE,,,,,,,,,,,,,FALSE
7196,avibase-B21A37E7,Strigiformes,Tytonidae,Bay Owls and Barn Owls,Tyto capensis,African Grass Owl,,afgowl1,avibase-B21A37E7,ebd,FALSE,native,11,1953-02-15,2021-07-11,LC,https://datazone.birdlife.org/species/factsheet/22688514,https://birdsoftheworld.org/bow/species/afgowl1/,,,,,,,,,,,,,,,,,,,,,,,,,FALSE
7197,avibase-CFD6F275,Strigiformes,Tytonidae,Bay Owls and Barn Owls,Tyto alba,Western Barn Owl,"Tyto alba sensu lato is split into three polytypic species (T. furcata, T. javanica, and T. alba) based on genetics (Aliabadian et al. 2016; Uva et al. 2018) and vocalizations (Robb 2015). Mitochondrial-dominated DNA data (Uva et al. 2018) also placed T. glaucops within the furcata group, while T. nigrobrunnea and T. rosenbergii resolved as part of the javanica group; genomic data are needed to better understand species relationships in this complex.",webowl1,avibase-6A663608;avibase-9291885C;avibase-CFD6F275,ebd,FALSE,native,655,1973-08-14,2026-06-28,NE,,https://birdsoftheworld.org/bow/species/webowl1/,,,,,,,,,,,,,,,,,,,,,,,,,FALSE
7411,avibase-70CB00EC,Strigiformes,Strigidae,Owls,Glaucidium perlatum,Pearl-spotted Owlet,,pesowl1,avibase-70CB00EC,ebd,FALSE,native,3845,1969-07-07,2026-06-30,LC,https://datazone.birdlife.org/species/factsheet/22689203,https://birdsoftheworld.org/bow/species/pesowl1/,,,,,,,,,,,,,,,,,,,,,,,,,FALSE
7453,avibase-E05A96F3,Strigiformes,Strigidae,Owls,Glaucidium tephronotum,Red-chested Owlet,,recowl1,avibase-21197E69;avibase-E05A96F3,ebd,FALSE,native,114,1984-12-15,2026-06-10,LC,https://datazone.birdlife.org/species/factsheet/22689267,https://birdsoftheworld.org/bow/species/recowl1/,,,,,,,,,,,,,,,,,,,,,,,,,FALSE
7472,avibase-77FEB897,Strigiformes,Strigidae,Owls,Glaucidium capense,African Barred Owlet,"Taxon castaneum and taxon etchecopari are both treated as conspecific with Glaucidium capense based on available data. Vocalizations of castaneum have not been documented, but those of etchecopari are similar to capense (Dowsett & Dowsett-Lemaire 1993); morphological differences between all three taxa are slight, suggesting they are best treated as conspecific pending further research.",afbowl1,avibase-77FEB897;avibase-DB27CEDE,ebd,FALSE,native,215,1908-08-22,2026-06-16,NE,,https://birdsoftheworld.org/bow/species/afbowl1/,,,,,,,,,,,,,,,,,,,,,,,,,FALSE
7489,avibase-75194A63,Strigiformes,Strigidae,Owls,Otus ireneae,Sokoke Scops Owl,,sosowl1,avibase-75194A63,ebd,FALSE,native,949,1973-10-02,2026-06-29,EN,https://datazone.birdlife.org/species/factsheet/22688565,https://birdsoftheworld.org/bow/species/sosowl1/,,,,,,,,,,,,,,,,,,,,,,,,,FALSE
7565,avibase-2C7AA154,Strigiformes,Strigidae,Owls,Otus scops,Eurasian Scops Owl,,eursco1,avibase-2C7AA154,ebd,FALSE,native,40,1983-12-10,2026-03-01,LC,https://datazone.birdlife.org/species/factsheet/155019854,https://birdsoftheworld.org/bow/species/eursco1/,,,,,,,,,,,,TRUE,,,,,,,,,,,,,FALSE
7575,avibase-F0AA4FE4,Strigiformes,Strigidae,Owls,Otus senegalensis,African Scops Owl,"Taxon feae (monotypic) is treated as conspecific with Otus senegalensis (polytypic), as the evidentiary basis for a split is weak. Vocal, morphological, and plumage differences are subtle (Collar & Boesman 2020; Melo et al. 2022), and mitochondrial DNA data suggest that feae is embedded within O. senegalensis (Melo et al. 2022).",afsowl1,avibase-7C2B3DB6;avibase-F0AA4FE4;avibase-F2DDAD97,ebd,FALSE,native,1147,1975-07-09,2026-06-29,LC,https://datazone.birdlife.org/species/factsheet/279197053,https://birdsoftheworld.org/bow/species/afsowl1/,,,,,,,,,,,,,,,,,,,,,,,,,FALSE
7609,avibase-E561A180,Strigiformes,Strigidae,Owls,Ptilopsis leucotis,Northern White-faced Owl,,nwfowl1,avibase-E561A180,ebd,FALSE,native,1083,1978-09-29,2026-06-30,LC,https://datazone.birdlife.org/species/factsheet/61781834,https://birdsoftheworld.org/bow/species/nwfowl1/,,,,,,,,,,,,,,,,,,,,,,,,,FALSE
7610,avibase-023D6E38,Strigiformes,Strigidae,Owls,Ptilopsis granti,Southern White-faced Owl,,swfowl1,avibase-023D6E38,ebd,FALSE,native,66,1989-07-31,2026-06-19,LC,https://datazone.birdlife.org/species/factsheet/61781923,https://birdsoftheworld.org/bow/species/swfowl1/,,,,,,,,,,,,,,,,,,,,,,,,,FALSE
7613,avibase-83E21A84,Strigiformes,Strigidae,Owls,Asio capensis,Marsh Owl,,marowl2,avibase-83E21A84,ebd,FALSE,native,518,1953-08-15,2026-06-29,LC,https://datazone.birdlife.org/species/factsheet/22689535,https://birdsoftheworld.org/bow/species/marowl2/,,,,,,,,,,,,,,,,,,,,,,,,,FALSE
7617,avibase-8F123A11,Strigiformes,Strigidae,Owls,Asio flammeus,Short-eared Owl,,sheowl,avibase-8F123A11,ebd,FALSE,native,3,1988-01-18,2022-12-31,LC,https://datazone.birdlife.org/species/factsheet/22689531,https://birdsoftheworld.org/bow/species/sheowl/,,TRUE,,,,,,,,,,,,,,,,,,,TRUE,,,,FALSE
7643,avibase-250123FB,Strigiformes,Strigidae,Owls,Asio abyssinicus,Abyssinian Owl,,aleowl1,avibase-250123FB,ebd,FALSE,native,1,1961-09-10,1961-09-10,LC,https://datazone.birdlife.org/species/factsheet/22689512,https://birdsoftheworld.org/bow/species/aleowl1/,,,,,,,,,,,,,,TRUE,,,,,,,,,,,FALSE
7672,avibase-3CD0F535,Strigiformes,Strigidae,Owls,Bubo capensis,Cape Eagle-Owl,,caeowl1,avibase-3CD0F535;avibase-3FFC9B29,ebd,FALSE,native,541,1969-07-10,2026-05-24,LC,https://datazone.birdlife.org/species/factsheet/22688944,https://birdsoftheworld.org/bow/species/caeowl1/,,,,,,,,,,,,,,,,,,,,,,,,,FALSE
7695,avibase-0018A99B,Strigiformes,Strigidae,Owls,Bubo cinerascens,Greyish Eagle-Owl,,graeao1,avibase-0018A99B,ebd,FALSE,native,969,1976-02-19,2026-06-15,LC,https://datazone.birdlife.org/species/factsheet/61741660,https://birdsoftheworld.org/bow/species/graeao1/,,,,,,,,,,,,,,,,,,,,,,,,,FALSE
7696,avibase-DC8CC91D,Strigiformes,Strigidae,Owls,Bubo africanus,Spotted Eagle-Owl,"Taxon milesi is treated as a monotypic species separate from Bubo africanus (monotypic) based on clear vocal differences, as well as differences in plumage and iris color (Robb 2015; Collar & Boesman 2019).",spoeao2,avibase-DC8CC91D,ebd,FALSE,native,1332,1971-07-16,2026-06-27,LC,https://datazone.birdlife.org/species/factsheet/216709698,https://birdsoftheworld.org/bow/species/spoeao2/,,,,,,,,,,,,,,,,,,,,,,,,,FALSE
7699,avibase-034B2A6A,Strigiformes,Strigidae,Owls,Scotopelia peli,Pel's Fishing Owl,,pefowl1,avibase-034B2A6A,ebd,FALSE,native,58,1969-08-01,2025-11-10,LC,https://datazone.birdlife.org/species/factsheet/22689032,https://birdsoftheworld.org/bow/species/pefowl1/,,,,,,,,,,,,,,,,,,,,,,,,,FALSE
7707,avibase-EBD3129B,Strigiformes,Strigidae,Owls,Ketupa lactea,Verreaux's Eagle-Owl,,veeowl1,avibase-EBD3129B,ebd,FALSE,native,4594,1969-07-12,2026-06-30,LC,https://datazone.birdlife.org/species/factsheet/22688986,https://birdsoftheworld.org/bow/species/veeowl1/,,,,,,,,,,,,,,,,,,,,,,,,,FALSE
7915,avibase-2E6575A8,Strigiformes,Strigidae,Owls,Strix woodfordii,African Wood Owl,,afwowl1,avibase-2E6575A8,ebd,FALSE,native,1538,1925-07-01,2026-06-29,LC,https://datazone.birdlife.org/species/factsheet/22689166,https://birdsoftheworld.org/bow/species/afwowl1/,,,,,,,,,,,,,,,,,,,,,,,,,FALSE
7945,avibase-DCBCCEB8,Accipitriformes,Sagittariidae,Secretarybird,Sagittarius serpentarius,Secretarybird,,secret2,avibase-DCBCCEB8,ebd,FALSE,native,13068,1961-04-03,2026-06-30,EN,https://datazone.birdlife.org/species/factsheet/22696221,https://birdsoftheworld.org/bow/species/secret2/,,,,,,,,,,,,,,,,,,,,,,,,,FALSE
7948,avibase-1327AC55,Accipitriformes,Pandionidae,Osprey,Pandion haliaetus,Osprey,"Taxon cristatus (monotypic) is treated as a subspecies of Pandion haliaetus (polytypic) based on available genetic and morphological evidence. Mitochondrial DNA divergences within P. haliaetus are modest (Wink et al. 2004; Monti et al. 2015) and support for cristatus as the sister lineage to all other taxa is weak. Furthermore, patterns of genetic divergence in mitochondrial DNA and microsatellites are inconsistent (Wink et al. 2004; Monti et al. 2015, 2018) and not accompanied by strong morphological differences.",osprey,avibase-1327AC55;avibase-FE572264,ebd,FALSE,native,2692,1965-10-25,2026-06-27,LC,https://datazone.birdlife.org/species/factsheet/22694938,https://birdsoftheworld.org/bow/species/osprey/,,,,,,,,,,,,TRUE,,,,,,,,,,,,,FALSE
7960,avibase-22832FF4,Accipitriformes,Accipitridae,"Kites, Old World Vultures, Eagles, and Hawks",Chelictinia riocourii,Scissor-tailed Kite,,sctkit1,avibase-22832FF4,ebd,FALSE,native,226,1977-06-20,2026-04-25,VU,https://datazone.birdlife.org/species/factsheet/22695042,https://birdsoftheworld.org/bow/species/sctkit1/,,,,,,,,,,,,,,,,,,,,,,,,,FALSE
7965,avibase-97C47F3E,Accipitriformes,Accipitridae,"Kites, Old World Vultures, Eagles, and Hawks",Elanus caeruleus,Black-winged Kite,,bkskit1,avibase-37863AE7;avibase-97C47F3E,ebd,FALSE,native,17279,1962-07-15,2026-06-30,LC,https://datazone.birdlife.org/species/factsheet/22695028,https://birdsoftheworld.org/bow/species/bkskit1/,,TRUE,,,,,,,,,,,,,,,,,,,,,,,FALSE
7973,avibase-C505EA72,Accipitriformes,Accipitridae,"Kites, Old World Vultures, Eagles, and Hawks",Polyboroides typus,African Harrier-Hawk,,afhhaw1,avibase-C505EA72,ebd,FALSE,native,8395,1962-07-15,2026-06-30,LC,https://datazone.birdlife.org/species/factsheet/22695409,https://birdsoftheworld.org/bow/species/afhhaw1/,,,,,,,,,,,,,,,,,,,,,,,,,FALSE
7977,avibase-14885C18,Accipitriformes,Accipitridae,"Kites, Old World Vultures, Eagles, and Hawks",Gypohierax angolensis,Palm-nut Vulture,,panvul1,avibase-14885C18,ebd,FALSE,native,2424,1969-06-15,2026-06-27,LC,https://datazone.birdlife.org/species/factsheet/22695170,https://birdsoftheworld.org/bow/species/panvul1/,,,,,,,,,,,,,,,,,,,,,,,,,FALSE
7979,avibase-81DB7410,Accipitriformes,Accipitridae,"Kites, Old World Vultures, Eagles, and Hawks",Gypaetus barbatus,Bearded Vulture,,lammer1,avibase-73875E1D;avibase-81DB7410,ebd,FALSE,native,55,1953-03-21,2021-08-05,NT,https://datazone.birdlife.org/species/factsheet/22695174,https://birdsoftheworld.org/bow/species/lammer1/,,,,,,,,,,,,,,,,,,,,,,,,,FALSE
7983,avibase-6D3480A6,Accipitriformes,Accipitridae,"Kites, Old World Vultures, Eagles, and Hawks",Neophron percnopterus,Egyptian Vulture,,egyvul1,avibase-6D3480A6,ebd,FALSE,native,800,1969-07-07,2026-03-30,EN,https://datazone.birdlife.org/species/factsheet/22695180,https://birdsoftheworld.org/bow/species/egyvul1/,,,,,,,,,,,,,,,,,,,,,,,,,FALSE
8000,avibase-648936C0,Accipitriformes,Accipitridae,"Kites, Old World Vultures, Eagles, and Hawks",Aviceda cuculoides,African Cuckoo-Hawk,,afrcuh1,avibase-648936C0,ebd,FALSE,native,375,1953-02-22,2026-06-29,LC,https://datazone.birdlife.org/species/factsheet/22694944,https://birdsoftheworld.org/bow/species/afrcuh1/,,TRUE,,,,,,,,,,,,,,,,,,,,,,,FALSE
8030,avibase-ED5A7E8F,Accipitriformes,Accipitridae,"Kites, Old World Vultures, Eagles, and Hawks",Pernis apivorus,European Honey Buzzard,,euhbuz1,avibase-ED5A7E8F,ebd,FALSE,native,547,1981-01-09,2026-04-20,LC,https://datazone.birdlife.org/species/factsheet/22694989,https://birdsoftheworld.org/bow/species/euhbuz1/,,,,,,,,,,,,TRUE,,,,,,,,,,,,,FALSE
8031,avibase-1192205B,Accipitriformes,Accipitridae,"Kites, Old World Vultures, Eagles, and Hawks",Pernis ptilorhynchus,Crested Honey Buzzard,,orihob2,avibase-1192205B,ebd,FALSE,native,4,2014-09-26,2023-05-02,LC,https://datazone.birdlife.org/species/factsheet/22694995,https://birdsoftheworld.org/bow/species/orihob2/,,,,,,,,,,,,,,TRUE,,,,,,TRUE,,,,,FALSE
8056,avibase-93D7EC56,Accipitriformes,Accipitridae,"Kites, Old World Vultures, Eagles, and Hawks",Trigonoceps occipitalis,White-headed Vulture,,whhvul1,avibase-93D7EC56,ebd,FALSE,native,1888,1969-07-12,2026-06-30,CR,https://datazone.birdlife.org/species/factsheet/22695250,https://birdsoftheworld.org/bow/species/whhvul1/,,,,,,,,,,,,,,,,,,,,,,,,,FALSE
8060,avibase-672EA454,Accipitriformes,Accipitridae,"Kites, Old World Vultures, Eagles, and Hawks",Torgos tracheliotos,Lappet-faced Vulture,,lafvul1,avibase-672EA454,ebd,FALSE,native,7640,1962-07-15,2026-06-30,EN,https://datazone.birdlife.org/species/factsheet/22695238,https://birdsoftheworld.org/bow/species/lafvul1/,,,,,,,,,,,,,,,,,,,,,,,,,FALSE
8064,avibase-131038AD,Accipitriformes,Accipitridae,"Kites, Old World Vultures, Eagles, and Hawks",Necrosyrtes monachus,Hooded Vulture,,hoovul1,avibase-131038AD,ebd,FALSE,native,4705,1966-03-31,2026-06-30,CR,https://datazone.birdlife.org/species/factsheet/22695185,https://birdsoftheworld.org/bow/species/hoovul1/,,,,,,,,,,,,,,,,,,,,,,,,,FALSE
8068,avibase-0419DDC2,Accipitriformes,Accipitridae,"Kites, Old World Vultures, Eagles, and Hawks",Gyps africanus,White-backed Vulture,,whbvul1,avibase-0419DDC2,ebd,FALSE,native,17398,1961-04-03,2026-06-30,CR,https://datazone.birdlife.org/species/factsheet/22695189,https://birdsoftheworld.org/bow/species/whbvul1/,,,,,,,,,,,,,,,,,,,,,,,,,FALSE
8075,avibase-76B512B1,Accipitriformes,Accipitridae,"Kites, Old World Vultures, Eagles, and Hawks",Gyps rueppelli,Rüppell's Vulture,,ruegri1,avibase-76B512B1,ebd,FALSE,native,6991,1961-04-03,2026-06-30,CR,https://datazone.birdlife.org/species/factsheet/22695207,https://birdsoftheworld.org/bow/species/ruegri1/,,,,,,,,,,,,,,,,,,,,,,,,,FALSE
8111,avibase-6CBD8724,Accipitriformes,Accipitridae,"Kites, Old World Vultures, Eagles, and Hawks",Terathopius ecaudatus,Bateleur,,batele1,avibase-6CBD8724,ebd,FALSE,native,14175,1966-03-31,2026-06-30,EN,https://datazone.birdlife.org/species/factsheet/22695289,https://birdsoftheworld.org/bow/species/batele1/,,,,,,,,,,,,,,,,,,,,,,,,,FALSE
8113,avibase-9F2839A9,Accipitriformes,Accipitridae,"Kites, Old World Vultures, Eagles, and Hawks",Circaetus fasciolatus,Southern Banded Snake Eagle,,faseag1,avibase-9F2839A9,ebd,FALSE,native,672,1973-10-02,2026-06-22,NT,https://datazone.birdlife.org/species/factsheet/22695277,https://birdsoftheworld.org/bow/species/faseag1/,,,,,,,,,,,,,,,,,,,,,,,,,FALSE
8114,avibase-4327F813,Accipitriformes,Accipitridae,"Kites, Old World Vultures, Eagles, and Hawks",Circaetus cinerascens,Western Banded Snake Eagle,,baseag1,avibase-4327F813,ebd,FALSE,native,691,1977-08-11,2026-06-29,LC,https://datazone.birdlife.org/species/factsheet/22695283,https://birdsoftheworld.org/bow/species/baseag1/,,,,,,,,,,,,,,,,,,,,,,,,,FALSE
8118,avibase-F4E78AFA,Accipitriformes,Accipitridae,"Kites, Old World Vultures, Eagles, and Hawks",Circaetus beaudouini,Beaudouin's Snake Eagle,,beasne1,avibase-F4E78AFA,ebd,FALSE,native,22,2015-11-06,2025-12-25,VU,https://datazone.birdlife.org/species/factsheet/22732272,https://birdsoftheworld.org/bow/species/beasne1/,,,,,,,,,,,,,,,,,,,,,,,,,FALSE
8119,avibase-BF553D32,Accipitriformes,Accipitridae,"Kites, Old World Vultures, Eagles, and Hawks",Circaetus pectoralis,Black-chested Snake Eagle,,bkbsne1,avibase-BF553D32,ebd,FALSE,native,5947,1961-04-08,2026-06-30,LC,https://datazone.birdlife.org/species/factsheet/22734223,https://birdsoftheworld.org/bow/species/bkbsne1/,,,,,,,,,,,,,,,,,,,,,,,,,FALSE
8120,avibase-6904D83F,Accipitriformes,Accipitridae,"Kites, Old World Vultures, Eagles, and Hawks",Circaetus cinereus,Brown Snake Eagle,,brseag1,avibase-6904D83F,ebd,FALSE,native,4898,1962-07-15,2026-06-30,LC,https://datazone.birdlife.org/species/factsheet/22695271,https://birdsoftheworld.org/bow/species/brseag1/,,,,,,,,,,,,,,,,,,,,,,,,,FALSE
8121,avibase-8372FFBA,Accipitriformes,Accipitridae,"Kites, Old World Vultures, Eagles, and Hawks",Circaetus gallicus,Short-toed Snake Eagle,,shteag1,avibase-8372FFBA,ebd,FALSE,native,5,1980-02-08,2023-02-04,LC,https://datazone.birdlife.org/species/factsheet/22734216,https://birdsoftheworld.org/bow/species/shteag1/,,,,,,,,,,,,,,TRUE,,,,,,,TRUE,,,,FALSE
8125,avibase-1E3B3515,Accipitriformes,Accipitridae,"Kites, Old World Vultures, Eagles, and Hawks",Stephanoaetus coronatus,Crowned Eagle,,crheag1,avibase-1E3B3515,ebd,FALSE,native,4205,1969-08-01,2026-06-29,NT,https://datazone.birdlife.org/species/factsheet/22696201,https://birdsoftheworld.org/bow/species/crheag1/,,,,,,,,,,,,,,,,,,,,,,,,,FALSE
8160,avibase-FDA2E4A3,Accipitriformes,Accipitridae,"Kites, Old World Vultures, Eagles, and Hawks",Polemaetus bellicosus,Martial Eagle,,mareag1,avibase-FDA2E4A3,ebd,FALSE,native,9646,1969-07-12,2026-06-30,EN,https://datazone.birdlife.org/species/factsheet/22696116,https://birdsoftheworld.org/bow/species/mareag1/,,,,,,,,,,,,,,,,,,,,,,,,,FALSE
8162,avibase-14B9664A,Accipitriformes,Accipitridae,"Kites, Old World Vultures, Eagles, and Hawks",Lophaetus occipitalis,Long-crested Eagle,,loceag1,avibase-14B9664A,ebd,FALSE,native,9860,1962-07-15,2026-06-30,LC,https://datazone.birdlife.org/species/factsheet/22696134,https://birdsoftheworld.org/bow/species/loceag1/,,,,,,,,,,,,,,,,,,,,,,,,,FALSE
8169,avibase-BAC4CA22,Accipitriformes,Accipitridae,"Kites, Old World Vultures, Eagles, and Hawks",Clanga clanga,Greater Spotted Eagle,,grseag1,avibase-BAC4CA22,ebd,FALSE,native,112,1986-02-12,2026-04-11,VU,https://datazone.birdlife.org/species/factsheet/22696027,https://birdsoftheworld.org/bow/species/grseag1/,,,,,,,,,,,,TRUE,,,,,,,,,,,,,FALSE
8170,avibase-C2565B65,Accipitriformes,Accipitridae,"Kites, Old World Vultures, Eagles, and Hawks",Clanga pomarina,Lesser Spotted Eagle,,leseag1,avibase-C2565B65,ebd,FALSE,native,660,1973-12-30,2026-04-14,LC,https://datazone.birdlife.org/species/factsheet/22696022,https://birdsoftheworld.org/bow/species/leseag1/,,,,,,,,,,,,TRUE,,,,,,,,,,,,,FALSE
8172,avibase-535F3C99,Accipitriformes,Accipitridae,"Kites, Old World Vultures, Eagles, and Hawks",Hieraaetus wahlbergi,Wahlberg's Eagle,,waheag3,avibase-535F3C99,ebd,FALSE,native,4202,1969-07-10,2026-06-24,LC,https://datazone.birdlife.org/species/factsheet/22696072,https://birdsoftheworld.org/bow/species/waheag3/,TRUE,,,,,,,,,,,,,,,,,,,,,,,,FALSE
8173,avibase-7DF00403,Accipitriformes,Accipitridae,"Kites, Old World Vultures, Eagles, and Hawks",Hieraaetus ayresii,Ayres's Hawk-Eagle,,ayheag1,avibase-7DF00403,ebd,FALSE,native,1019,1961-12-09,2026-06-28,LC,https://datazone.birdlife.org/species/factsheet/22696103,https://birdsoftheworld.org/bow/species/ayheag1/,,,,,,,,,,,,,,,,,,,,,,,,,FALSE
8175,avibase-4B8CC285,Accipitriformes,Accipitridae,"Kites, Old World Vultures, Eagles, and Hawks",Hieraaetus pennatus,Booted Eagle,,booeag1,avibase-4B8CC285,ebd,FALSE,native,1200,1980-10-11,2026-04-23,LC,https://datazone.birdlife.org/species/factsheet/22696092,https://birdsoftheworld.org/bow/species/booeag1/,,,,,,,,,,,,TRUE,,,,,,,,,,,,,FALSE
8178,avibase-A635F565,Accipitriformes,Accipitridae,"Kites, Old World Vultures, Eagles, and Hawks",Aquila nipalensis,Steppe Eagle,,steeag1,avibase-A635F565,ebd,FALSE,native,3655,1969-11-08,2026-04-29,EN,https://datazone.birdlife.org/species/factsheet/22696038,https://birdsoftheworld.org/bow/species/steeag1/,,,,,,,,,,,,TRUE,,,,,,,,,,,,,FALSE
8181,avibase-F6D547B2,Accipitriformes,Accipitridae,"Kites, Old World Vultures, Eagles, and Hawks",Aquila rapax,Tawny Eagle,,taweag1,avibase-F6D547B2,ebd,FALSE,native,18137,1961-04-03,2026-06-30,VU,https://datazone.birdlife.org/species/factsheet/22696033,https://birdsoftheworld.org/bow/species/taweag1/,,,,,,,,,,,,,,,,,,,,,,,,,FALSE
8185,avibase-469DCF57,Accipitriformes,Accipitridae,"Kites, Old World Vultures, Eagles, and Hawks",Aquila heliaca,Eastern Imperial Eagle,,impeag1,avibase-469DCF57,ebd,FALSE,native,12,1984-10-13,2019-01-13,VU,https://datazone.birdlife.org/species/factsheet/22696048,https://birdsoftheworld.org/bow/species/impeag1/,,,,,,,,,,,,TRUE,,,,,,,,,,,,,FALSE
8187,avibase-51FD3E3C,Accipitriformes,Accipitridae,"Kites, Old World Vultures, Eagles, and Hawks",Aquila africana,Cassin's Hawk-Eagle,,cashae1,avibase-51FD3E3C,ebd,FALSE,native,58,2013-02-28,2026-03-20,LC,https://datazone.birdlife.org/species/factsheet/22696138,https://birdsoftheworld.org/bow/species/cashae1/,,,,,,,,,,,,,,TRUE,,,,,,,,,,,FALSE
8199,avibase-14F13C32,Accipitriformes,Accipitridae,"Kites, Old World Vultures, Eagles, and Hawks",Aquila verreauxii,Verreaux's Eagle,,vereag1,avibase-14F13C32,ebd,FALSE,native,2366,1954-01-13,2026-06-28,LC,https://datazone.birdlife.org/species/factsheet/22696067,https://birdsoftheworld.org/bow/species/vereag1/,,,,,,,,,,,,,,,,,,,,,,,,,FALSE
8200,avibase-9A418C45,Accipitriformes,Accipitridae,"Kites, Old World Vultures, Eagles, and Hawks",Aquila spilogaster,African Hawk-Eagle,,afrhae1,avibase-9A418C45,ebd,FALSE,native,3732,1969-07-12,2026-06-30,LC,https://datazone.birdlife.org/species/factsheet/22696084,https://birdsoftheworld.org/bow/species/afrhae1/,,,,,,,,,,,,,,,,,,,,,,,,,FALSE
8207,avibase-DAE4C523,Accipitriformes,Accipitridae,"Kites, Old World Vultures, Eagles, and Hawks",Macheiramphus alcinus,Bat Hawk,,bathaw1,avibase-DAE4C523,ebd,FALSE,native,552,1969-07-12,2026-06-29,LC,https://datazone.birdlife.org/species/factsheet/22695021,https://birdsoftheworld.org/bow/species/bathaw1/,,,,,,,,,,,,,,,,,,,,,,,,,FALSE
8230,avibase-922DE9C1,Accipitriformes,Accipitridae,"Kites, Old World Vultures, Eagles, and Hawks",Micronisus gabar,Gabar Goshawk,,gabgos2,avibase-922DE9C1,ebd,FALSE,native,6365,1969-07-08,2026-06-30,LC,https://datazone.birdlife.org/species/factsheet/22695445,https://birdsoftheworld.org/bow/species/gabgos2/,,,,,,,,,,,,,,,,,,,,,,,,,FALSE
8237,avibase-D2AFD39B,Accipitriformes,Accipitridae,"Kites, Old World Vultures, Eagles, and Hawks",Melierax metabates,Dark Chanting Goshawk,,dacgos1,avibase-D2AFD39B,ebd,FALSE,native,2321,1971-08-21,2026-06-30,LC,https://datazone.birdlife.org/species/factsheet/22695425,https://birdsoftheworld.org/bow/species/dacgos1/,,,,,,,,,,,,,,,,,,,,,,,,,FALSE
8242,avibase-FA3A1F20,Accipitriformes,Accipitridae,"Kites, Old World Vultures, Eagles, and Hawks",Melierax poliopterus,Eastern Chanting Goshawk,,eacgos1,avibase-FA3A1F20,ebd,FALSE,native,10558,1965-10-25,2026-06-30,LC,https://datazone.birdlife.org/species/factsheet/22695431,https://birdsoftheworld.org/bow/species/eacgos1/,,,,,,,,,,,,,,,,,,,,,,,,,FALSE
8247,avibase-3EEB66ED,Accipitriformes,Accipitridae,"Kites, Old World Vultures, Eagles, and Hawks",Kaupifalco monogrammicus,Lizard Buzzard,,lizbuz1,avibase-3EEB66ED,ebd,FALSE,native,2210,1969-07-12,2026-06-26,LC,https://datazone.birdlife.org/species/factsheet/22695421,https://birdsoftheworld.org/bow/species/lizbuz1/,,,,,,,,,,,,,,,,,,,,,,,,,FALSE
8254,avibase-35A1472C,Accipitriformes,Accipitridae,"Kites, Old World Vultures, Eagles, and Hawks",Aerospiza tachiro,African Goshawk,"Taxon toussenelii (polytypic) is placed in Aerospiza tachiro (polytypic), based on vocal and behavioral similarities (Dowsett & Dowsett-Lemaire 1991, 1993). Recognition of a broader A. tachiro is supported by available mitochondrial DNA data (Breman et al. 2013; Jordaens et al. 2015).",afrgos1,avibase-33DBF5CC;avibase-35A1472C,ebd,FALSE,native,3333,1969-07-07,2026-06-30,NE,,https://birdsoftheworld.org/bow/species/afrgos1/,,,,,,,,,,,,,,,,,,,,,,,,,FALSE
8267,avibase-CE1CF6FD,Accipitriformes,Accipitridae,"Kites, Old World Vultures, Eagles, and Hawks",Tachyspiza minulla,Little Sparrowhawk,,litspa1,avibase-CE1CF6FD,ebd,FALSE,native,2638,1973-03-01,2026-06-30,LC,https://datazone.birdlife.org/species/factsheet/22695581,https://birdsoftheworld.org/bow/species/litspa1/,,,,,,,,,,,,,,,,,,,,,,,,,FALSE
8297,avibase-1A0ECB6E,Accipitriformes,Accipitridae,"Kites, Old World Vultures, Eagles, and Hawks",Tachyspiza badia,Shikra,,shikra1,avibase-1A0ECB6E;avibase-277B3BB4,ebd,FALSE,native,2024,1962-07-18,2026-06-28,LC,https://datazone.birdlife.org/species/factsheet/22695490,https://birdsoftheworld.org/bow/species/shikra1/,,,,,,,,,,,,,,,,,,,,,,,,,FALSE
8307,avibase-8492E4B7,Accipitriformes,Accipitridae,"Kites, Old World Vultures, Eagles, and Hawks",Tachyspiza brevipes,Levant Sparrowhawk,,levspa1,avibase-8492E4B7,ebd,FALSE,native,94,1983-11-08,2026-02-27,LC,https://datazone.birdlife.org/species/factsheet/22695499,https://birdsoftheworld.org/bow/species/levspa1/,,,,,,,,,,,,TRUE,,,,,,,,,,,,,FALSE
8373,avibase-BAE91683,Accipitriformes,Accipitridae,"Kites, Old World Vultures, Eagles, and Hawks",Accipiter ovampensis,Ovambo Sparrowhawk,,ovaspa2,avibase-BAE91683,ebd,FALSE,native,199,1969-07-08,2026-06-24,LC,https://datazone.birdlife.org/species/factsheet/22695619,https://birdsoftheworld.org/bow/species/ovaspa2/,,,,,,,,,,,,,,,,,,,,,,,,,FALSE
8385,avibase-EC0E680F,Accipitriformes,Accipitridae,"Kites, Old World Vultures, Eagles, and Hawks",Accipiter rufiventris,Rufous-breasted Sparrowhawk,,rucspa2,avibase-5655C112;avibase-EC0E680F,ebd,FALSE,native,229,1969-09-06,2026-03-07,LC,https://datazone.birdlife.org/species/factsheet/22695630,https://birdsoftheworld.org/bow/species/rucspa2/,,,,,,,,,,,,,,,,,,,,,,,,,FALSE
8388,avibase-DB376A66,Accipitriformes,Accipitridae,"Kites, Old World Vultures, Eagles, and Hawks",Accipiter nisus,Eurasian Sparrowhawk,,eurspa1,avibase-DB376A66,ebd,FALSE,native,29,1984-11-05,2026-02-09,LC,https://datazone.birdlife.org/species/factsheet/22695624,https://birdsoftheworld.org/bow/species/eurspa1/,,,,,,,,,,,,TRUE,,,,,,,,,,,,,FALSE
8421,avibase-819AB823,Accipitriformes,Accipitridae,"Kites, Old World Vultures, Eagles, and Hawks",Astur melanoleucus,Black Sparrowhawk,,blagos1,avibase-819AB823,ebd,FALSE,native,4080,1971-08-09,2026-06-29,LC,https://datazone.birdlife.org/species/factsheet/22695673,https://birdsoftheworld.org/bow/species/blagos1/,,,,,,,,,,,,,,,,,,,,,,,,,FALSE
8428,avibase-22647E26,Accipitriformes,Accipitridae,"Kites, Old World Vultures, Eagles, and Hawks",Circus macrourus,Pallid Harrier,,palhar1,avibase-22647E26,ebd,FALSE,native,3558,1966-03-31,2026-05-09,NT,https://datazone.birdlife.org/species/factsheet/22695396,https://birdsoftheworld.org/bow/species/palhar1/,,,,,,,,,,,,TRUE,,,,,,,,,,,,,FALSE
8434,avibase-63B6412E,Accipitriformes,Accipitridae,"Kites, Old World Vultures, Eagles, and Hawks",Circus pygargus,Montagu's Harrier,,monhar1,avibase-63B6412E,ebd,FALSE,native,3279,1965-10-25,2026-06-06,LC,https://datazone.birdlife.org/species/factsheet/22695405,https://birdsoftheworld.org/bow/species/monhar1/,,,,,,,,,,,,TRUE,,,,,,,,,,,,,FALSE
8436,avibase-2A2C169B,Accipitriformes,Accipitridae,"Kites, Old World Vultures, Eagles, and Hawks",Circus ranivorus,African Marsh Harrier,,afmhar1,avibase-2A2C169B,ebd,FALSE,native,850,1969-07-07,2026-06-25,LC,https://datazone.birdlife.org/species/factsheet/22695352,https://birdsoftheworld.org/bow/species/afmhar1/,,,,,,,,,,,,,,,,,,,,,,,,,FALSE
8437,avibase-E2A19474,Accipitriformes,Accipitridae,"Kites, Old World Vultures, Eagles, and Hawks",Circus aeruginosus,Western Marsh Harrier,,wemhar1,avibase-E2A19474,ebd,FALSE,native,3120,1973-02-20,2026-05-09,LC,https://datazone.birdlife.org/species/factsheet/22695344,https://birdsoftheworld.org/bow/species/wemhar1/,,,,,,,,,,,,TRUE,,,,,,,,,,,,,FALSE
8466,avibase-06D9A2C8,Accipitriformes,Accipitridae,"Kites, Old World Vultures, Eagles, and Hawks",Milvus migrans,Black Kite,"Taxon aegyptius (polytypic, including parasitus) is treated as conspecific with Milvus migrans pending further research. Although the aegyptius complex is morphologically distinctive, mitochondrial DNA data (Johnson et al. 2005; Andreyenkova et al. 2021) do not recover the group as monophyletic, and geographic patterns do not align with currently recognized subspecies. All taxa are retained within a single species until more comprehensive nuclear or genomic data are available.",blakit1,avibase-06D9A2C8;avibase-A691B378;avibase-C1C255AA;avibase-EE9C6A5E,ebd,FALSE,native,30316,1961-04-03,2026-06-30,NE,,https://birdsoftheworld.org/bow/species/blakit1/,,TRUE,,,,,,,,,,,TRUE,,,,,,,,,,,,FALSE
8484,avibase-A19B0CF4,Accipitriformes,Accipitridae,"Kites, Old World Vultures, Eagles, and Hawks",Icthyophaga vocifer,African Fish Eagle,,affeag1,avibase-A19B0CF4,ebd,FALSE,native,22469,1961-04-30,2026-06-30,LC,https://datazone.birdlife.org/species/factsheet/22695115,https://birdsoftheworld.org/bow/species/affeag1/,,,,,,,,,,,,,,,,,,,,,,,,,FALSE
8494,avibase-45A1D850,Accipitriformes,Accipitridae,"Kites, Old World Vultures, Eagles, and Hawks",Butastur rufipennis,Grasshopper Buzzard,,grabuz1,avibase-45A1D850,ebd,FALSE,native,636,1976-12-23,2026-05-09,LC,https://datazone.birdlife.org/species/factsheet/22695714,https://birdsoftheworld.org/bow/species/grabuz1/,TRUE,,,,,,,,,,,,,,,,,,,,,,,,FALSE
8639,avibase-EBDC03AA,Accipitriformes,Accipitridae,"Kites, Old World Vultures, Eagles, and Hawks",Buteo augur,Augur Buzzard,"Taxon archeri is treated as conspecific with Buteo augur, as the evidentiary basis for a split is weak. Sometimes treated as a distinct species, variation in plumage characters suggests it is a rufous color-morph (Clark 2003) or subspecies of B. augur (Clark 1996). Genetic data for archeri are uninformative, being limited to a short section of mitochondrial DNA (Riesing et al. 2003) of uncertain provenance; although aligned with a group that includes augur and rufofuscus, the position of archeri remains poorly resolved.",augbuz2,avibase-D41EDD2E;avibase-EBDC03AA,ebd,FALSE,native,20435,1965-10-25,2026-06-30,LC,https://datazone.birdlife.org/species/factsheet/22732019,https://birdsoftheworld.org/bow/species/augbuz2/,,,,,,,,,,,,,,,,,,,,,,,,,FALSE
8642,avibase-5BFEFD9A,Accipitriformes,Accipitridae,"Kites, Old World Vultures, Eagles, and Hawks",Buteo oreophilus,Mountain Buzzard,,moubuz2,avibase-5BFEFD9A,ebd,FALSE,native,1724,1961-04-08,2026-06-20,NT,https://datazone.birdlife.org/species/factsheet/22728020,https://birdsoftheworld.org/bow/species/moubuz2/,,,,,,,,,,,,,,,,,,,,,,,,,FALSE
8644,avibase-3C0C325D,Accipitriformes,Accipitridae,"Kites, Old World Vultures, Eagles, and Hawks",Buteo buteo,Common Buzzard,"Taxon bannermani (monotypic) is treated as a subspecies of Buteo buteo (polytypic) based on available evidence. Size-related characters clearly align bannermani with B. buteo, but plumage characters are highly variable and largely uninformative (Kruckenhauser et al. 2004). Conversely, limited mitochondrial DNA data align bannermani with B. rufinus (Clouet & Wink 2000; Kruckenhauser et al. 2004) and there is evidence of genetic introgression within B. buteo and related species (Jowers et al. 2019); further research needed.",combuz1,avibase-02AD152F;avibase-3C0C325D;avibase-E34D8FF3,ebd,FALSE,native,4977,1966-03-31,2026-05-04,LC,https://datazone.birdlife.org/species/factsheet/61695117,https://birdsoftheworld.org/bow/species/combuz1/,,,,,,,,,,,,TRUE,,,,,,,,,,,,,FALSE
8655,avibase-CC65921F,Accipitriformes,Accipitridae,"Kites, Old World Vultures, Eagles, and Hawks",Buteo rufinus,Long-legged Buzzard,,lolbuz1,avibase-CC65921F;avibase-FF7B87A6,ebd,FALSE,native,34,1989-01-03,2026-01-05,LC,https://datazone.birdlife.org/species/factsheet/22736562,https://birdsoftheworld.org/bow/species/lolbuz1/,,,,,,,,,,,,TRUE,,,,,,,,,,,,,FALSE
8673,avibase-E45D9EB2,Coliiformes,Coliidae,Mousebirds,Urocolius macrourus,Blue-naped Mousebird,,blnmou1,avibase-E45D9EB2,ebd,FALSE,native,15464,1969-07-07,2026-06-30,LC,https://datazone.birdlife.org/species/factsheet/22683792,https://birdsoftheworld.org/bow/species/blnmou1/,,,,,,,,,,,,,,,,,,,,,,,,,FALSE
8681,avibase-1FDDABDB,Coliiformes,Coliidae,Mousebirds,Colius striatus,Speckled Mousebird,,spemou2,avibase-1FDDABDB,ebd,FALSE,native,46972,1961-12-09,2026-06-30,LC,https://datazone.birdlife.org/species/factsheet/22683776,https://birdsoftheworld.org/bow/species/spemou2/,,,,,,,,,,,,,,,,,,,,,,,,TRUE,FALSE
8699,avibase-ADDB3611,Coliiformes,Coliidae,Mousebirds,Colius leucocephalus,White-headed Mousebird,,whhmou1,avibase-ADDB3611,ebd,FALSE,native,2875,1969-07-12,2026-06-29,LC,https://datazone.birdlife.org/species/factsheet/22683780,https://birdsoftheworld.org/bow/species/whhmou1/,,,,,,,,,,,,,,,,,,,,,,,,TRUE,FALSE
8716,avibase-7FED5700,Trogoniformes,Trogonidae,Trogons,Apaloderma narina,Narina Trogon,,nartro1,avibase-7FED5700,ebd,FALSE,native,2814,1961-04-26,2026-06-30,LC,https://datazone.birdlife.org/species/factsheet/22682715,https://birdsoftheworld.org/bow/species/nartro1/,,,,,,,,,,,,,,,,,,,,,,,,,FALSE
8722,avibase-2F2CB724,Trogoniformes,Trogonidae,Trogons,Apaloderma vittatum,Bar-tailed Trogon,,battro1,avibase-2F2CB724,ebd,FALSE,native,1051,1977-06-26,2026-06-28,LC,https://datazone.birdlife.org/species/factsheet/22682723,https://birdsoftheworld.org/bow/species/battro1/,,,,,,,,,,,,,,,,,,,,,,,,,FALSE
8861,avibase-FA2F9125,Bucerotiformes,Upupidae,Hoopoes,Upupa epops,Common Hoopoe,"Taxon africana (monotypic) is treated as a subspecies of Upupa epops (polytypic) based on minor plumage differences, contiguous ranges, and a lack of vocal differences (Dowsett & Dowsett-Lemaire 1993).",hoopoe,avibase-66F40AD0;avibase-E4573453;avibase-F4D0DB8E;avibase-FA2F9125,ebd,FALSE,native,13477,1969-07-07,2026-06-30,LC,https://datazone.birdlife.org/species/factsheet/22682655,https://birdsoftheworld.org/bow/species/hoopoe/,,TRUE,,,,,,,,,,TRUE,,,,,,,,,,,,,FALSE
8882,avibase-B0DD1318,Bucerotiformes,Phoeniculidae,Wood Hoopoes and Scimitarbills,Rhinopomastus cyanomelas,Common Scimitarbill,,cosbil1,avibase-B0DD1318,ebd,FALSE,native,3130,1969-08-01,2026-06-30,LC,https://datazone.birdlife.org/species/factsheet/22682704,https://birdsoftheworld.org/bow/species/cosbil1/,,,,,,,,,,,,,,,,,,,,,,,,,FALSE
8885,avibase-46847C50,Bucerotiformes,Phoeniculidae,Wood Hoopoes and Scimitarbills,Rhinopomastus minor,Abyssinian Scimitarbill,,absbil1,avibase-46847C50,ebd,FALSE,native,5554,1965-10-25,2026-06-29,LC,https://datazone.birdlife.org/species/factsheet/22682710,https://birdsoftheworld.org/bow/species/absbil1/,,,,,,,,,,,,,,,,,,,,,,,,,FALSE
8889,avibase-28CACA8F,Bucerotiformes,Phoeniculidae,Wood Hoopoes and Scimitarbills,Phoeniculus purpureus,Green Wood Hoopoe,,grewoo2,avibase-28CACA8F,ebd,FALSE,native,8849,1965-10-25,2026-06-30,LC,https://datazone.birdlife.org/species/factsheet/22682667,https://birdsoftheworld.org/bow/species/grewoo2/,,,,,,,,,,,,,,,,,,,,,,,,,FALSE
8896,avibase-76FAC9A5,Bucerotiformes,Phoeniculidae,Wood Hoopoes and Scimitarbills,Phoeniculus damarensis,Violet Wood Hoopoe,Taxon granti (monotypic) is treated as a subspecies of Phoeniculus damarensis based on minor differences in plumage. May form a species complex with P. purpureus (Turner 2017); further research required.,viowoo1,avibase-76FAC9A5;avibase-8F18EC0A,ebd,FALSE,native,1244,1973-08-24,2026-06-21,LC,https://datazone.birdlife.org/species/factsheet/22682673,https://birdsoftheworld.org/bow/species/viowoo1/,,,,,,,,,,,,,,,,,,,,,,,,,FALSE
8899,avibase-68A80086,Bucerotiformes,Phoeniculidae,Wood Hoopoes and Scimitarbills,Phoeniculus somaliensis,Black-billed Wood Hoopoe,,blbwoo2,avibase-68A80086,ebd,FALSE,native,30,1987-01-19,2024-01-20,LC,https://datazone.birdlife.org/species/factsheet/22682678,https://birdsoftheworld.org/bow/species/blbwoo2/,,,,,,,,,,,,,,,,,,,,,,,,,FALSE
8903,avibase-D1FFB474,Bucerotiformes,Phoeniculidae,Wood Hoopoes and Scimitarbills,Phoeniculus bollei,White-headed Wood Hoopoe,,whhwoo1,avibase-C4482AC9;avibase-D1FFB474,ebd,FALSE,native,1823,1925-07-01,2026-06-29,LC,https://datazone.birdlife.org/species/factsheet/22682684,https://birdsoftheworld.org/bow/species/whhwoo1/,,,,,,,,,,,,,,,,,,,,,,,,,FALSE
8909,avibase-948ED65C,Bucerotiformes,Bucerotidae,Hornbills,Bucorvus abyssinicus,Abyssinian Ground Hornbill,,noghor1,avibase-948ED65C,ebd,FALSE,native,37,1977-04-01,2025-09-28,VU,https://datazone.birdlife.org/species/factsheet/22682632,https://birdsoftheworld.org/bow/species/noghor1/,,,,,,,,,,,,,,,,,,,,,,,,,FALSE
8910,avibase-4192DE77,Bucerotiformes,Bucerotidae,Hornbills,Bucorvus leadbeateri,Southern Ground Hornbill,,soghor1,avibase-4192DE77,ebd,FALSE,native,4456,1952-11-01,2026-06-30,VU,https://datazone.birdlife.org/species/factsheet/22682638,https://birdsoftheworld.org/bow/species/soghor1/,,,,,,,,,,,,,,,,,,,,,,,,,FALSE
8913,avibase-1FDA0172,Bucerotiformes,Bucerotidae,Hornbills,Lophoceros alboterminatus,Crowned Hornbill,,crohor1,avibase-1FDA0172,ebd,FALSE,native,4141,1965-10-25,2026-06-27,LC,https://datazone.birdlife.org/species/factsheet/22682396,https://birdsoftheworld.org/bow/species/crohor1/,,,,,,,,,,,,,,,,,,,,,,,,,FALSE
8917,avibase-6D72B23C,Bucerotiformes,Bucerotidae,Hornbills,Lophoceros hemprichii,Hemprich's Hornbill,,hemhor1,avibase-6D72B23C,ebd,FALSE,native,1222,1973-09-23,2026-06-25,LC,https://datazone.birdlife.org/species/factsheet/22682409,https://birdsoftheworld.org/bow/species/hemhor1/,,,,,,,,,,,,,,,,,,,,,,,,,FALSE
8918,avibase-0CCD664D,Bucerotiformes,Bucerotidae,Hornbills,Lophoceros nasutus,African Grey Hornbill,,afghor1,avibase-0CCD664D,ebd,FALSE,native,10102,1962-07-18,2026-06-30,LC,https://datazone.birdlife.org/species/factsheet/22682413,https://birdsoftheworld.org/bow/species/afghor1/,,,,,,,,,,,,,,,,,,,,,,,,,FALSE
8925,avibase-3BCD9CB0,Bucerotiformes,Bucerotidae,Hornbills,Tockus flavirostris,Eastern Yellow-billed Hornbill,,eybhor1,avibase-3BCD9CB0,ebd,FALSE,native,4617,1969-07-12,2026-06-30,LC,https://datazone.birdlife.org/species/factsheet/22682379,https://birdsoftheworld.org/bow/species/eybhor1/,,,,,,,,,,,,,,,,,,,,,,,,,FALSE
8929,avibase-427D7FD6,Bucerotiformes,Bucerotidae,Hornbills,Tockus jacksoni,Jackson's Hornbill,,jachor1,avibase-427D7FD6,ebd,FALSE,native,2808,1973-09-24,2026-06-19,LC,https://datazone.birdlife.org/species/factsheet/22682388,https://birdsoftheworld.org/bow/species/jachor1/,,,,,,,,,,,,,,,,,,,,,,,,,FALSE
8930,avibase-DE36D3BD,Bucerotiformes,Bucerotidae,Hornbills,Tockus deckeni,Von der Decken's Hornbill,,vddhor1,avibase-DE36D3BD,ebd,FALSE,native,11643,1969-07-07,2026-06-30,LC,https://datazone.birdlife.org/species/factsheet/22682392,https://birdsoftheworld.org/bow/species/vddhor1/,,,,,,,,,,,,,,,,,,,,,,,,,FALSE
8936,avibase-AF75AC32,Bucerotiformes,Bucerotidae,Hornbills,Tockus erythrorhynchus,Northern Red-billed Hornbill,"Five species are recognized in the Tockus erythrorhynchus complex based on a combination of plumage, bare parts color, vocalizations, genetics (Kemp & Delport 2002; Viseshakul et al. 2011; Gonzalez et al. 2013), and hybrid zone dynamics (Delport et al. 2004): T. erythrorhynchus; T. ruahae; T. kempi; T. rufirostris; and T. damarensis. Mitochondrial DNA data (Gonzalez et al. 2013) suggested that these may divide into two groups: northern erythrorhynchus, kempi, and ruahae and southern rufirostris and damarensis. Further research is needed in areas of parapatry to assess levels of gene flow and a more comprehensive genetic review would be informative.",rebhor1,avibase-AF75AC32,ebd,FALSE,native,15982,1965-10-25,2026-06-30,NE,,https://birdsoftheworld.org/bow/species/rebhor1/,,,,,,,,,,,,,,,,,,,,,,,,,FALSE
8950,avibase-5350D0E8,Bucerotiformes,Bucerotidae,Hornbills,Bycanistes brevis,Silvery-cheeked Hornbill,,sichor1,avibase-5350D0E8,ebd,FALSE,native,5024,1953-03-20,2026-06-29,LC,https://datazone.birdlife.org/species/factsheet/22682570,https://birdsoftheworld.org/bow/species/sichor1/,,,,,,,,TRUE,,,,,,,,,,,,,,,,,FALSE
8951,avibase-02428AC1,Bucerotiformes,Bucerotidae,Hornbills,Bycanistes subcylindricus,Black-and-white-casqued Hornbill,,bawhor2,avibase-02428AC1,ebd,FALSE,native,4205,1971-01-03,2026-06-29,LC,https://datazone.birdlife.org/species/factsheet/22682577,https://birdsoftheworld.org/bow/species/bawhor2/,,,,,,,,,,,,,,,,,,,,,,,,,FALSE
8956,avibase-3A4D2B44,Bucerotiformes,Bucerotidae,Hornbills,Bycanistes bucinator,Trumpeter Hornbill,,truhor1,avibase-3A4D2B44,ebd,FALSE,native,1825,1969-08-01,2026-06-29,LC,https://datazone.birdlife.org/species/factsheet/22682548,https://birdsoftheworld.org/bow/species/truhor1/,,,,,,,,,,,,,,,,,,,,,,,,,FALSE
9033,avibase-4F01F416,Coraciiformes,Coraciidae,Rollers,Eurystomus glaucurus,Broad-billed Roller,,brbrol1,avibase-27ABC4CE;avibase-4F01F416;avibase-C790D0DA,ebd,FALSE,native,1775,1969-07-10,2026-06-17,LC,https://datazone.birdlife.org/species/factsheet/22682912,https://birdsoftheworld.org/bow/species/brbrol1/,TRUE,,,,,,TRUE,,,,,,,,,,,,,,,,,,FALSE
9052,avibase-BB456342,Coraciiformes,Coraciidae,Rollers,Coracias spatulatus,Racket-tailed Roller,,ratrol2,avibase-BB456342,ebd,FALSE,native,1,2011-08-14,2011-08-14,LC,https://datazone.birdlife.org/species/factsheet/22682883,https://birdsoftheworld.org/bow/species/ratrol2/,,,,,,,,,,,,,,TRUE,,,,,,,,,,,FALSE
9053,avibase-2624054E,Coraciiformes,Coraciidae,Rollers,Coracias naevius,Purple Roller,,rucrol2,avibase-2624054E,ebd,FALSE,native,3753,1965-10-25,2026-06-29,LC,https://datazone.birdlife.org/species/factsheet/22682892,https://birdsoftheworld.org/bow/species/rucrol2/,,TRUE,,,,,,,,,,,,,,,,,,,,,,,FALSE
9061,avibase-9E9B6EF9,Coraciiformes,Coraciidae,Rollers,Coracias caudatus,Lilac-breasted Roller,,librol2,avibase-19EDD44C;avibase-9E9B6EF9;avibase-FB08E501,ebd,FALSE,native,28152,1961-04-30,2026-06-30,LC,https://datazone.birdlife.org/species/factsheet/22682874,https://birdsoftheworld.org/bow/species/librol2/,,TRUE,,,,,,,,,,,,,,,,,,,,,,,FALSE
9064,avibase-E7C7EE3A,Coraciiformes,Coraciidae,Rollers,Coracias abyssinicus,Abyssinian Roller,,abyrol2,avibase-E7C7EE3A,ebd,FALSE,native,316,1973-08-26,2026-06-27,LC,https://datazone.birdlife.org/species/factsheet/22682865,https://birdsoftheworld.org/bow/species/abyrol2/,,,,,,,,,,,,,,,,,,,,,,,,,FALSE
9065,avibase-7451A628,Coraciiformes,Coraciidae,Rollers,Coracias garrulus,European Roller,,eurrol1,avibase-7451A628,ebd,FALSE,native,5333,1971-04-14,2026-06-12,LC,https://datazone.birdlife.org/species/factsheet/22682860,https://birdsoftheworld.org/bow/species/eurrol1/,,,,,,,,,,,,TRUE,,,,,,,,,,,,,FALSE
9078,avibase-38507A80,Coraciiformes,Meropidae,Bee-eaters,Merops bullockoides,White-fronted Bee-eater,,wfbeat1,avibase-38507A80,ebd,FALSE,native,5377,1961-04-05,2026-06-30,LC,https://datazone.birdlife.org/species/factsheet/22683684,https://birdsoftheworld.org/bow/species/wfbeat1/,,,,,,,,,,,,,,,,,,,,,,,,,FALSE
9082,avibase-AFA39D5A,Coraciiformes,Meropidae,Bee-eaters,Merops revoilii,Somali Bee-eater,,sobeat1,avibase-AFA39D5A,ebd,FALSE,native,1839,1970-08-09,2026-06-30,LC,https://datazone.birdlife.org/species/factsheet/22683710,https://birdsoftheworld.org/bow/species/sobeat1/,,,,,,,,,,,,,,,,,,,,,,,,,FALSE
9083,avibase-30238523,Coraciiformes,Meropidae,Bee-eaters,Merops boehmi,Böhm's Bee-eater,,bobeat1,avibase-30238523,ebd,FALSE,native,1,2015-07-20,2015-07-20,LC,https://datazone.birdlife.org/species/factsheet/22683728,https://birdsoftheworld.org/bow/species/bobeat1/,,,,,,,,,,,,,,,,,,,,,,,,,FALSE
9087,avibase-72CAA64D,Coraciiformes,Meropidae,Bee-eaters,Merops muelleri,Blue-headed Bee-eater,,bhbeat2,avibase-72CAA64D,ebd,FALSE,native,1275,1971-07-25,2026-06-29,LC,https://datazone.birdlife.org/species/factsheet/22736507,https://birdsoftheworld.org/bow/species/bhbeat2/,,,,,,,,,,,,,,,,,,,,,,,,,FALSE
9089,avibase-A90C512F,Coraciiformes,Meropidae,Bee-eaters,Merops variegatus,Blue-breasted Bee-eater,"Taxon lafresnayii is treated as a monotypic species separate from Merops variegatus (polytypic) based on plumage, size, vocalizations, and habitat. Sometimes treated as conspecific with montane M. oreobates but differs in plumage, and possibly vocalizations; occasional reports of intermediacy in some plumage traits (Turner 2010) requires investigation. Genetic data needed to affirm species limits in this complex.",bbbeat2,avibase-A90C512F,ebd,FALSE,native,68,1984-02-12,2026-05-09,LC,https://datazone.birdlife.org/species/factsheet/61627052,https://birdsoftheworld.org/bow/species/bbbeat2/,,,,,,,,,,,,,,,,,,,,,,,,,FALSE
9093,avibase-C0A68CA0,Coraciiformes,Meropidae,Bee-eaters,Merops pusillus,Little Bee-eater,,libeat1,avibase-C0A68CA0,ebd,FALSE,native,20202,1965-10-25,2026-06-30,LC,https://datazone.birdlife.org/species/factsheet/22683688,https://birdsoftheworld.org/bow/species/libeat1/,,,,,,,,,,,,,,,,,,,,,,,,,FALSE
9099,avibase-910E6D86,Coraciiformes,Meropidae,Bee-eaters,Merops hirundineus,Swallow-tailed Bee-eater,,stbeat1,avibase-910E6D86,ebd,FALSE,native,19,2000-05-21,2026-04-06,LC,https://datazone.birdlife.org/species/factsheet/22683702,https://birdsoftheworld.org/bow/species/stbeat1/,,,,,,,,,,,,,,TRUE,,,,,,,,,,,FALSE
9104,avibase-D0C68FE0,Coraciiformes,Meropidae,Bee-eaters,Merops lafresnayii,Ethiopian Bee-eater,"Taxon lafresnayii is treated as a monotypic species separate from Merops variegatus (polytypic) based on plumage, size, vocalizations, and habitat. Sometimes treated as conspecific with montane M. oreobates but differs in plumage, and possibly vocalizations; occasional reports of intermediacy in some plumage traits (Turner 2010) requires investigation. Genetic data needed to affirm species limits in this complex.",bubbee2,avibase-D0C68FE0,ebd,FALSE,native,5,2023-05-02,2024-01-20,LC,https://datazone.birdlife.org/species/factsheet/61627085,https://birdsoftheworld.org/bow/species/bubbee2/,,,,,,,,,,,,,,,,,,,,,,,,,FALSE
9105,avibase-B85B93BB,Coraciiformes,Meropidae,Bee-eaters,Merops oreobates,Cinnamon-chested Bee-eater,"Taxon lafresnayii is treated as a monotypic species separate from Merops variegatus (polytypic) based on plumage, size, vocalizations, and habitat. Sometimes treated as conspecific with montane M. oreobates but differs in plumage, and possibly vocalizations; occasional reports of intermediacy in some plumage traits (Turner 2010) requires investigation. Genetic data needed to affirm species limits in this complex.",ccbeat1,avibase-B85B93BB,ebd,FALSE,native,16754,1969-07-07,2026-06-30,LC,https://datazone.birdlife.org/species/factsheet/22683697,https://birdsoftheworld.org/bow/species/ccbeat1/,,,,,,,,,,,,,,,,,,,,,,,,,FALSE
9106,avibase-03C4A0C9,Coraciiformes,Meropidae,Bee-eaters,Merops albicollis,White-throated Bee-eater,,wtbeat1,avibase-03C4A0C9,ebd,FALSE,native,8958,1971-01-13,2026-06-30,LC,https://datazone.birdlife.org/species/factsheet/22683714,https://birdsoftheworld.org/bow/species/wtbeat1/,TRUE,,,,,,,,,,,,,,,,,,,,,,,,FALSE
9108,avibase-2125426A,Coraciiformes,Meropidae,Bee-eaters,Merops nubicus,Northern Carmine Bee-eater,,ncbeat1,avibase-2125426A,ebd,FALSE,native,3856,1969-11-03,2026-06-30,LC,https://datazone.birdlife.org/species/factsheet/22683768,https://birdsoftheworld.org/bow/species/ncbeat1/,TRUE,,,,,,,,,,,,,,,,,,,,,,,,FALSE
9109,avibase-B34CB92A,Coraciiformes,Meropidae,Bee-eaters,Merops nubicoides,Southern Carmine Bee-eater,,scbeat1,avibase-B34CB92A,ebd,FALSE,native,2,1972-06-14,2025-09-18,LC,https://datazone.birdlife.org/species/factsheet/22683772,https://birdsoftheworld.org/bow/species/scbeat1/,,,,,,,,,,,,,,TRUE,,,,,,,,,TRUE,,FALSE
9128,avibase-66AA3934,Coraciiformes,Meropidae,Bee-eaters,Merops apiaster,European Bee-eater,,eubeat1,avibase-66AA3934,ebd,FALSE,native,7996,1965-10-25,2026-05-16,LC,https://datazone.birdlife.org/species/factsheet/22683756,https://birdsoftheworld.org/bow/species/eubeat1/,,,,,,,,,,,,TRUE,,,,,,,,,,,,,FALSE
9131,avibase-AC89B8FF,Coraciiformes,Meropidae,Bee-eaters,Merops superciliosus,Olive Bee-eater,,mabeat1,avibase-AC89B8FF,ebd,FALSE,native,2133,1969-07-12,2026-06-25,LC,https://datazone.birdlife.org/species/factsheet/22683744,https://birdsoftheworld.org/bow/species/mabeat1/,,TRUE,,,,,,,,,,,,,,,,,,,,,,,FALSE
9134,avibase-6EE45113,Coraciiformes,Meropidae,Bee-eaters,Merops persicus,Blue-cheeked Bee-eater,,bcbeat1,avibase-6EE45113,ebd,FALSE,native,2643,1976-12-29,2026-05-09,LC,https://datazone.birdlife.org/species/factsheet/22683740,https://birdsoftheworld.org/bow/species/bcbeat1/,,,,,,,,,,,,TRUE,,,,,,,,,,,,,FALSE
9210,avibase-C0998BB9,Coraciiformes,Alcedinidae,Kingfishers,Ispidina picta,African Pygmy Kingfisher,,afpkin1,avibase-9B92C68C;avibase-C0998BB9,ebd,FALSE,native,3913,1962-07-18,2026-06-28,LC,https://datazone.birdlife.org/species/factsheet/22683165,https://birdsoftheworld.org/bow/species/afpkin1/,,TRUE,,,,,,,,,,,,,,,,,,,,,,,FALSE
9225,avibase-7149F93D,Coraciiformes,Alcedinidae,Kingfishers,Corythornis cristatus,Malachite Kingfisher,"Taxa thomensis and nais are treated as subspecies of Corythornis cristatus based on adult plumage and genetics. Sometimes treated as separate species, or subspecies of C. leucogaster, mitochondrial DNA data (Melo & Fuchs 2008) show that both taxa are closely related to C. cristatus. While adults are generally similar in morphology, juvenile thomensis show striking differences in size and plumage. Further research, including genomic DNA analyses, is warranted.",malkin1,avibase-12EA0D5A;avibase-7149F93D,ebd,FALSE,native,12392,1965-10-25,2026-06-30,NE,,https://birdsoftheworld.org/bow/species/malkin1/,,,,,,,,,,,,,,,,,,,,,,,,,FALSE
9241,avibase-F9F5CAB0,Coraciiformes,Alcedinidae,Kingfishers,Alcedo semitorquata,Half-collared Kingfisher,,hackin1,avibase-F9F5CAB0,ebd,FALSE,native,8,1888-11-08,2006-08-11,LC,https://datazone.birdlife.org/species/factsheet/22683033,https://birdsoftheworld.org/bow/species/hackin1/,,,,,,,,,,,,,,,,,,,,,,,,,FALSE
9242,avibase-A376DE65,Coraciiformes,Alcedinidae,Kingfishers,Alcedo quadribrachys,Shining-blue Kingfisher,,shbkin1,avibase-A376DE65,ebd,FALSE,native,2,1992-06-20,1992-10-13,LC,https://datazone.birdlife.org/species/factsheet/22683037,https://birdsoftheworld.org/bow/species/shbkin1/,,,,,,,,,,,,,,,,,,,,,,,,,FALSE
9318,avibase-F51C1C4A,Coraciiformes,Alcedinidae,Kingfishers,Megaceryle maxima,Giant Kingfisher,,giakin3,avibase-F51C1C4A,ebd,FALSE,native,4872,1953-04-15,2026-06-30,LC,https://datazone.birdlife.org/species/factsheet/22683616,https://birdsoftheworld.org/bow/species/giakin3/,,,,,,,,,,,,,,,,,,,,,,,,,FALSE
9327,avibase-8205077F,Coraciiformes,Alcedinidae,Kingfishers,Ceryle rudis,Pied Kingfisher,,piekin1,avibase-8205077F,ebd,FALSE,native,20182,1966-03-31,2026-06-30,LC,https://datazone.birdlife.org/species/factsheet/22683645,https://birdsoftheworld.org/bow/species/piekin1/,,,,,,,,,,,,,,,,,,,,,,,,,FALSE
9385,avibase-0D8BDD35,Coraciiformes,Alcedinidae,Kingfishers,Halcyon malimbica,Blue-breasted Kingfisher,,blbkin4,avibase-0D8BDD35,ebd,FALSE,native,4,1993-11-29,2001-08-28,LC,https://datazone.birdlife.org/species/factsheet/22683269,https://birdsoftheworld.org/bow/species/blbkin4/,,,,,,,,,,TRUE,,,,,,,,,,,,,,,FALSE
9390,avibase-1F360691,Coraciiformes,Alcedinidae,Kingfishers,Halcyon senegaloides,Mangrove Kingfisher,,mankin2,avibase-1F360691,ebd,FALSE,native,980,1969-06-15,2026-06-26,LC,https://datazone.birdlife.org/species/factsheet/22683265,https://birdsoftheworld.org/bow/species/mankin2/,TRUE,,,,,,,,,,,,,,,,,,,,,,,,FALSE
9391,avibase-47E71671,Coraciiformes,Alcedinidae,Kingfishers,Halcyon senegalensis,Woodland Kingfisher,,wookin1,avibase-47E71671,ebd,FALSE,native,4300,1953-08-15,2026-06-30,LC,https://datazone.birdlife.org/species/factsheet/22683260,https://birdsoftheworld.org/bow/species/wookin1/,,TRUE,,,,,,,,,,,,,,,,,,,,,,,FALSE
9395,avibase-AB51824B,Coraciiformes,Alcedinidae,Kingfishers,Halcyon chelicuti,Striped Kingfisher,,strkin1,avibase-AB51824B,ebd,FALSE,native,7551,1970-07-10,2026-06-30,LC,https://datazone.birdlife.org/species/factsheet/22683278,https://birdsoftheworld.org/bow/species/strkin1/,,,,,,,,,,,,,,,,,,,,,,,,,FALSE
9398,avibase-C5D3CB2A,Coraciiformes,Alcedinidae,Kingfishers,Halcyon albiventris,Brown-hooded Kingfisher,,brhkin1,avibase-C5D3CB2A,ebd,FALSE,native,1878,1952-11-23,2026-06-23,LC,https://datazone.birdlife.org/species/factsheet/22683273,https://birdsoftheworld.org/bow/species/brhkin1/,,,,,,,,,,,,,,,,,,,,,,,,,FALSE
9403,avibase-178B6892,Coraciiformes,Alcedinidae,Kingfishers,Halcyon leucocephala,Grey-headed Kingfisher,,gyhkin1,avibase-178B6892,ebd,FALSE,native,17322,1962-07-18,2026-06-30,LC,https://datazone.birdlife.org/species/factsheet/22683255,https://birdsoftheworld.org/bow/species/gyhkin1/,,TRUE,,,,,,,,,,,,,,,,,,,,,,,FALSE
9853,avibase-80BC978E,Piciformes,Lybiidae,African Barbets,Trachylaemus purpuratus,Eastern Yellow-billed Barbet,"Taxon goffinii (polytypic, including togoensis) is treated as a species separate from Trachylaemus purpuratus based on plumage, facial bare parts color, and genetics. Deep mitochondrial DNA divergence (Moyle 2004) supports recognition of an eastern (purpuratus) and western clade but it is unclear if the western sample represented goffinii or togoensis. Pending further genetic research incorporating broader taxon sampling, togoensis is treated as a subspecies of T. goffinii.",yebbar5,avibase-80BC978E,ebd,FALSE,native,2105,1973-10-10,2026-06-29,LC,https://datazone.birdlife.org/species/factsheet/22725980,https://birdsoftheworld.org/bow/species/yebbar5/,,,,,,,,,,,,,,,,,,,,,,,,,FALSE
9863,avibase-570C1121,Piciformes,Lybiidae,African Barbets,Trachyphonus erythrocephalus,Red-and-yellow Barbet,,raybar1,avibase-570C1121,ebd,FALSE,native,7096,1969-07-12,2026-06-30,LC,https://datazone.birdlife.org/species/factsheet/22681889,https://birdsoftheworld.org/bow/species/raybar1/,,,,,,,,,,,,,,,,,,,,,,,,,FALSE
9870,avibase-1953C1D6,Piciformes,Lybiidae,African Barbets,Trachyphonus darnaudii,D'Arnaud's Barbet,"Trachyphonus darnaudii is treated as a single polytypic species based on available evidence. Taxa usambiro and emini sometimes treated as separate species but plumage and morphological differences are relatively modest. Furthermore, although usambiro is vocally distinct, and possibly allopatric, behavioral responses led Short & Horne (1985a) to recognize a single species in this complex. Mitochondrial DNA data are limited (Barker & Lanyon 2000; Moyle 2004; Brown et al. 2008) and a more thorough analysis of morphology, vocalizations and genetics would be informative.",darbar1,avibase-1953C1D6;avibase-55E9B668;avibase-E6D52EF7,ebd,FALSE,native,13360,1962-07-18,2026-06-30,NE,,https://birdsoftheworld.org/bow/species/darbar1/,,,,,,,,,,,,,,,,,,,,,,,,,FALSE
9876,avibase-4568986F,Piciformes,Lybiidae,African Barbets,Cryptolybia olivacea,Green Barbet,,grebar2,avibase-4568986F;avibase-7B40A436,ebd,FALSE,native,2366,1973-02-27,2026-06-25,LC,https://datazone.birdlife.org/species/factsheet/22681732,https://birdsoftheworld.org/bow/species/grebar2/,,,,,,,,,,,,,,,,,,,,,,,,,FALSE
9883,avibase-56790B57,Piciformes,Lybiidae,African Barbets,Buccanodon duchaillui,Yellow-spotted Barbet,"Cryptic taxon dowsetti is treated as a subspecies of Buccanodon duchaillui based on available evidence. Although known plumage differences are lacking, vocalizations of dowsetti are distinctive and it is separable based on mitochondrial DNA (Hall et al. 2021). The presence of multiple deep mitochondrial DNA divergences in this complex is suggestive of cryptic species; further research is needed.",yesbar1,avibase-56790B57,ebd,FALSE,native,1933,1973-10-10,2026-06-29,NE,,https://birdsoftheworld.org/bow/species/yesbar1/,,,,,,,,,,,,,,,,,,,,,,,,,FALSE
9887,avibase-6C81D39B,Piciformes,Lybiidae,African Barbets,Stactolaema leucotis,White-eared Barbet,"Taxon leucogrammica (monotypic) is treated as a subspecies of Stactolaema leucotis based on available evidence. Plumage differences are comparable to those between nominate leucotis and kilimensis and there is a lack of additional evidence (ecological or behavioral) for considering there to be more than a single species in this complex; however, genetic data would be informative given that the Uluguru Mountains are a known centre of endemism.",whebar1,avibase-147284D7;avibase-6C81D39B;avibase-C1B352F1,ebd,FALSE,native,619,1919-07-16,2026-06-20,NE,,https://birdsoftheworld.org/bow/species/whebar1/,,,,,,,,,,,,,,,,,,,,,,,,,FALSE
9903,avibase-95054CA5,Piciformes,Lybiidae,African Barbets,Gymnobucco bonapartei,Grey-throated Barbet,"Taxon cinereiceps (monotypic) is treated as a subspecies of Gymnobucco bonapartei, as the evidentiary basis for a split is weak. The distributions of bonapartei and cinereiceps appear to be continuous, with a cline of increasing size eastwards, and a broad hybrid zone. Although differences in iris color occur (Chapin 1939) there is no evidence of behavioral, ecological, or genetic differences to support species status.",gytbar1,avibase-4B1A8533;avibase-69968F8E;avibase-95054CA5,ebd,FALSE,native,3396,1969-09-04,2026-06-29,NE,,https://birdsoftheworld.org/bow/species/gytbar1/,,,,,,,,,,,,,,,,,,,,,,,,,FALSE
9917,avibase-5238FF10,Piciformes,Lybiidae,African Barbets,Pogoniulus simplex,Green Tinkerbird,,gretin2,avibase-5238FF10,ebd,FALSE,native,563,1921-06-12,2026-06-29,LC,https://datazone.birdlife.org/species/factsheet/22681754,https://birdsoftheworld.org/bow/species/gretin2/,,,,,,,,,,,,,,,,,,,,,,,,,FALSE
9918,avibase-7BEB0003,Piciformes,Lybiidae,African Barbets,Pogoniulus leucomystax,Moustached Tinkerbird,,moutin1,avibase-7BEB0003,ebd,FALSE,native,1140,1969-07-10,2026-06-28,LC,https://datazone.birdlife.org/species/factsheet/22681747,https://birdsoftheworld.org/bow/species/moutin1/,,,,,,,,,,,,,,,,,,,,,,,,,FALSE
9928,avibase-7749C92B,Piciformes,Lybiidae,African Barbets,Pogoniulus bilineatus,Yellow-rumped Tinkerbird,"Taxon makawai is treated as a synonym of Pogoniulus bilineatus based on analysis of mitochondrial and nuclear DNA (Kirschel et al. 2018). Although plumage differences are striking, the single specimen of makawai is embedded within P. bilineatus suggesting that it is an aberrant color-morph; field observations have also failed to locate additional individuals of makawai (Dowsett et al. 2008).",yertin1,avibase-7749C92B;avibase-9EA74ADA,ebd,FALSE,native,12251,1965-10-23,2026-06-29,LC,https://datazone.birdlife.org/species/factsheet/22731992,https://birdsoftheworld.org/bow/species/yertin1/,,,,,,,,,,,,,,,,,,,,,,,,,FALSE
9935,avibase-E01F4BD7,Piciformes,Lybiidae,African Barbets,Pogoniulus uropygialis,Northern Red-fronted Tinkerbird,"Taxon uropygialis (polytypic, including affinis) is treated as a species separate from Pogoniulus pusillus based on Kirschel et al. (2021).",reftin1,avibase-E01F4BD7,ebd,FALSE,native,8785,1962-07-18,2026-06-29,NE,,https://birdsoftheworld.org/bow/species/reftin1/,,,,,,,,,,,,,,,,,,,,,,,,,FALSE
9939,avibase-2F467821,Piciformes,Lybiidae,African Barbets,Pogoniulus chrysoconus,Yellow-fronted Tinkerbird,,yeftin1,avibase-2F467821,ebd,FALSE,native,512,1973-09-05,2026-06-26,LC,https://datazone.birdlife.org/species/factsheet/22681774,https://birdsoftheworld.org/bow/species/yeftin1/,,,,,,,,,,,,,,,,,,,,,,,,,FALSE
9944,avibase-915DABE2,Piciformes,Lybiidae,African Barbets,Tricholaema hirsuta,Hairy-breasted Barbet,,habbar1,avibase-8504A7A2;avibase-915DABE2,ebd,FALSE,native,630,1979-04-14,2026-06-29,LC,https://datazone.birdlife.org/species/factsheet/22681786,https://birdsoftheworld.org/bow/species/habbar1/,,,,,,,,,,,,,,,,,,,,,,,,,FALSE
9949,avibase-3E3AFB25,Piciformes,Lybiidae,African Barbets,Tricholaema diademata,Red-fronted Barbet,,refbar2,avibase-3E3AFB25,ebd,FALSE,native,6410,1962-07-18,2026-06-29,LC,https://datazone.birdlife.org/species/factsheet/22681790,https://birdsoftheworld.org/bow/species/refbar2/,,,,,,,,,,,,,,,,,,,,,,,,,FALSE
9957,avibase-F1CCA0AA,Piciformes,Lybiidae,African Barbets,Tricholaema lacrymosa,Spot-flanked Barbet,,spfbar1,avibase-F1CCA0AA,ebd,FALSE,native,9316,1973-04-14,2026-06-30,LC,https://datazone.birdlife.org/species/factsheet/22681804,https://birdsoftheworld.org/bow/species/spfbar1/,,,,,,,,,,,,,,,,,,,,,,,,,FALSE
9960,avibase-F03BE6C3,Piciformes,Lybiidae,African Barbets,Tricholaema melanocephala,Black-throated Barbet,,bltbar1,avibase-F03BE6C3,ebd,FALSE,native,4858,1973-10-08,2026-06-29,LC,https://datazone.birdlife.org/species/factsheet/22681808,https://birdsoftheworld.org/bow/species/bltbar1/,,,,,,,,,,,,,,,,,,,,,,,,,FALSE
9966,avibase-724266B4,Piciformes,Lybiidae,African Barbets,Pogonornis melanopterus,Brown-breasted Barbet,,brbbar1,avibase-724266B4,ebd,FALSE,native,884,1973-08-31,2026-06-19,LC,https://datazone.birdlife.org/species/factsheet/22681849,https://birdsoftheworld.org/bow/species/brbbar1/,,,,,,,,,,,,,,,,,,,,,,,,,FALSE
9970,avibase-439FE608,Piciformes,Lybiidae,African Barbets,Pogonornis bidentatus,Double-toothed Barbet,,dotbar1,avibase-439FE608,ebd,FALSE,native,1608,1973-07-29,2026-06-27,LC,https://datazone.birdlife.org/species/factsheet/22681861,https://birdsoftheworld.org/bow/species/dotbar1/,,,,,,,,,,,,,,,,,,,,,,,,,FALSE
9985,avibase-BCA0F974,Piciformes,Lybiidae,African Barbets,Lybius leucocephalus,White-headed Barbet,"The monotypic taxa leucogaster and senex are treated as subspecies of Lybius leucocephalus based on available evidence. Although sometimes split as separate species, plumage differences seem modest, ecologically the taxa are similar, and subspecies senex and albicauda are reported to interbreed (Short & Horne 1985a). Further evidence may show that the geographically isolated subspecies leucogaster warrants separation; further research needed.",whhbar1,avibase-408639E6;avibase-B91DD3C8;avibase-BCA0F974;avibase-E68E0A8E,ebd,FALSE,native,6092,1969-07-07,2026-06-28,NE,,https://birdsoftheworld.org/bow/species/whhbar1/,,,,,,,,,,,,,,,,,,,,,,,,TRUE,FALSE
9994,avibase-0D419595,Piciformes,Lybiidae,African Barbets,Lybius guifsobalito,Black-billed Barbet,,blbbar3,avibase-0D419595,ebd,FALSE,native,326,1971-08-21,2026-05-25,LC,https://datazone.birdlife.org/species/factsheet/22681841,https://birdsoftheworld.org/bow/species/blbbar3/,,,,,,,,,,,,,,,,,,,,,,,,,FALSE
9995,avibase-8C50CB2D,Piciformes,Lybiidae,African Barbets,Lybius torquatus,Black-collared Barbet,,blcbar1,avibase-8C50CB2D,ebd,FALSE,native,263,1975-07-22,2026-06-10,LC,https://datazone.birdlife.org/species/factsheet/22681845,https://birdsoftheworld.org/bow/species/blcbar1/,,,,,,,,,,,,,,,,,,,,,,,,,FALSE
10159,avibase-7884F0D6,Piciformes,Indicatoridae,Honeyguides,Prodotiscus insignis,Cassin's Honeybird,,cashon1,avibase-7884F0D6,ebd,FALSE,native,28,1983-09-11,2025-02-02,LC,https://datazone.birdlife.org/species/factsheet/22680667,https://birdsoftheworld.org/bow/species/cashon1/,,,,,,,,,,,,,,,,,,,,,,,,,FALSE
10162,avibase-B20CDCE3,Piciformes,Indicatoridae,Honeyguides,Prodotiscus zambesiae,Green-backed Honeybird,,grbhon2,avibase-B20CDCE3,ebd,FALSE,native,1555,1980-09-20,2026-06-27,LC,https://datazone.birdlife.org/species/factsheet/22680672,https://birdsoftheworld.org/bow/species/grbhon2/,,,,,,,,,,,,,,,,,,,,,,,,,FALSE
10166,avibase-8DB3F1A2,Piciformes,Indicatoridae,Honeyguides,Prodotiscus regulus,Brown-backed Honeybird,,wahhon1,avibase-8DB3F1A2,ebd,FALSE,native,589,1973-09-10,2026-06-09,LC,https://datazone.birdlife.org/species/factsheet/22680677,https://birdsoftheworld.org/bow/species/wahhon1/,,,,,,,,,,,,,,,,,,,,,,,,,FALSE
10180,avibase-5B74A911,Piciformes,Indicatoridae,Honeyguides,Indicator meliphilus,Pallid Honeyguide,,palhon1,avibase-5B74A911,ebd,FALSE,native,517,1973-10-02,2026-06-21,LC,https://datazone.birdlife.org/species/factsheet/22680647,https://birdsoftheworld.org/bow/species/palhon1/,,,,,,,,,,,,,,,,,,,,,,,,,FALSE
10183,avibase-BFF3AA65,Piciformes,Indicatoridae,Honeyguides,Indicator exilis,Least Honeyguide,,leahon2,avibase-BFF3AA65,ebd,FALSE,native,399,1983-09-13,2026-06-29,LC,https://datazone.birdlife.org/species/factsheet/22680638,https://birdsoftheworld.org/bow/species/leahon2/,,,,,,,,,,,,,,,,,,,,,,,,,FALSE
10187,avibase-50F3668C,Piciformes,Indicatoridae,Honeyguides,Indicator minor,Lesser Honeyguide,"Taxon conirostris (polytypic, including ussheri) is treated as conspecific with Indicator minor based on the lack of clear-cut ecological, vocal, and plumage differences. Vocalizations appear to be indistinguishable (Short & Horne 1985b), reports of sympatric breeding (Friedmann 1969) have not been substantiated, and genetic data (Sonet et al. 2011) are uninformative; further research needed.",y00400,avibase-0AC6CF82;avibase-50F3668C;avibase-E9ED7248,ebd,FALSE,native,5361,1969-07-12,2026-06-30,LC,https://datazone.birdlife.org/species/factsheet/22680623,https://birdsoftheworld.org/bow/species/y00400/,,,,,,,,,,,,,,,,,,,,,,,,,FALSE
10199,avibase-7EF4C99C,Piciformes,Indicatoridae,Honeyguides,Indicator variegatus,Scaly-throated Honeyguide,,scthon1,avibase-7EF4C99C,ebd,FALSE,native,1614,1971-08-22,2026-06-26,LC,https://datazone.birdlife.org/species/factsheet/22680612,https://birdsoftheworld.org/bow/species/scthon1/,,,,,,,,,,,,,,,,,,,,,,,,,FALSE
10204,avibase-862749B0,Piciformes,Indicatoridae,Honeyguides,Indicator indicator,Greater Honeyguide,,grehon2,avibase-862749B0,ebd,FALSE,native,3803,1969-07-07,2026-06-28,LC,https://datazone.birdlife.org/species/factsheet/22680616,https://birdsoftheworld.org/bow/species/grehon2/,,,,,,,,,,,,,,,,,,,,,,,,,FALSE
10207,avibase-93EC5E12,Piciformes,Picidae,Woodpeckers,Jynx ruficollis,Red-throated Wryneck,,runwry1,avibase-93EC5E12;avibase-AC5AE0A0,ebd,FALSE,native,1147,1953-03-15,2026-06-28,LC,https://datazone.birdlife.org/species/factsheet/22680689,https://birdsoftheworld.org/bow/species/runwry1/,,,,,,,,,,,,,,,,,,,,,,,,,FALSE
10211,avibase-B2E6AB9F,Piciformes,Picidae,Woodpeckers,Jynx torquilla,Eurasian Wryneck,,eurwry,avibase-B2E6AB9F,ebd,FALSE,native,52,1969-02-22,2024-11-22,LC,https://datazone.birdlife.org/species/factsheet/22680683,https://birdsoftheworld.org/bow/species/eurwry/,,,,,,,,,,,,TRUE,,,,,,,,,,,,,FALSE
10439,avibase-01C9752D,Piciformes,Picidae,Woodpeckers,Pardipicus caroli,Brown-eared Woodpecker,,brewoo1,avibase-01C9752D;avibase-41FE0937,ebd,FALSE,native,594,1973-10-10,2026-06-28,LC,https://datazone.birdlife.org/species/factsheet/22680941,https://birdsoftheworld.org/bow/species/brewoo1/,,,,,,,,,,,,,,,,,,,,,,,,,FALSE
10442,avibase-02E56D98,Piciformes,Picidae,Woodpeckers,Pardipicus nivosus,Buff-spotted Woodpecker,,buswoo1,avibase-02E56D98,ebd,FALSE,native,582,1973-10-10,2026-06-12,LC,https://datazone.birdlife.org/species/factsheet/22680937,https://birdsoftheworld.org/bow/species/buswoo1/,,,,,,,,,,,,,,,,,,,,,,,,,FALSE
10450,avibase-D0A5FADB,Piciformes,Picidae,Woodpeckers,Campethera taeniolaema,Fine-banded Woodpecker,"Taxon taeniolaema (polytypic, including hausburgi) is treated as a species separate from Campethera tullbergi based on pronounced differences in underparts plumage, supported by divergence in nuclear and mitochondrial DNA (Fuchs et al. 2017a). Vocalizations are poorly known and a formal bioacoustic analysis may be informative.",tulwoo3,avibase-D0A5FADB,ebd,FALSE,native,1270,1925-07-01,2026-06-20,LC,https://datazone.birdlife.org/species/factsheet/22726358,https://birdsoftheworld.org/bow/species/tulwoo3/,,,,,,,,,,,,,,,,,,,,,,,,TRUE,FALSE
10453,avibase-BD7C4F70,Piciformes,Picidae,Woodpeckers,Campethera maculosa,Green-backed Woodpecker,"Taxa permista and cailliautii (polytypic) are treated as conspecific with Campethera maculosa based on available evidence. Sometimes treated as two or three species based on plumage, taxon permista is only weakly differentiated from maculosa and hybridizes with the phenotypically distinctive cailliautii (Chapin 1952; Prigogine 1987). Divergence in nuclear and mitochondrial DNA (Fuchs et al. 2017a) is modest, and vocalizations of all seem similar, suggesting they are best treated as conspecific pending further research.",grbwoo2,avibase-BD7C4F70;avibase-F234B7E3,ebd,FALSE,native,543,1973-08-31,2026-06-30,NE,,https://birdsoftheworld.org/bow/species/grbwoo2/,,,,,,,,,,,,,,,,,,,,,,,,,FALSE
10459,avibase-70170649,Piciformes,Picidae,Woodpeckers,Campethera nubica,Nubian Woodpecker,,nubwoo1,avibase-70170649,ebd,FALSE,native,14768,1965-10-25,2026-06-30,LC,https://datazone.birdlife.org/species/factsheet/22680887,https://birdsoftheworld.org/bow/species/nubwoo1/,,,,,,,,,,,,,,,,,,,,,,,,,FALSE
10468,avibase-C5585051,Piciformes,Picidae,Woodpeckers,Campethera scriptoricauda,Speckle-throated Woodpecker,,reiwoo1,avibase-C5585051,ebd,FALSE,native,1,1918-07-20,1918-07-20,LC,https://datazone.birdlife.org/species/factsheet/22680897,https://birdsoftheworld.org/bow/species/reiwoo1/,,,,TRUE,TRUE,,,,,,,,,,,,,,,,,,,,FALSE
10470,avibase-CD2F7C98,Piciformes,Picidae,Woodpeckers,Campethera abingoni,Golden-tailed Woodpecker,,gotwoo1,avibase-CD2F7C98,ebd,FALSE,native,267,1982-09-15,2026-06-24,LC,https://datazone.birdlife.org/species/factsheet/22680902,https://birdsoftheworld.org/bow/species/gotwoo1/,,,,,,,,,,,,,,,,,,,,,,,,,FALSE
10477,avibase-BA63C545,Piciformes,Picidae,Woodpeckers,Campethera mombassica,Mombasa Woodpecker,,momwoo1,avibase-BA63C545,ebd,FALSE,native,1547,1973-03-02,2026-06-29,LC,https://datazone.birdlife.org/species/factsheet/22680906,https://birdsoftheworld.org/bow/species/momwoo1/,,,,,,,,,,,,,,,,,,,,,,,,,FALSE
10849,avibase-2700C97D,Piciformes,Picidae,Woodpeckers,Chloropicus xantholophus,Yellow-crested Woodpecker,,gocwoo3,avibase-2700C97D,ebd,FALSE,native,832,1971-07-25,2026-06-28,LC,https://datazone.birdlife.org/species/factsheet/22680996,https://birdsoftheworld.org/bow/species/gocwoo3/,,,,,,,,,,,,,,,,,,,,,,,,,FALSE
10850,avibase-77D82F60,Piciformes,Picidae,Woodpeckers,Chloropicus namaquus,Bearded Woodpecker,,beawoo1,avibase-77D82F60,ebd,FALSE,native,2958,1963-07-18,2026-06-26,LC,https://datazone.birdlife.org/species/factsheet/22680982,https://birdsoftheworld.org/bow/species/beawoo1/,,,,,,,,,,,,,,,,,,,,,,,,,FALSE
10856,avibase-9FF4EDB5,Piciformes,Picidae,Woodpeckers,Dendropicos obsoletus,Brown-backed Woodpecker,,brbwoo1,avibase-9FF4EDB5,ebd,FALSE,native,903,1969-07-10,2026-06-30,LC,https://datazone.birdlife.org/species/factsheet/22681030,https://birdsoftheworld.org/bow/species/brbwoo1/,,,,,,,,,,,,,,,,,,,,,,,,,FALSE
10861,avibase-E5DF48FC,Piciformes,Picidae,Woodpeckers,Dendropicos goertae,African Grey Woodpecker,,grywoo1,avibase-AF725C3D;avibase-E5DF48FC,ebd,FALSE,native,818,1973-10-11,2026-06-26,LC,https://datazone.birdlife.org/species/factsheet/22730269,https://birdsoftheworld.org/bow/species/grywoo1/,,,,,,,,,,,,,,,,,,,,,,,,,FALSE
10867,avibase-902E9F69,Piciformes,Picidae,Woodpeckers,Dendropicos spodocephalus,Eastern Grey Woodpecker,,gyhwoo1,avibase-902E9F69,ebd,FALSE,native,7107,1970-03-20,2026-06-28,LC,https://datazone.birdlife.org/species/factsheet/22681018,https://birdsoftheworld.org/bow/species/gyhwoo1/,,,,,,,,,,,,,,,,,,,,,,,,,FALSE
10883,avibase-739A97EE,Piciformes,Picidae,Woodpeckers,Dendropicos poecilolaemus,Speckle-breasted Woodpecker,,spbwoo2,avibase-739A97EE,ebd,FALSE,native,74,1989-07-12,2026-06-24,LC,https://datazone.birdlife.org/species/factsheet/22680954,https://birdsoftheworld.org/bow/species/spbwoo2/,,,,,,,,,,,,,,,,,,,,,,,,,FALSE
10884,avibase-0A241B83,Piciformes,Picidae,Woodpeckers,Dendropicos fuscescens,Cardinal Woodpecker,,carwoo1,avibase-0A241B83,ebd,FALSE,native,10198,1969-07-01,2026-06-30,LC,https://datazone.birdlife.org/species/factsheet/22680963,https://birdsoftheworld.org/bow/species/carwoo1/,,,,,,,,,,,,,,,,,,,,,,,,,FALSE
11131,avibase-3B52D2B8,Falconiformes,Falconidae,Falcons and Caracaras,Polihierax semitorquatus,Pygmy Falcon,,pygfal1,avibase-3B52D2B8,ebd,FALSE,native,5411,1952-11-15,2026-06-30,LC,https://datazone.birdlife.org/species/factsheet/22696313,https://birdsoftheworld.org/bow/species/pygfal1/,,,,,,,,,,,,,,,,,,,,,,,,,FALSE
11151,avibase-BECA271F,Falconiformes,Falconidae,Falcons and Caracaras,Falco naumanni,Lesser Kestrel,,leskes1,avibase-BECA271F,ebd,FALSE,native,2204,1966-03-31,2026-05-26,LC,https://datazone.birdlife.org/species/factsheet/22696357,https://birdsoftheworld.org/bow/species/leskes1/,,,,,,,,,,,,TRUE,,,,,,,,,,,,,FALSE
11152,avibase-D2CAA18B,Falconiformes,Falconidae,Falcons and Caracaras,Falco alopex,Fox Kestrel,,foxkes1,avibase-D2CAA18B,ebd,FALSE,native,103,1983-05-21,2026-04-07,LC,https://datazone.birdlife.org/species/factsheet/22696402,https://birdsoftheworld.org/bow/species/foxkes1/,,,,,,,,,,,,,,,,,,,,,,,,,FALSE
11153,avibase-2E4DAA13,Falconiformes,Falconidae,Falcons and Caracaras,Falco rupicoloides,Greater Kestrel,,grekes1,avibase-2E4DAA13,ebd,FALSE,native,697,1952-11-15,2026-06-21,LC,https://datazone.birdlife.org/species/factsheet/22696398,https://birdsoftheworld.org/bow/species/grekes1/,,,,,,,,,,,,,,,,,,,,,,,,,FALSE
11170,avibase-2DAB45B8,Falconiformes,Falconidae,Falcons and Caracaras,Falco tinnunculus,Common Kestrel,"Taxon rupicolus is split from Falco tinnunculus based on genetics (Groombridge et al. 2002; Fuchs et al. 2015) and plumage. Inclusion of rupicolus in F. tinnunculus renders that species polyphyletic based on nuclear and mitochondrial DNA (Fuchs et al. 2015). Taxon rupicolus also shows reduced sexual dichromatism compared to most subspecies, but additional genetic research is needed to resolve the status of other forms within the F. tinnunculus complex, particularly neglectus and alexandri.",eurkes,avibase-2BD7F8B5;avibase-2DAB45B8;avibase-A76838A0,ebd,FALSE,native,3613,1965-10-25,2026-06-21,NE,,https://birdsoftheworld.org/bow/species/eurkes/,,,,,,,,,,,,TRUE,,,,,,,,,,,,,FALSE
11200,avibase-997A9437,Falconiformes,Falconidae,Falcons and Caracaras,Falco vespertinus,Red-footed Falcon,,reffal1,avibase-997A9437,ebd,FALSE,native,12,2021-05-08,2024-12-01,VU,https://datazone.birdlife.org/species/factsheet/22696432,https://birdsoftheworld.org/bow/species/reffal1/,,,,,,,,,,,,TRUE,,,,,,,,,,,,,FALSE
11201,avibase-E6137E65,Falconiformes,Falconidae,Falcons and Caracaras,Falco amurensis,Amur Falcon,,amufal1,avibase-E6137E65,ebd,FALSE,native,601,1981-01-16,2026-05-09,LC,https://datazone.birdlife.org/species/factsheet/22696437,https://birdsoftheworld.org/bow/species/amufal1/,,,,,,,,,,,,TRUE,,,,,,,,,,,,,FALSE
11212,avibase-3F2BA4F7,Falconiformes,Falconidae,Falcons and Caracaras,Falco ardosiaceus,Grey Kestrel,,grykes1,avibase-3F2BA4F7,ebd,FALSE,native,2045,1977-03-31,2026-06-30,LC,https://datazone.birdlife.org/species/factsheet/22696406,https://birdsoftheworld.org/bow/species/grykes1/,,,,,,,,,,,,,,,,,,,,,,,,,FALSE
11213,avibase-CA34C05A,Falconiformes,Falconidae,Falcons and Caracaras,Falco dickinsoni,Dickinson's Kestrel,,dickes1,avibase-CA34C05A,ebd,FALSE,native,13,1975-06-30,2026-02-19,LC,https://datazone.birdlife.org/species/factsheet/22696410,https://birdsoftheworld.org/bow/species/dickes1/,,,,,,,,,,TRUE,,,,,,,,,,,,,,,FALSE
11227,avibase-9EA1F12D,Falconiformes,Falconidae,Falcons and Caracaras,Falco eleonorae,Eleonora's Falcon,,elefal1,avibase-9EA1F12D,ebd,FALSE,native,80,1984-11-02,2025-11-02,LC,https://datazone.birdlife.org/species/factsheet/22696442,https://birdsoftheworld.org/bow/species/elefal1/,,,,,,,,,,,,TRUE,,,,,,,,,,,,,FALSE
11228,avibase-BD34FDFD,Falconiformes,Falconidae,Falcons and Caracaras,Falco concolor,Sooty Falcon,,soofal1,avibase-BD34FDFD,ebd,FALSE,native,119,1952-03-03,2026-04-06,VU,https://datazone.birdlife.org/species/factsheet/22696446,https://birdsoftheworld.org/bow/species/soofal1/,,,,,,,,,,,,TRUE,,,,,,,,,,,,,FALSE
11229,avibase-F56A73BF,Falconiformes,Falconidae,Falcons and Caracaras,Falco cuvierii,African Hobby,,afrhob1,avibase-F56A73BF,ebd,FALSE,native,392,1952-12-15,2026-06-26,LC,https://datazone.birdlife.org/species/factsheet/22696466,https://birdsoftheworld.org/bow/species/afrhob1/,,,,,,,,,,,,,,,,,,,,,,,,,FALSE
11230,avibase-E91E287A,Falconiformes,Falconidae,Falcons and Caracaras,Falco subbuteo,Eurasian Hobby,,eurhob,avibase-E91E287A,ebd,FALSE,native,1869,1966-03-31,2026-05-09,LC,https://datazone.birdlife.org/species/factsheet/22696460,https://birdsoftheworld.org/bow/species/eurhob/,,,,,,,,,,,,TRUE,,,,,,,,,,,,,FALSE
11238,avibase-6A64EFCB,Falconiformes,Falconidae,Falcons and Caracaras,Falco chicquera,Red-necked Falcon,"The African taxa ruficollis and horsbrughi sometimes are split from Asian nominate Falco chicquera (e.g., del Hoyo & Collar 2014) but the evidentiary basis for a split is considered weak. Differences in plumage are relatively minor and mitochondrial DNA data (Wink & Sauer-Gürth 2000, 2004) are more consistent with subspecies level divergence. Documentation of ecological differences and genomic data might add greater perspective to this proposed split.",renfal1,avibase-529E7777;avibase-6A64EFCB,ebd,FALSE,native,357,1969-07-21,2026-06-26,NE,,https://birdsoftheworld.org/bow/species/renfal1/,,,,,,,,,,,,,,,,,,,,,,,,,FALSE
11244,avibase-9A4AA945,Falconiformes,Falconidae,Falcons and Caracaras,Falco fasciinucha,Taita Falcon,,taifal1,,curated_sensitive_species,TRUE,native,,,,VU,https://datazone.birdlife.org/species/factsheet/22696523,https://birdsoftheworld.org/bow/species/taifal1/,,,,,,,,,,,,,,,,,,,,,,,,,FALSE
11245,avibase-47E58408,Falconiformes,Falconidae,Falcons and Caracaras,Falco peregrinus,Peregrine Falcon,,perfal,avibase-2723EFFC;avibase-47E58408;avibase-A113792C;avibase-E9566F8E,ebd,FALSE,native,1054,1969-07-08,2026-06-24,LC,https://datazone.birdlife.org/species/factsheet/45354964,https://birdsoftheworld.org/bow/species/perfal/,,,,,,,,,,,,TRUE,,,,,,,,,,,,,FALSE
11264,avibase-3D3808E3,Falconiformes,Falconidae,Falcons and Caracaras,Falco biarmicus,Lanner Falcon,,lanfal1,avibase-3D3808E3,ebd,FALSE,native,3384,1969-07-07,2026-06-28,LC,https://datazone.birdlife.org/species/factsheet/22696487,https://birdsoftheworld.org/bow/species/lanfal1/,,,,,,,,,,,,,,,,,,,,,,,,,FALSE
11273,avibase-A9F51494,Falconiformes,Falconidae,Falcons and Caracaras,Falco cherrug,Saker Falcon,,sakfal1,,curated_sensitive_species,TRUE,native,,,,EN,https://datazone.birdlife.org/species/factsheet/22696495,https://birdsoftheworld.org/bow/species/sakfal1/,,,,,,,,,,,,TRUE,,,,,,,,,,,,,FALSE
11358,avibase-A20878F0,Psittaciformes,Psittacidae,African and New World Parrots,Psittacus erithacus,Grey Parrot,"Taxon timneh is treated as a monotypic species separate from Psittacus erithacus (polytypic) based on plumage and genetics. Mitochondrial DNA (Melo & O'Ryan 2007) and genomic data (Smith et al. 2023) support separation of nominate P. timneh, but the placement of subspecies princeps is more controversial. Based on plumage birds on Príncipe align with erithacus, but mtDNA suggest that princeps is better placed with timneh (Melo & O'Ryan 2007). It is possible that both taxa now occur on Príncipe (with erithacus a recent arrival); further research needed.",grepar,avibase-3DE7F2AD;avibase-A20878F0,ebd,FALSE,native,203,1977-06-25,2026-02-20,EN,https://datazone.birdlife.org/species/factsheet/22724813,https://birdsoftheworld.org/bow/species/grepar/,,,,,,,,,,,,,,,,,,,,,,,,,FALSE
11366,avibase-83D329B5,Psittaciformes,Psittacidae,African and New World Parrots,Poicephalus gulielmi,Red-fronted Parrot,,refpar5,avibase-83D329B5;avibase-9C66B09E,ebd,FALSE,native,2666,1971-08-14,2026-06-27,LC,https://datazone.birdlife.org/species/factsheet/22685291,https://birdsoftheworld.org/bow/species/refpar5/,,,,,,,,,,,,,,,,,,,,,,,,,FALSE
11370,avibase-0ECD9D58,Psittaciformes,Psittacidae,African and New World Parrots,Poicephalus meyeri,Meyer's Parrot,,meypar1,avibase-0ECD9D58,ebd,FALSE,native,6464,1952-12-21,2026-06-30,LC,https://datazone.birdlife.org/species/factsheet/22685304,https://birdsoftheworld.org/bow/species/meypar1/,,,,,,,,,,,,,,,,,,,,,,,,,FALSE
11380,avibase-4A039821,Psittaciformes,Psittacidae,African and New World Parrots,Poicephalus cryptoxanthus,Brown-headed Parrot,,brhpar2,avibase-4A039821,ebd,FALSE,native,306,1969-06-15,2026-06-17,LC,https://datazone.birdlife.org/species/factsheet/22685317,https://birdsoftheworld.org/bow/species/brhpar2/,,,,,,,,,,,,,,,,,,,,,,,,,FALSE
11384,avibase-69661C7D,Psittaciformes,Psittacidae,African and New World Parrots,Poicephalus rufiventris,Red-bellied Parrot,,rebpar1,avibase-69661C7D,ebd,FALSE,native,5021,1972-05-26,2026-06-30,LC,https://datazone.birdlife.org/species/factsheet/22685312,https://birdsoftheworld.org/bow/species/rebpar1/,,,,,,,,,,,,,,,,,,,,,,,,,FALSE
11950,avibase-6B1CFC3C,Psittaciformes,Psittaculidae,Old World Parrots,Psittacula krameri,Rose-ringed Parakeet,,rorpar,avibase-6B1CFC3C,ebd,FALSE,naturalized,3,2018-03-10,2018-05-21,LC,https://datazone.birdlife.org/species/factsheet/22685441,https://birdsoftheworld.org/bow/species/rorpar/,,,,,,,,,,,,,,,,,,,,,,,,,FALSE
12112,avibase-1E2EC99C,Psittaciformes,Psittaculidae,Old World Parrots,Agapornis pullarius,Red-headed Lovebird,,rehlov1,avibase-1E2EC99C,ebd,FALSE,native,268,1989-07-12,2026-06-26,LC,https://datazone.birdlife.org/species/factsheet/22685330,https://birdsoftheworld.org/bow/species/rehlov1/,,,,,,,,,,,,,,,,,,,,,,,,,FALSE
12395,avibase-9EE216F9,Passeriformes,Calyptomenidae,African and Green Broadbills,Smithornis capensis,African Broadbill,,afrbro1,avibase-9EE216F9,ebd,FALSE,native,584,1914-12-14,2026-06-11,LC,https://datazone.birdlife.org/species/factsheet/22698707,https://birdsoftheworld.org/bow/species/afrbro1/,,,,,,,,,,,,,,,,,,,,,,,,,FALSE
12487,avibase-373286B2,Passeriformes,Pittidae,Pittas,Pitta angolensis,African Pitta,,afrpit1,avibase-373286B2,ebd,FALSE,native,82,1930-06-01,2024-11-04,LC,https://datazone.birdlife.org/species/factsheet/22698671,https://birdsoftheworld.org/bow/species/afrpit1/,TRUE,,,,,,,,,,,,,,,,,,,,,,,,FALSE
17580,avibase-C7B05F46,Passeriformes,Campephagidae,Cuckooshrikes,Ceblepyris caesius,Grey Cuckooshrike,,grycus1,avibase-C7B05F46,ebd,FALSE,native,1950,1973-04-15,2026-06-26,LC,https://datazone.birdlife.org/species/factsheet/22706543,https://birdsoftheworld.org/bow/species/grycus1/,,,,,,,,,,,,,,,,,,,,,,,,,FALSE
17583,avibase-6E682612,Passeriformes,Campephagidae,Cuckooshrikes,Ceblepyris pectoralis,White-breasted Cuckooshrike,,whbcus2,avibase-6E682612,ebd,FALSE,native,11,1917-02-23,2023-09-23,LC,https://datazone.birdlife.org/species/factsheet/22706538,https://birdsoftheworld.org/bow/species/whbcus2/,,,,,,,,,,TRUE,,,,,,,,,,,,,,,FALSE
17687,avibase-F9031A09,Passeriformes,Campephagidae,Cuckooshrikes,Campephaga flava,Black Cuckooshrike,,blkcus1,avibase-F9031A09,ebd,FALSE,native,6247,1965-10-25,2026-06-30,LC,https://datazone.birdlife.org/species/factsheet/22706695,https://birdsoftheworld.org/bow/species/blkcus1/,,TRUE,,,,,,,,,,,,,,,,,,,,,,,FALSE
17688,avibase-95A02709,Passeriformes,Campephagidae,Cuckooshrikes,Campephaga petiti,Petit's Cuckooshrike,,petcus1,avibase-95A02709,ebd,FALSE,native,1040,1971-07-25,2026-06-29,LC,https://datazone.birdlife.org/species/factsheet/22706690,https://birdsoftheworld.org/bow/species/petcus1/,,,,,,,,,,,,,,,,,,,,,,,,,FALSE
17689,avibase-439F76D1,Passeriformes,Campephagidae,Cuckooshrikes,Campephaga phoenicea,Red-shouldered Cuckooshrike,,rescus1,avibase-439F76D1,ebd,FALSE,native,58,1997-09-26,2026-05-12,LC,https://datazone.birdlife.org/species/factsheet/22706700,https://birdsoftheworld.org/bow/species/rescus1/,,,,,,,,,,,,,,,,,,,,,,,,,FALSE
17690,avibase-37D0D696,Passeriformes,Campephagidae,Cuckooshrikes,Campephaga quiscalina,Purple-throated Cuckooshrike,,putcus1,avibase-37D0D696,ebd,FALSE,native,1560,1971-07-31,2026-06-22,LC,https://datazone.birdlife.org/species/factsheet/22706705,https://birdsoftheworld.org/bow/species/putcus1/,,,,,,,,,,,,,,,,,,,,,,,,,FALSE
17999,avibase-967545BC,Passeriformes,Malaconotidae,Bushshrikes and Allies,Nilaus afer,Brubru,,brubru1,avibase-967545BC,ebd,FALSE,native,8954,1965-10-25,2026-06-30,LC,https://datazone.birdlife.org/species/factsheet/22707451,https://birdsoftheworld.org/bow/species/brubru1/,,,,,,,,,,,,,,,,,,,,,,,,,FALSE
18011,avibase-7DCA1C1E,Passeriformes,Malaconotidae,Bushshrikes and Allies,Bocagia minuta,Marsh Tchagra,"Taxon minuta is retained in the monotypic genus Bocagia based on genetics (Fuchs et al. 2012b) and sexual differences in plumage (Harris & Franklin 2000). Nonetheless, it remains closely aligned with the genus Tchagra.",martch2,avibase-7DCA1C1E;avibase-9FFEA7C6,ebd,FALSE,native,129,1973-10-11,2026-05-09,LC,https://datazone.birdlife.org/species/factsheet/22707482,https://birdsoftheworld.org/bow/species/martch2/,,,,,,,,,,TRUE,,,,,,,,,,,,,,,FALSE
18016,avibase-022798AB,Passeriformes,Malaconotidae,Bushshrikes and Allies,Tchagra senegalus,Black-crowned Tchagra,,bkctch1,avibase-022798AB;avibase-6E5BE71A,ebd,FALSE,native,5415,1963-06-22,2026-06-30,LC,https://datazone.birdlife.org/species/factsheet/22707495,https://birdsoftheworld.org/bow/species/bkctch1/,,,,,,,,,,,,,,,,,,,,,,,,,FALSE
18026,avibase-4F9D43DE,Passeriformes,Malaconotidae,Bushshrikes and Allies,Tchagra australis,Brown-crowned Tchagra,,brctch1,avibase-4F9D43DE,ebd,FALSE,native,6674,1953-02-15,2026-06-30,LC,https://datazone.birdlife.org/species/factsheet/22707505,https://birdsoftheworld.org/bow/species/brctch1/,,,,,,,,,,,,,,,,,,,,,,,,,FALSE
18036,avibase-FA7A6D02,Passeriformes,Malaconotidae,Bushshrikes and Allies,Tchagra jamesi,Three-streaked Tchagra,,thstch1,avibase-FA7A6D02,ebd,FALSE,native,1697,1977-06-28,2026-06-30,LC,https://datazone.birdlife.org/species/factsheet/22707510,https://birdsoftheworld.org/bow/species/thstch1/,,,,,,,,,,,,,,,,,,,,,,,,TRUE,FALSE
18049,avibase-641068BB,Passeriformes,Malaconotidae,Bushshrikes and Allies,Malaconotus blanchoti,Grey-headed Bushshrike,,gyhbus1,avibase-641068BB,ebd,FALSE,native,4423,1969-07-08,2026-06-30,LC,https://datazone.birdlife.org/species/factsheet/22707735,https://birdsoftheworld.org/bow/species/gyhbus1/,,,,,,,,,,,,,,,,,,,,,,,,,FALSE
18062,avibase-7DE7F0ED,Passeriformes,Malaconotidae,Bushshrikes and Allies,Dryoscopus gambensis,Northern Puffback,,norpuf1,avibase-7DE7F0ED,ebd,FALSE,native,2223,1972-07-19,2026-06-28,LC,https://datazone.birdlife.org/species/factsheet/22707455,https://birdsoftheworld.org/bow/species/norpuf1/,,,,,,,,,,,,,,,,,,,,,,,,,FALSE
18068,avibase-706FEEB4,Passeriformes,Malaconotidae,Bushshrikes and Allies,Dryoscopus pringlii,Pringle's Puffback,,pripuf1,avibase-706FEEB4,ebd,FALSE,native,822,1973-02-22,2026-06-23,LC,https://datazone.birdlife.org/species/factsheet/22707459,https://birdsoftheworld.org/bow/species/pripuf1/,,,,,,,,,,,,,,,,,,,,,,,,,FALSE
18069,avibase-00855728,Passeriformes,Malaconotidae,Bushshrikes and Allies,Dryoscopus cubla,Black-backed Puffback,,blbpuf2,avibase-00855728;avibase-3C1E5CFF;avibase-D0F12B80,ebd,FALSE,native,14979,1969-07-10,2026-06-30,LC,https://datazone.birdlife.org/species/factsheet/22707463,https://birdsoftheworld.org/bow/species/blbpuf2/,,,,,,,,,,,,,,,,,,,,,,,,,FALSE
18076,avibase-201E1243,Passeriformes,Malaconotidae,Bushshrikes and Allies,Dryoscopus angolensis,Pink-footed Puffback,,pifpuf1,avibase-201E1243,ebd,FALSE,native,1202,1973-10-10,2026-06-29,LC,https://datazone.birdlife.org/species/factsheet/22707473,https://birdsoftheworld.org/bow/species/pifpuf1/,,,,,,,,,,,,,,,,,,,,,,,,,FALSE
18085,avibase-8B8AC14A,Passeriformes,Malaconotidae,Bushshrikes and Allies,Rhodophoneus cruentus,Rosy-patched Bushshrike,"Taxon cruentus is retained in the monotypic genus Rhodophoneus based on morphology, ecology, and genetics. A combined analysis of nuclear and mitochondrial DNA placed R. cruentus as a divergent sister lineage to a polytypic Telophorus (only nominate zeylonus and dohertyi included) (Fuchs et al. 2012b). Differences in morphology, proportions, and ecology (e.g., Harris & Franklin 2000), are also considered sufficient to warrant generic recognition.",ropbus1,avibase-8B8AC14A,ebd,FALSE,native,6931,1973-02-22,2026-06-30,LC,https://datazone.birdlife.org/species/factsheet/22707623,https://birdsoftheworld.org/bow/species/ropbus1/,,,,,,,,,,,,,,,,,,,,,,,,,FALSE
18096,avibase-ACDC8DEE,Passeriformes,Malaconotidae,Bushshrikes and Allies,Telophorus viridis,Gorgeous Bushshrike,,focbus2,avibase-65EF9CD1;avibase-ACDC8DEE;avibase-EA72BB29,ebd,FALSE,native,780,1938-11-01,2026-06-29,LC,https://datazone.birdlife.org/species/factsheet/103707122,https://birdsoftheworld.org/bow/species/focbus2/,,,,,,,,,,,,,,,,,,,,,,,,,FALSE
18101,avibase-0BC36521,Passeriformes,Malaconotidae,Bushshrikes and Allies,Telophorus dohertyi,Doherty's Bushshrike,,dohbus1,avibase-0BC36521,ebd,FALSE,native,307,1925-07-01,2026-05-30,LC,https://datazone.birdlife.org/species/factsheet/22707701,https://birdsoftheworld.org/bow/species/dohbus1/,,,,,,,,,,,,,,,,,,,,,,,,,FALSE
18103,avibase-EF5EDE6D,Passeriformes,Malaconotidae,Bushshrikes and Allies,Chlorophoneus bocagei,Bocage's Bushshrike,,gygbus1,avibase-EF5EDE6D,ebd,FALSE,native,1535,1973-10-10,2026-06-29,LC,https://datazone.birdlife.org/species/factsheet/22707638,https://birdsoftheworld.org/bow/species/gygbus1/,,,,,,,,,,,,,,,,,,,,,,,,,FALSE
18106,avibase-F3DCCA8F,Passeriformes,Malaconotidae,Bushshrikes and Allies,Chlorophoneus sulfureopectus,Orange-breasted Bushshrike,,subbus1,avibase-F3DCCA8F,ebd,FALSE,native,6171,1969-07-07,2026-06-29,LC,https://datazone.birdlife.org/species/factsheet/22707647,https://birdsoftheworld.org/bow/species/subbus1/,,,,,,,,,,,,,,,,,,,,,,,,,FALSE
18119,avibase-5CE2F0DC,Passeriformes,Malaconotidae,Bushshrikes and Allies,Chlorophoneus nigrifrons,Black-fronted Bushshrike,,blfbus1,avibase-5CE2F0DC,ebd,FALSE,native,1063,1925-07-01,2026-06-19,LC,https://datazone.birdlife.org/species/factsheet/22707672,https://birdsoftheworld.org/bow/species/blfbus1/,,,,,,,,,,,,,,,,,,,,,,,,,FALSE
18125,avibase-C59DFD44,Passeriformes,Malaconotidae,Bushshrikes and Allies,Laniarius ruficeps,Red-naped Bushshrike,,renbus1,avibase-C59DFD44,ebd,FALSE,native,464,1984-03-12,2026-06-30,LC,https://datazone.birdlife.org/species/factsheet/22707518,https://birdsoftheworld.org/bow/species/renbus1/,,,,,,,,,,,,,,,,,,,,,,,,,FALSE
18129,avibase-E7DC526A,Passeriformes,Malaconotidae,Bushshrikes and Allies,Laniarius nigerrimus,Black Boubou,,sombou1,avibase-E7DC526A,ebd,FALSE,native,64,2015-09-27,2026-06-05,LC,https://datazone.birdlife.org/species/factsheet/22735536,https://birdsoftheworld.org/bow/species/sombou1/,,,,,,,,,,,,,,,,,,,,,,,,,FALSE
18130,avibase-5AF20251,Passeriformes,Malaconotidae,Bushshrikes and Allies,Laniarius luehderi,Lühder's Bushshrike,,luebus1,avibase-5AF20251,ebd,FALSE,native,2195,1969-09-03,2026-06-28,LC,https://datazone.birdlife.org/species/factsheet/22707524,https://birdsoftheworld.org/bow/species/luebus1/,,,,,,,,,,,,,,,,,,,,,,,,,FALSE
18134,avibase-EBC3B53B,Passeriformes,Malaconotidae,Bushshrikes and Allies,Laniarius aethiopicus,Ethiopian Boubou,Laniarius major (polytypic) is provisionally split from L. aethiopicus (monotypic) based on available mitochondrial DNA evidence (Nguembock et al. 2008). Broader geographic and genetic sampling is needed to determine species limits in these groups.,trobou2,avibase-EBC3B53B,ebd,FALSE,native,2,2023-05-01,2023-05-01,NE,,https://birdsoftheworld.org/bow/species/trobou2/,,,,,,,,,,,,,,,,,,,,,,,,,FALSE
18135,avibase-07F940AA,Passeriformes,Malaconotidae,Bushshrikes and Allies,Laniarius major,Tropical Boubou,Laniarius major (polytypic) is provisionally split from L. aethiopicus (monotypic) based on available mitochondrial DNA evidence (Nguembock et al. 2008). Broader geographic and genetic sampling is needed to determine species limits in these groups.,trobou1,avibase-07F940AA,ebd,FALSE,native,21311,1965-10-25,2026-06-30,NE,,https://birdsoftheworld.org/bow/species/trobou1/,,,,,,,,,,,,,,,,,,,,,,,,,FALSE
18140,avibase-0133C47B,Passeriformes,Malaconotidae,Bushshrikes and Allies,Laniarius sublacteus,East Coast Boubou,,zanbou1,avibase-0133C47B,ebd,FALSE,native,3844,1972-04-04,2026-06-30,LC,https://datazone.birdlife.org/species/factsheet/22735541,https://birdsoftheworld.org/bow/species/zanbou1/,,,,,,,,,,,,,,,,,,,,,,,,,FALSE
18155,avibase-5E822C9C,Passeriformes,Malaconotidae,Bushshrikes and Allies,Laniarius erythrogaster,Black-headed Gonolek,,blhgon1,avibase-5E822C9C,ebd,FALSE,native,2529,1971-08-21,2026-06-28,LC,https://datazone.birdlife.org/species/factsheet/22707580,https://birdsoftheworld.org/bow/species/blhgon1/,,,,,,,,,,,,,,,,,,,,,,,,,FALSE
18157,avibase-1E5D636D,Passeriformes,Malaconotidae,Bushshrikes and Allies,Laniarius mufumbiri,Papyrus Gonolek,,papgon1,avibase-1E5D636D,ebd,FALSE,native,509,1973-10-11,2026-05-09,NT,https://datazone.birdlife.org/species/factsheet/22707593,https://birdsoftheworld.org/bow/species/papgon1/,,,,,,,,,,,,,,,,,,,,,,,,,FALSE
18159,avibase-0868B50D,Passeriformes,Malaconotidae,Bushshrikes and Allies,Laniarius funebris,Slate-colored Boubou,,slcbou1,avibase-0868B50D,ebd,FALSE,native,20218,1965-10-25,2026-06-30,LC,https://datazone.birdlife.org/species/factsheet/22707601,https://birdsoftheworld.org/bow/species/slcbou1/,,,,,,,,,,,,,,,,,,,,,,,,,FALSE
18160,avibase-3402C9BB,Passeriformes,Malaconotidae,Bushshrikes and Allies,Laniarius leucorhynchus,Lowland Sooty Boubou,,soobou1,avibase-3402C9BB,ebd,FALSE,native,1,1931-04-15,1931-04-15,LC,https://datazone.birdlife.org/species/factsheet/22707606,https://birdsoftheworld.org/bow/species/soobou1/,,,,TRUE,TRUE,,,,,,,,,,,,,,,,,,,,FALSE
18173,avibase-8D562259,Passeriformes,Platysteiridae,Wattle-eyes and Batises,Dyaphorophyia castanea,Chestnut Wattle-eye,,chweye1,avibase-8D562259,ebd,FALSE,native,727,1971-07-25,2026-06-28,LC,https://datazone.birdlife.org/species/factsheet/103704564,https://birdsoftheworld.org/bow/species/chweye1/,,,,,,,,,,,,,,,,,,,,,,,,,FALSE
18177,avibase-E15225F1,Passeriformes,Platysteiridae,Wattle-eyes and Batises,Platysteira cyanea,Brown-throated Wattle-eye,,btweye2,avibase-E15225F1,ebd,FALSE,native,3721,1973-09-22,2026-06-30,LC,https://datazone.birdlife.org/species/factsheet/22707924,https://birdsoftheworld.org/bow/species/btweye2/,,,,,,,,,,,,,,,,,,,,,,,,,FALSE
18182,avibase-16935B44,Passeriformes,Platysteiridae,Wattle-eyes and Batises,Platysteira peltata,Black-throated Wattle-eye,,btweye1,avibase-16935B44,ebd,FALSE,native,1558,1953-04-04,2026-06-22,LC,https://datazone.birdlife.org/species/factsheet/22707938,https://birdsoftheworld.org/bow/species/btweye1/,,,,,,,,,,,,,,,,,,,,,,,,,FALSE
18189,avibase-7DC78D7A,Passeriformes,Platysteiridae,Wattle-eyes and Batises,Platysteira jamesoni,Jameson's Wattle-eye,,jaweye1,avibase-7DC78D7A,ebd,FALSE,native,1059,1973-10-10,2026-06-29,LC,https://datazone.birdlife.org/species/factsheet/22707975,https://birdsoftheworld.org/bow/species/jaweye1/,,,,,,,,,,,,,,,,,,,,,,,,,FALSE
18190,avibase-3B66D504,Passeriformes,Platysteiridae,Wattle-eyes and Batises,Platysteira concreta,Yellow-bellied Wattle-eye,"Taxon ansorgei is retained as a subspecies of Platysteira concreta pending further investigation. Considerable variation in plumage (Harris & Franklin 2000) occurs within P. concreta sensu lato, but a more comprehensive analysis of behavior and vocalizations is required. While mitochondrial DNA analyses have identified some deep divergences within the complex (Njabo et al. 2008; Fuchs et al. 2004; Erard et al. 2019), taxon sampling is incomplete, making any splits premature.",ybweye1,avibase-3B66D504;avibase-CB278C60,ebd,FALSE,native,508,1973-10-10,2026-06-29,NE,,https://birdsoftheworld.org/bow/species/ybweye1/,,,,,,,,,,,,,,,,,,,,,,,,,FALSE
18199,avibase-D91540DE,Passeriformes,Platysteiridae,Wattle-eyes and Batises,Batis mixta,Short-tailed Batis,Taxon reichenowi is retained as a subspecies of Batis mixta based on genetic evidence and reassessment of plumages following Fjeldså et al. (2006). Plumages within this complex are variable and mitochondrial DNA data showed reichenowi nested within B. mixta; genomic and vocal evidence would be needed to justify a split.,shtbat1,avibase-CDC8A3E6;avibase-D91540DE,ebd,FALSE,native,1143,1973-03-01,2026-06-29,NE,,https://birdsoftheworld.org/bow/species/shtbat1/,,,,,,,,,,,,,,,,,,,,,,,,,FALSE
18213,avibase-C5C38D98,Passeriformes,Platysteiridae,Wattle-eyes and Batises,Batis molitor,Chinspot Batis,,chibat1,avibase-C5C38D98,ebd,FALSE,native,15787,1965-10-25,2026-06-30,LC,https://datazone.birdlife.org/species/factsheet/22707864,https://birdsoftheworld.org/bow/species/chibat1/,,,,,,,,,,,,,,,,,,,,,,,,,FALSE
18218,avibase-5A58B69A,Passeriformes,Platysteiridae,Wattle-eyes and Batises,Batis soror,Pale Batis,,palbat1,avibase-5A58B69A,ebd,FALSE,native,1355,1973-10-02,2026-06-29,LC,https://datazone.birdlife.org/species/factsheet/22707868,https://birdsoftheworld.org/bow/species/palbat1/,,,,,,,,,,,,,,,,,,,,,,,,,FALSE
18223,avibase-A6DFFC15,Passeriformes,Platysteiridae,Wattle-eyes and Batises,Batis orientalis,Grey-headed Batis,,gyhbat1,avibase-A6DFFC15,ebd,FALSE,native,5,1910-10-24,2023-05-01,LC,https://datazone.birdlife.org/species/factsheet/22707881,https://birdsoftheworld.org/bow/species/gyhbat1/,,,,,TRUE,,,,,,,,,TRUE,,,,,,,,,,,FALSE
18227,avibase-DF7C8FC5,Passeriformes,Platysteiridae,Wattle-eyes and Batises,Batis erlangeri,Western Black-headed Batis,,bkhbat1,avibase-DF7C8FC5,ebd,FALSE,native,370,1984-04-21,2026-06-26,LC,https://datazone.birdlife.org/species/factsheet/22734102,https://birdsoftheworld.org/bow/species/bkhbat1/,,,,,,,,,,,,,,,,,,,,,,,,,FALSE
18230,avibase-90D0D245,Passeriformes,Platysteiridae,Wattle-eyes and Batises,Batis minor,Eastern Black-headed Batis,,bkhbat2,avibase-90D0D245,ebd,FALSE,native,1106,1973-10-02,2026-06-10,LC,https://datazone.birdlife.org/species/factsheet/22725117,https://birdsoftheworld.org/bow/species/bkhbat2/,,,,,,,,,,,,,,,,,,,,,,,,,FALSE
18233,avibase-5C9DDB02,Passeriformes,Platysteiridae,Wattle-eyes and Batises,Batis perkeo,Pygmy Batis,,pygbat1,avibase-5C9DDB02,ebd,FALSE,native,3627,1970-08-09,2026-06-30,LC,https://datazone.birdlife.org/species/factsheet/22707897,https://birdsoftheworld.org/bow/species/pygbat1/,,,,,,,,,,,,,,,,,,,,,,,,,FALSE
18248,avibase-3996ECD0,Passeriformes,Vangidae,"Vangas, Helmetshrikes, and Allies",Prionops plumatus,White-crested Helmetshrike,,whihel1,avibase-3996ECD0;avibase-7FEAEF5D,ebd,FALSE,native,2245,1969-07-21,2026-06-30,LC,https://datazone.birdlife.org/species/factsheet/22707753,https://birdsoftheworld.org/bow/species/whihel1/,,TRUE,,,,,,,,,,,,,,,,,,,,,,,FALSE
18255,avibase-1F2F7323,Passeriformes,Vangidae,"Vangas, Helmetshrikes, and Allies",Prionops poliolophus,Grey-crested Helmetshrike,,gychel1,avibase-1F2F7323,ebd,FALSE,native,621,1977-03-20,2026-06-01,LC,https://datazone.birdlife.org/species/factsheet/22707760,https://birdsoftheworld.org/bow/species/gychel1/,,,,,,,,,,,,,,,,,,,,,,,,,FALSE
18263,avibase-5B9EA71C,Passeriformes,Vangidae,"Vangas, Helmetshrikes, and Allies",Prionops retzii,Retz's Helmetshrike,,rethel1,avibase-5B9EA71C,ebd,FALSE,native,1210,1966-01-29,2026-06-24,LC,https://datazone.birdlife.org/species/factsheet/22707788,https://birdsoftheworld.org/bow/species/rethel1/,,,,,,,,,,,,,,,,,,,,,,,,,FALSE
18269,avibase-E27EEDC5,Passeriformes,Vangidae,"Vangas, Helmetshrikes, and Allies",Prionops scopifrons,Chestnut-fronted Helmetshrike,,chfhel1,avibase-E27EEDC5,ebd,FALSE,native,2279,1915-03-16,2026-06-29,LC,https://datazone.birdlife.org/species/factsheet/22707801,https://birdsoftheworld.org/bow/species/chfhel1/,,,,,,,,,,,,,,,,,,,,,,,,TRUE,FALSE
18274,avibase-18A968DB,Passeriformes,Vangidae,"Vangas, Helmetshrikes, and Allies",Megabyas flammulatus,African Shrike-flycatcher,,afrshf1,avibase-18A968DB,ebd,FALSE,native,627,1973-10-10,2026-06-28,LC,https://datazone.birdlife.org/species/factsheet/22707807,https://birdsoftheworld.org/bow/species/afrshf1/,,,,,,,,,,,,,,,,,,,,,,,,,FALSE
18278,avibase-F1A4B955,Passeriformes,Vangidae,"Vangas, Helmetshrikes, and Allies",Bias musicus,Black-and-white Shrike-flycatcher,,bawfly1,avibase-F1A4B955,ebd,FALSE,native,54,1920-12-26,2026-02-01,LC,https://datazone.birdlife.org/species/factsheet/22707816,https://birdsoftheworld.org/bow/species/bawfly1/,,,,,,,,,,,,,,,,,,,,,,,,,FALSE
18769,avibase-4321596C,Passeriformes,Oriolidae,Old World Orioles,Oriolus chlorocephalus,Green-headed Oriole,,grhori1,avibase-4321596C;avibase-C11F1C12,ebd,FALSE,native,294,1973-03-02,2026-06-21,LC,https://datazone.birdlife.org/species/factsheet/22706400,https://birdsoftheworld.org/bow/species/grhori1/,,,,,,,,,,,,,,,,,,,,,,,,,FALSE
18774,avibase-418C7CCB,Passeriformes,Oriolidae,Old World Orioles,Oriolus brachyrynchus,Western Oriole,,wbhori1,avibase-418C7CCB,ebd,FALSE,native,946,1973-10-10,2026-06-29,LC,https://datazone.birdlife.org/species/factsheet/22706410,https://birdsoftheworld.org/bow/species/wbhori1/,,,,,,,,,,,,,,,,,,,,,,,,,FALSE
18780,avibase-BE62734A,Passeriformes,Oriolidae,Old World Orioles,Oriolus larvatus,Black-headed Oriole,,abhori1,avibase-BE62734A,ebd,FALSE,native,15336,1965-10-25,2026-06-30,LC,https://datazone.birdlife.org/species/factsheet/22706421,https://birdsoftheworld.org/bow/species/abhori1/,,,,,,,,,,,,,,,,,,,,,,,,,FALSE
18787,avibase-95A2F6E7,Passeriformes,Oriolidae,Old World Orioles,Oriolus percivali,Mountain Oriole,,bltori1,avibase-95A2F6E7,ebd,FALSE,native,2494,1969-09-08,2026-06-22,LC,https://datazone.birdlife.org/species/factsheet/22706427,https://birdsoftheworld.org/bow/species/bltori1/,,,,,,,,,,,,,,,,,,,,,,,,,FALSE
18788,avibase-D4866EAE,Passeriformes,Oriolidae,Old World Orioles,Oriolus auratus,African Golden Oriole,,afgori2,avibase-D4866EAE,ebd,FALSE,native,1309,1953-03-12,2026-06-29,LC,https://datazone.birdlife.org/species/factsheet/22706389,https://birdsoftheworld.org/bow/species/afgori2/,TRUE,,,,,,,,,,,,,,,,,,,,,,,,FALSE
18792,avibase-92A772BB,Passeriformes,Oriolidae,Old World Orioles,Oriolus oriolus,Eurasian Golden Oriole,,eugori2,avibase-92A772BB,ebd,FALSE,native,2709,1965-10-25,2026-05-09,LC,https://datazone.birdlife.org/species/factsheet/103692938,https://birdsoftheworld.org/bow/species/eugori2/,,,,,,,,,,,,TRUE,,,,,,,,,,,,,FALSE
19296,avibase-E79026DE,Passeriformes,Dicruridae,Drongos,Dicrurus ludwigii,Square-tailed Drongo,,cstdro1,avibase-E79026DE,ebd,FALSE,native,31,1975-07-13,2026-06-21,LC,https://datazone.birdlife.org/species/factsheet/229728866,https://birdsoftheworld.org/bow/species/cstdro1/,,,,,,,,,,,,,,,,,,,,,,,,,FALSE
19302,avibase-84249EE3,Passeriformes,Dicruridae,Drongos,Dicrurus sharpei,Sharpe's Drongo,"Taxon sharpei (polytypic, including occidentalis) is treated as a species separate from Dicrurus ludwigii based on analysis of plumage, proportions, and vocalizations (Fishpool et al. 2021), and genetics. Mitochondrial DNA data (Fuchs et al. 2017b, 2018b) do not recover D. ludwigii sensu lato as monophyletic, with sharpei being more closely aligned to D. atripennis. Although a relatively deep mtDNA divergence separates sharpei and occidentalis (Fuchs et al. 2018b) they are treated as conspecific pending further research.",shadro2,avibase-1EA13EB3;avibase-84249EE3,ebd,FALSE,native,1865,1973-10-10,2026-06-28,LC,https://datazone.birdlife.org/species/factsheet/229725407,https://birdsoftheworld.org/bow/species/shadro2/,,,,,,,,,,,,,,,,,,,,,,,,,FALSE
19325,avibase-11FE7313,Passeriformes,Dicruridae,Drongos,Dicrurus adsimilis,Fork-tailed Drongo,"Taxon divaricatus (polytypic, including lugubris) is treated as conspecific with Dicrurus adsimilis based on available evidence. Phenotypic differences are not pronounced (shade of plumage gloss, and length of wing and tail fork), and nuclear DNA data (Fuchs et al. 2018a) recover them as monophyletic. Earlier suggestions of non-monophyly based on a short section of mitochondrial DNA (Fuchs et al. 2017b) appear to be the result of mitochondrial DNA capture in divaricatus west of Lake Chad.",fotdro5,avibase-11FE7313;avibase-7763FEC8;avibase-BA56C8FC,ebd,FALSE,native,41542,1965-10-25,2026-06-30,LC,https://datazone.birdlife.org/species/factsheet/103710902,https://birdsoftheworld.org/bow/species/fotdro5/,,,,,,,,,,,,,,,,,,,,,,,,,FALSE
19341,avibase-5DEB4565,Passeriformes,Dicruridae,Drongos,Dicrurus modestus,Velvet-mantled Drongo,"Although sometimes treated as a monotypic species, taxon atactus is treated as a subspecies of Dicrurus modestus (polytypic) based on evidence of intergradation between subspecies atactus and coracinus. Genetic evidence is contradictory; although mitochondrial DNA data suggest non-monophyly of D. modestus sensu lato (Fuchs et al. 2017b, 2018a), this is not supported by nuclear DNA data (Fuchs et al. 2018a); further research investigating levels of gene flow would be informative.",vemdro6,avibase-5DEB4565,ebd,FALSE,native,26,1980-10-05,2026-05-09,LC,https://datazone.birdlife.org/species/factsheet/103710940,https://birdsoftheworld.org/bow/species/vemdro6/,,,,TRUE,,,,,,TRUE,,,,,,,,,,,,,,,FALSE
19355,avibase-15F017B7,Passeriformes,Monarchidae,"Monarch Flycatchers, Paradise Flycatchers, and Shrikebills",Trochocercus cyanomelas,Blue-mantled Crested Flycatcher,"Taxon bivittatus (polytypic, including vivax and megalolophus) is treated as conspecific with Trochocercus cyanomelas based on available evidence. As divergence in plumage traits and multilocus DNA data (Andersen et al. 2015b) are considered borderline, and vocal differences have not been identified, bivittatus and cyanomelas are best treated as conspecific pending further research.",afcfly1,avibase-15F017B7;avibase-BDEB541C,ebd,FALSE,native,964,1965-02-01,2026-06-30,NE,,https://birdsoftheworld.org/bow/species/afcfly1/,,,,,,,,,,,,,,,,,,,,,,,,,FALSE
19434,avibase-0EDEEB49,Passeriformes,Monarchidae,"Monarch Flycatchers, Paradise Flycatchers, and Shrikebills",Terpsiphone rufiventer,Red-bellied Paradise Flycatcher,"Taxon smithii is treated as a subspecies of Terpsiphone rufiventer based on available evidence. Mitochondrial-dominated DNA data (Andersen et al. 2015b) recovered smithii embedded within rufiventer and differences in plumage are no more pronounced than some other subspecies in this complex. A comprehensive genomic review, supported by phenotypic and vocal data, is needed to determine species limits in this complex.",bhpfly1,avibase-0EDEEB49;avibase-A96F1467,ebd,FALSE,native,40,1977-06-25,2024-06-18,LC,https://datazone.birdlife.org/species/factsheet/22731073,https://birdsoftheworld.org/bow/species/bhpfly1/,,,,TRUE,,,,,,TRUE,,,,,,,,,,,,,,,FALSE
19447,avibase-75AAC17B,Passeriformes,Monarchidae,"Monarch Flycatchers, Paradise Flycatchers, and Shrikebills",Terpsiphone viridis,African Paradise Flycatcher,,afpfly1,avibase-75AAC17B,ebd,FALSE,native,27538,1965-10-25,2026-06-30,LC,https://datazone.birdlife.org/species/factsheet/22707108,https://birdsoftheworld.org/bow/species/afpfly1/,,TRUE,,,,,,,,,,,,,,,,,,,,,,,FALSE
19804,avibase-E44FAD6F,Passeriformes,Laniidae,Shrikes,Corvinella corvina,Yellow-billed Shrike,,yebshr1,avibase-E44FAD6F,ebd,FALSE,native,170,1890-01-27,2026-05-11,LC,https://datazone.birdlife.org/species/factsheet/22705103,https://birdsoftheworld.org/bow/species/yebshr1/,,,,,,,,,,,,,,,,,,,,,,,,,FALSE
19809,avibase-56A7F384,Passeriformes,Laniidae,Shrikes,Urolestes melanoleucus,Magpie Shrike,,magshr1,avibase-56A7F384,ebd,FALSE,native,976,1973-07-25,2026-06-27,LC,https://datazone.birdlife.org/species/factsheet/22705107,https://birdsoftheworld.org/bow/species/magshr1/,,,,,,,,,,,,,,,,,,,,,,,,,FALSE
19814,avibase-836EDA33,Passeriformes,Laniidae,Shrikes,Lanius cabanisi,Long-tailed Fiscal,,lotfis1,avibase-836EDA33,ebd,FALSE,native,11440,1969-07-12,2026-06-30,LC,https://datazone.birdlife.org/species/factsheet/22705057,https://birdsoftheworld.org/bow/species/lotfis1/,,,,,,,,,,,,,,,,,,,,,,,,,FALSE
19815,avibase-02B6A30C,Passeriformes,Laniidae,Shrikes,Lanius excubitoroides,Grey-backed Fiscal,,gybfis1,avibase-02B6A30C,ebd,FALSE,native,10728,1969-07-08,2026-06-30,LC,https://datazone.birdlife.org/species/factsheet/22705053,https://birdsoftheworld.org/bow/species/gybfis1/,,,,,,,,,,,,,,,,,,,,,,,,,FALSE
19819,avibase-64772F0F,Passeriformes,Laniidae,Shrikes,Lanius dorsalis,Taita Fiscal,,taifis1,avibase-64772F0F,ebd,FALSE,native,8624,1969-07-12,2026-06-30,LC,https://datazone.birdlife.org/species/factsheet/22705061,https://birdsoftheworld.org/bow/species/taifis1/,,,,,,,,,,,,,,,,,,,,,,,,,FALSE
19820,avibase-F7932185,Passeriformes,Laniidae,Shrikes,Lanius somalicus,Somali Fiscal,,somfis1,avibase-F7932185,ebd,FALSE,native,337,1973-08-26,2026-05-27,LC,https://datazone.birdlife.org/species/factsheet/22705066,https://birdsoftheworld.org/bow/species/somfis1/,,,,,,,,,,,,,,,,,,,,,,,,,FALSE
19851,avibase-E90CC64A,Passeriformes,Laniidae,Shrikes,Lanius nubicus,Masked Shrike,,masshr1,avibase-E90CC64A,ebd,FALSE,native,9,1984-01-15,2017-03-02,LC,https://datazone.birdlife.org/species/factsheet/22705099,https://birdsoftheworld.org/bow/species/masshr1/,,,,,,,,,,TRUE,,,,,,,,,,,TRUE,,,,FALSE
19852,avibase-8852337B,Passeriformes,Laniidae,Shrikes,Lanius minor,Lesser Grey Shrike,,legshr2,avibase-8852337B,ebd,FALSE,native,1407,1961-04-05,2026-05-12,LC,https://datazone.birdlife.org/species/factsheet/22705038,https://birdsoftheworld.org/bow/species/legshr2/,,,,,,,,,,,,TRUE,,,,,,,,,,,,,FALSE
19853,avibase-7E70D490,Passeriformes,Laniidae,Shrikes,Lanius senator,Woodchat Shrike,,wooshr1,avibase-6EC04B48;avibase-7E70D490,ebd,FALSE,native,39,1984-01-15,2026-03-18,NT,https://datazone.birdlife.org/species/factsheet/22705095,https://birdsoftheworld.org/bow/species/wooshr1/,,,,,,,,,,,,TRUE,,,,,,,,,,,,,FALSE
19858,avibase-72387112,Passeriformes,Laniidae,Shrikes,Lanius mackinnoni,Mackinnon's Shrike,,macshr1,avibase-72387112,ebd,FALSE,native,1802,1971-01-04,2026-06-27,LC,https://datazone.birdlife.org/species/factsheet/22705070,https://birdsoftheworld.org/bow/species/macshr1/,,,,,,,,,,,,,,,,,,,,,,,,,FALSE
19860,avibase-5792867A,Passeriformes,Laniidae,Shrikes,Lanius humeralis,Northern Fiscal,"Taxon humeralis (polytypic, including smithii and capelli) is split from Lanius collaris (polytypic) based on genetics. Mitochondrial DNA data (Fuchs et al. 2011, 2019) identified a deep divergence between the northern humeralis group and the southern collaris group. Furthermore, L. collaris sensu lato was not recovered as monophyletic, with L. souzae embedded within the complex. A more comprehensive review incorporating vocal, morphological, and genomic data is needed.",norfis1,avibase-5792867A,ebd,FALSE,native,24210,1965-10-25,2026-06-30,NE,,https://birdsoftheworld.org/bow/species/norfis1/,,,,,,,,,,,,,,,,,,,,,,,,,FALSE
19881,avibase-97166F72,Passeriformes,Laniidae,Shrikes,Lanius isabellinus,Isabelline Shrike,,isashr1,avibase-97166F72;avibase-E40C1C33,ebd,FALSE,native,2967,1976-02-24,2026-05-13,LC,https://datazone.birdlife.org/species/factsheet/103718693,https://birdsoftheworld.org/bow/species/isashr1/,,,,,,,,,,,,TRUE,,,,,,,,,,,,,FALSE
19885,avibase-F2CEFD1A,Passeriformes,Laniidae,Shrikes,Lanius collurio,Red-backed Shrike,,rebshr1,avibase-F2CEFD1A,ebd,FALSE,native,3952,1961-04-02,2026-05-23,LC,https://datazone.birdlife.org/species/factsheet/22705001,https://birdsoftheworld.org/bow/species/rebshr1/,,,,,,,,,,,,TRUE,,,,,,,,,,,,,FALSE
19886,avibase-EE7915A2,Passeriformes,Laniidae,Shrikes,Lanius phoenicuroides,Red-tailed Shrike,,rutshr2,avibase-EE7915A2,ebd,FALSE,native,2900,1973-02-28,2026-05-16,LC,https://datazone.birdlife.org/species/factsheet/103718714,https://birdsoftheworld.org/bow/species/rutshr2/,,,,,,,,,,,,TRUE,,,,,,,,,,,,,FALSE
19913,avibase-866D07A0,Passeriformes,Laniidae,Shrikes,Eurocephalus ruppelli,Northern White-crowned Shrike,,whrshr1,avibase-866D07A0,ebd,FALSE,native,16109,1965-10-25,2026-06-30,LC,https://datazone.birdlife.org/species/factsheet/22705114,https://birdsoftheworld.org/bow/species/whrshr1/,,,,,,,,,,,,,,,,,,,,,,,,,FALSE
20208,avibase-4C35510F,Passeriformes,Corvidae,"Crows, Jays, and Magpies",Ptilostomus afer,Piapiac,,piapia1,avibase-4C35510F,ebd,FALSE,native,113,1971-04-16,2026-05-09,LC,https://datazone.birdlife.org/species/factsheet/22705925,https://birdsoftheworld.org/bow/species/piapia1/,,,,,,,,,,,,,,,,,,,,,,,,,FALSE
20245,avibase-562E17AB,Passeriformes,Corvidae,"Crows, Jays, and Magpies",Corvus capensis,Cape Crow,,capcro2,avibase-562E17AB,ebd,FALSE,native,4732,1966-10-01,2026-06-26,LC,https://datazone.birdlife.org/species/factsheet/22705978,https://birdsoftheworld.org/bow/species/capcro2/,,,,,,,,,,,,,,,,,,,,,,,,,FALSE
20252,avibase-EA326EA2,Passeriformes,Corvidae,"Crows, Jays, and Magpies",Corvus albicollis,White-necked Raven,,whnrav1,avibase-EA326EA2,ebd,FALSE,native,1297,1961-04-05,2026-06-26,LC,https://datazone.birdlife.org/species/factsheet/22706077,https://birdsoftheworld.org/bow/species/whnrav1/,,,,,,,,,,,,,,,,,,,,,,,,,FALSE
20255,avibase-34D538E1,Passeriformes,Corvidae,"Crows, Jays, and Magpies",Corvus albus,Pied Crow,,piecro1,avibase-34D538E1,ebd,FALSE,native,33771,1962-07-14,2026-06-30,LC,https://datazone.birdlife.org/species/factsheet/22735894,https://birdsoftheworld.org/bow/species/piecro1/,,,,,,,,,,,,,,,,,,,,,,,,,FALSE
20256,avibase-9DBAAB1D,Passeriformes,Corvidae,"Crows, Jays, and Magpies",Corvus edithae,Somali Crow,,somcro2,avibase-9DBAAB1D,ebd,FALSE,native,501,1973-08-26,2026-06-27,LC,https://datazone.birdlife.org/species/factsheet/22732286,https://birdsoftheworld.org/bow/species/somcro2/,,,,,,,,,,,,,,,,,,,,,,,,,FALSE
20258,avibase-32C216E2,Passeriformes,Corvidae,"Crows, Jays, and Magpies",Corvus rhipidurus,Fan-tailed Raven,,fatrav1,avibase-32C216E2,ebd,FALSE,native,4695,1969-07-21,2026-06-30,LC,https://datazone.birdlife.org/species/factsheet/22706073,https://birdsoftheworld.org/bow/species/fatrav1/,,,,,,,,,,,,,,,,,,,,,,,,,FALSE
20288,avibase-39868903,Passeriformes,Corvidae,"Crows, Jays, and Magpies",Corvus splendens,House Crow,,houcro1,avibase-39868903,ebd,FALSE,naturalized,7267,1966-04-03,2026-06-30,LC,https://datazone.birdlife.org/species/factsheet/22705938,https://birdsoftheworld.org/bow/species/houcro1/,,,,,,,,,,,,,,,,,,,,,,,,,FALSE
20607,avibase-56209052,Passeriformes,Stenostiridae,Fairy Flycatchers,Elminia longicauda,African Blue Flycatcher,,afbfly1,avibase-56209052,ebd,FALSE,native,4435,1971-04-04,2026-06-30,LC,https://datazone.birdlife.org/species/factsheet/22707021,https://birdsoftheworld.org/bow/species/afbfly1/,,,,,,,,,,,,,,,,,,,,,,,,,FALSE
20611,avibase-B01090EF,Passeriformes,Stenostiridae,Fairy Flycatchers,Elminia nigromitrata,Dusky Crested Flycatcher,,ducfly1,avibase-B01090EF,ebd,FALSE,native,415,1973-10-10,2026-06-29,LC,https://datazone.birdlife.org/species/factsheet/22707034,https://birdsoftheworld.org/bow/species/ducfly1/,,,,,,,,,,,,,,,,,,,,,,,,,FALSE
20617,avibase-18ED7458,Passeriformes,Stenostiridae,Fairy Flycatchers,Elminia albonotata,White-tailed Crested Flycatcher,,wtcfly1,avibase-18ED7458,ebd,FALSE,native,1091,1969-09-08,2026-06-19,LC,https://datazone.birdlife.org/species/factsheet/22707052,https://birdsoftheworld.org/bow/species/wtcfly1/,,,,,,,,,,,,,,,,,,,,,,,,,FALSE
20623,avibase-0F82D614,Passeriformes,Hyliotidae,Hyliotas,Hyliota flavigaster,Yellow-bellied Hyliota,,yebhyl1,avibase-0F82D614,ebd,FALSE,native,126,1900-06-10,2026-05-25,LC,https://datazone.birdlife.org/species/factsheet/22715462,https://birdsoftheworld.org/bow/species/yebhyl1/,,,,,,,,,,,,,,,,,,,,,,,,,FALSE
20626,avibase-F840409E,Passeriformes,Hyliotidae,Hyliotas,Hyliota australis,Southern Hyliota,,souhyl1,avibase-F840409E,ebd,FALSE,native,405,1975-07-26,2026-06-22,LC,https://datazone.birdlife.org/species/factsheet/22715466,https://birdsoftheworld.org/bow/species/souhyl1/,,,,,,,,,,,,,,,,,,,,,,,,,FALSE
20660,avibase-6F967270,Passeriformes,Remizidae,Penduline Tits,Anthoscopus musculus,Mouse-colored Penduline Tit,,mcptit1,avibase-6F967270,ebd,FALSE,native,1704,1969-08-01,2026-06-24,LC,https://datazone.birdlife.org/species/factsheet/22711653,https://birdsoftheworld.org/bow/species/mcptit1/,,,,,,,,,,,,,,,,,,,,,,,,,FALSE
20666,avibase-F44BD4BE,Passeriformes,Remizidae,Penduline Tits,Anthoscopus caroli,Grey Penduline Tit,"Taxon sylviella (polytypic) is treated as conspecific with Anthoscopus caroli pending further research. Plumage differences within this complex are variable, vocalizations incompletely studied, and distributions uncertain. Reports of intergrades also need to be assessed (White 1963).",afptit1,avibase-6E9DA935;avibase-7FEB60C6;avibase-F44BD4BE,ebd,FALSE,native,298,1912-08-26,2026-06-28,NE,,https://birdsoftheworld.org/bow/species/afptit1/,,,,,,,,,,,,,,,,,,,,,,,,,FALSE
20785,avibase-5C70AA7D,Passeriformes,Paridae,"Tits, Chickadees, and Titmice",Melaniparus guineensis,White-shouldered Black Tit,,whsblt1,avibase-5C70AA7D,ebd,FALSE,native,8,1890-03-01,1989-12-23,LC,https://datazone.birdlife.org/species/factsheet/22711820,https://birdsoftheworld.org/bow/species/whsblt1/,,,,,,,,,,,,,,,,,,,,,,,,,FALSE
20795,avibase-C8880D28,Passeriformes,Paridae,"Tits, Chickadees, and Titmice",Melaniparus albiventris,White-bellied Tit,,whbtit5,avibase-C8880D28,ebd,FALSE,native,11002,1965-10-25,2026-06-30,LC,https://datazone.birdlife.org/species/factsheet/22711839,https://birdsoftheworld.org/bow/species/whbtit5/,,,,,,,,,,,,,,,,,,,,,,,,,FALSE
20801,avibase-5C54F8C9,Passeriformes,Paridae,"Tits, Chickadees, and Titmice",Melaniparus funereus,Dusky Tit,,dustit2,avibase-5C54F8C9,ebd,FALSE,native,1467,1971-07-25,2026-06-28,LC,https://datazone.birdlife.org/species/factsheet/22711852,https://birdsoftheworld.org/bow/species/dustit2/,,,,,,,,,,,,,,,,,,,,,,,,,FALSE
20809,avibase-610FFD8E,Passeriformes,Paridae,"Tits, Chickadees, and Titmice",Melaniparus thruppi,Acacia Tit,,somtit4,avibase-610FFD8E,ebd,FALSE,native,2612,1974-09-16,2026-06-30,LC,https://datazone.birdlife.org/species/factsheet/22711881,https://birdsoftheworld.org/bow/species/somtit4/,,,,,,,,,,,,,,,,,,,,,,,,,FALSE
20812,avibase-92FDBAF0,Passeriformes,Paridae,"Tits, Chickadees, and Titmice",Melaniparus fringillinus,Red-throated Tit,,rettit2,avibase-92FDBAF0,ebd,FALSE,native,1455,1970-08-06,2026-06-27,LC,https://datazone.birdlife.org/species/factsheet/22711869,https://birdsoftheworld.org/bow/species/rettit2/,,,,,,,,,,,,,,,,,,,,,,,,,FALSE
21083,avibase-97D7865F,Passeriformes,Alaudidae,Larks,Eremopterix leucopareia,Fischer's Sparrow-Lark,,fislar1,avibase-97D7865F,ebd,FALSE,native,10021,1962-07-18,2026-06-30,LC,https://datazone.birdlife.org/species/factsheet/22717207,https://birdsoftheworld.org/bow/species/fislar1/,,,,,,,,,,,,,,,,,,,,,,,,,FALSE
21084,avibase-2F66131B,Passeriformes,Alaudidae,Larks,Eremopterix signatus,Chestnut-headed Sparrow-Lark,,chhspl1,avibase-2F66131B,ebd,FALSE,native,1820,1973-02-22,2026-06-29,LC,https://datazone.birdlife.org/species/factsheet/22717212,https://birdsoftheworld.org/bow/species/chhspl1/,,,,,,,,,,,,,,,,,,,,,,,,,FALSE
21092,avibase-9164F314,Passeriformes,Alaudidae,Larks,Eremopterix leucotis,Chestnut-backed Sparrow-Lark,,cbslar1,avibase-9164F314,ebd,FALSE,native,320,1973-08-26,2026-05-28,LC,https://datazone.birdlife.org/species/factsheet/22717192,https://birdsoftheworld.org/bow/species/cbslar1/,,,,,,,,,,,,,,,,,,,,,,,,,FALSE
21113,avibase-A3E077E6,Passeriformes,Alaudidae,Larks,Calendulauda gilletti,Gillett's Lark,"Taxa gilletti (polytypic) and rufa (polytypic) are placed in the genus Calendulauda, rather than Mirafra, based on the multilocus and genomic DNA of Alström et al. (2023).",gillar1,avibase-A3E077E6,ebd,FALSE,native,1,2000-09-06,2000-09-06,LC,https://datazone.birdlife.org/species/factsheet/22735646,https://birdsoftheworld.org/bow/species/gillar1/,,,,,,,,,,,,,,TRUE,,,,,,,,,,,FALSE
21117,avibase-99F447AD,Passeriformes,Alaudidae,Larks,Calendulauda poecilosterna,Pink-breasted Lark,,piblar3,avibase-99F447AD,ebd,FALSE,native,6926,1970-07-10,2026-06-30,LC,https://datazone.birdlife.org/species/factsheet/22717112,https://birdsoftheworld.org/bow/species/piblar3/,,,,,,,,,,,,,,,,,,,,,,,,,FALSE
21118,avibase-A990EB0B,Passeriformes,Alaudidae,Larks,Calendulauda africanoides,Fawn-colored Lark,"Taxon alopex (polytypic) is treated as a subspecies of Calendulauda africanoides (polytypic) based on available evidence. Mitochondrial DNA divergence is relatively weak (Alström et al. 2013), as are differences in morphology (Donald & Alström 2024).",faclar8,avibase-A990EB0B;avibase-CF870445,ebd,FALSE,native,5160,1969-07-07,2026-06-30,LC,https://datazone.birdlife.org/species/factsheet/200369092,https://birdsoftheworld.org/bow/species/faclar8/,,,,,,,,,,,,,,,,,,,,,,,,,FALSE
21150,avibase-4E61514C,Passeriformes,Alaudidae,Larks,Mirafra williamsi,Williams's Lark,,willar1,avibase-4E61514C,ebd,FALSE,native,325,1973-08-26,2026-06-29,LC,https://datazone.birdlife.org/species/factsheet/22717028,https://birdsoftheworld.org/bow/species/willar1/,,,TRUE,,,,,,,,,,,,,,,,,,,,,,FALSE
21151,avibase-F22CCF78,Passeriformes,Alaudidae,Larks,Mirafra pulpa,Friedmann's Lark,,frilar1,avibase-F22CCF78,ebd,FALSE,native,224,1985-06-26,2026-06-29,DD,https://datazone.birdlife.org/species/factsheet/22717033,https://birdsoftheworld.org/bow/species/frilar1/,TRUE,,,,,,,,,,,,,,,,,,,,,,,,FALSE
21152,avibase-8E612CF6,Passeriformes,Alaudidae,Larks,Mirafra albicauda,White-tailed Lark,,whtlar1,avibase-8E612CF6,ebd,FALSE,native,261,1917-07-01,2026-06-29,LC,https://datazone.birdlife.org/species/factsheet/22717013,https://birdsoftheworld.org/bow/species/whtlar1/,,,,,,,,,,,,,,,,,,,,,,,,,FALSE
21153,avibase-AB507233,Passeriformes,Alaudidae,Larks,Mirafra cheniana,Melodious Lark,,latlar1,avibase-AB507233,ebd,FALSE,native,293,1916-03-07,2026-06-09,LC,https://datazone.birdlife.org/species/factsheet/22717008,https://birdsoftheworld.org/bow/species/latlar1/,,,,,,,,,,,,,,,,,,,,,,,,,FALSE
21154,avibase-5BFC242D,Passeriformes,Alaudidae,Larks,Mirafra javanica,Singing Bush Lark,"Taxon cantillans (polytypic) is treated as conspecific with Mirafra javanica (polytypic) based on genetics. Although the two have been recovered as monophyletic clades (Alström et al. 2013), mitochondrial DNA divergence is modest, and diagnostic plumage traits are lacking (Donald & Alström in press).",sinbus6,avibase-5BFC242D;avibase-6B089785,ebd,FALSE,native,1081,1969-07-21,2026-06-24,LC,https://datazone.birdlife.org/species/factsheet/103765775,https://birdsoftheworld.org/bow/species/sinbus6/,,,,,,,,,,,,,,,,,,,,,,,,,FALSE
21176,avibase-D0EAD8A3,Passeriformes,Alaudidae,Larks,Amirafra collaris,Collared Lark,,collar1,avibase-D0EAD8A3,ebd,FALSE,native,14,2009-05-25,2022-05-01,LC,https://datazone.birdlife.org/species/factsheet/22717076,https://birdsoftheworld.org/bow/species/collar1/,,,,,,,,,,,,,,,,,,,,,,,,,FALSE
21177,avibase-C49FA9A8,Passeriformes,Alaudidae,Larks,Amirafra rufocinnamomea,Flappet Lark,,flalar1,avibase-C49FA9A8,ebd,FALSE,native,1677,1969-07-08,2026-06-18,LC,https://datazone.birdlife.org/species/factsheet/22717068,https://birdsoftheworld.org/bow/species/flalar1/,,,,,,,,,,,,,,,,,,,,,,,,,FALSE
21220,avibase-EB9CE6A2,Passeriformes,Alaudidae,Larks,Corypha africana,Rufous-naped Lark,"2025-0218)) Taxon sharpii is treated as a monotypic species separate from Corypha africana based on genetics. Mitochondrial-dominated DNA (Alström et al. 2023) and genome-wide data (Alström et al. 2024) indicate that C. africana sensu lato is not monophyletic, with sharpii forming a deeply divergent clade along with C. hypermetra and C. somalica. Differences in plumage and proportions (Donald & Alström 2024) also support species recognition for sharpii. 2025-1204)) Five new polytypic species are recognized in the genus Corypha based on an integrative study of plumage, morphometrics, vocalizations, and genetics (Alström et al. 2023): C. kidepoensis (including kathangorensis) is treated as a species separate from C. hypermetra (polytypic, including gallarum); C. athi (including harterti); C. nigrescens (including nyikae); C. kabalii (including irwini and malbranti); and C. kurrae (including bamendae, batesi, henrici, and stresemanni) are treated as species separate from C. africana. Taxon irwini is poorly known, and sometimes synonymized with C. africana gomesi. However, based on analysis of specimens (n=2) there are clear differences from a specimen of gomesi (and the type description), and the one irwini that has been analysed genetically was found to be very closely related to kabalii and malbranti (although gomesi has yet to be analysed genetically).",runlar1,avibase-4E923B31;avibase-5C0BC05C,ebd,FALSE,native,6160,1973-09-22,2026-06-30,NE,,https://birdsoftheworld.org/bow/species/runlar1/,,,,,,,,,,,,,,,,,,,,,,,,TRUE,FALSE
21232,avibase-D167A312,Passeriformes,Alaudidae,Larks,Corypha athi,Sentinel Lark,"Five new polytypic species are recognized in the genus Corypha based on integrative analysis of morphology (including plumage), vocalizations, and genetics (Alström et al. 2023, 2024): C. kidepoensis (including kathangorensis) is treated as a species separate from C. hypermetra (polytypic, including gallarum); C. athi (including harterti), C. nigrescens (including nyikae), C. kabalii (including irwini and malbranti), and C. kurrae (including bamendae, batesi, henrici, and stresemanni) are treated as species separate from C. africana. Taxon irwinii is poorly known, and sometimes synonymized with C. africana gomesi. However, based on analysis of specimens (n=2) there are clear differences from a specimen of gomesi (and the type description), and the one irwinii that has been analysed genetically was found to be very closely related to kabalii and malbranti (although gomesi has yet to be analysed genetically).",senlar1,avibase-D167A312,ebd,FALSE,native,7977,1965-10-25,2026-06-30,NE,,https://birdsoftheworld.org/bow/species/senlar1/,,,,,,,,,,,,,,,,,,,,,,,,,FALSE
21238,avibase-5F213A7D,Passeriformes,Alaudidae,Larks,Corypha hypermetra,Red-winged Lark,"Five new polytypic species are recognized in the genus Corypha based on integrative analysis of morphology (including plumage), vocalizations, and genetics (Alström et al. 2023, 2024): C. kidepoensis (including kathangorensis) is treated as a species separate from C. hypermetra (polytypic, including gallarum); C. athi (including harterti), C. nigrescens (including nyikae), C. kabalii (including irwini and malbranti), and C. kurrae (including bamendae, batesi, henrici, and stresemanni) are treated as species separate from C. africana. Taxon irwinii is poorly known, and sometimes synonymized with C. africana gomesi. However, based on analysis of specimens (n=2) there are clear differences from a specimen of gomesi (and the type description), and the one irwinii that has been analysed genetically was found to be very closely related to kabalii and malbranti (although gomesi has yet to be analysed genetically).",rewlar1,avibase-16F604C2;avibase-5F213A7D,ebd,FALSE,native,2332,1970-08-09,2026-06-30,NE,,https://birdsoftheworld.org/bow/species/rewlar1/,,,,,,,,,,,,,,,,,,,,,,,,,FALSE
21251,avibase-419AEB97,Passeriformes,Alaudidae,Larks,Spizocorys personata,Masked Lark,,maslar1,avibase-419AEB97,ebd,FALSE,native,183,1973-08-26,2026-05-21,LC,https://datazone.birdlife.org/species/factsheet/22717364,https://birdsoftheworld.org/bow/species/maslar1/,,,,,,,,,,,,,,,,,,,,,,,,TRUE,FALSE
21264,avibase-1AF3034A,Passeriformes,Alaudidae,Larks,Spizocorys fremantlii,Short-tailed Lark,,shtlar1,avibase-1AF3034A,ebd,FALSE,native,742,1970-08-06,2026-06-28,LC,https://datazone.birdlife.org/species/factsheet/22717407,https://birdsoftheworld.org/bow/species/shtlar1/,,,,,,,,,,,,,,,,,,,,,,,,,FALSE
21306,avibase-5351025C,Passeriformes,Alaudidae,Larks,Galerida theklae,Thekla's Lark,,thelar1,avibase-5351025C,ebd,FALSE,native,135,1973-08-26,2026-05-21,LC,https://datazone.birdlife.org/species/factsheet/22717387,https://birdsoftheworld.org/bow/species/thelar1/,,,,,,,,,,,,,,,,,,,,,,,,,FALSE
21320,avibase-21ADC3ED,Passeriformes,Alaudidae,Larks,Galerida cristata,Crested Lark,"Taxon macrorhyncha (polytypic, including randonii) is treated as conspecific with Galerida cristata (polytypic) based on available evidence. Mensural traits show some overlap (Donald & Alström 2024), and mitochondrial DNA evidence is inconsistent (Guillaumet et al. 2005, 2006, 2008) and geographically limited; further research is needed to determine species limits in this group.",crelar1,avibase-21ADC3ED;avibase-FC79EB47,ebd,FALSE,native,394,1973-08-26,2026-06-22,LC,https://datazone.birdlife.org/species/factsheet/22717383,https://birdsoftheworld.org/bow/species/crelar1/,,,,,,,,,,,,,,,,,,,,,,,,,FALSE
21408,avibase-4091A51E,Passeriformes,Alaudidae,Larks,Calandrella brachydactyla,Greater Short-toed Lark,,gstlar1,avibase-4091A51E,ebd,FALSE,native,1,2009-11-05,2009-11-05,LC,https://datazone.birdlife.org/species/factsheet/103766207,https://birdsoftheworld.org/bow/species/gstlar1/,,,,,,,,,,,,,,TRUE,,,,,,,TRUE,,,,FALSE
21417,avibase-FCDA4F09,Passeriformes,Alaudidae,Larks,Calandrella cinerea,Red-capped Lark,,reclar1,avibase-FCDA4F09,ebd,FALSE,native,6420,1969-07-08,2026-06-30,LC,https://datazone.birdlife.org/species/factsheet/103766143,https://birdsoftheworld.org/bow/species/reclar1/,,,,,,,,,,,,,,,,,,,,,,,,TRUE,FALSE
21445,avibase-61CECCA7,Passeriformes,Alaudidae,Larks,Alaudala somalica,Somali Short-toed Lark,"Taxon athensis (monotypic) is treated as a subspecies of Alaudala somalica (polytypic) based on available evidence. Plumage differences are slight, vocal differences have not been documented, and genetic data are lacking.",sstlar1,avibase-437C0498;avibase-5392A0C7;avibase-61CECCA7,ebd,FALSE,native,425,1975-09-19,2026-06-21,LC,https://datazone.birdlife.org/species/factsheet/22717340,https://birdsoftheworld.org/bow/species/sstlar1/,,,,,,,,,,,,,,,,,,,,,,,,,FALSE
21469,avibase-7066D2F1,Passeriformes,Nicatoridae,Nicators,Nicator gularis,Eastern Nicator,,easnic1,avibase-7066D2F1,ebd,FALSE,native,2562,1918-12-01,2026-06-29,LC,https://datazone.birdlife.org/species/factsheet/22713100,https://birdsoftheworld.org/bow/species/easnic1/,,,,,,,,,,,,,,,,,,,,,,,,,FALSE
21481,avibase-D8BFA987,Passeriformes,Macrosphenidae,"Longbills, Crombecs, and Allies",Macrosphenus kretschmeri,Kretschmer's Longbill,,krelon1,avibase-D8BFA987,ebd,FALSE,native,1,1920-09-17,1920-09-17,LC,https://datazone.birdlife.org/species/factsheet/22715166,https://birdsoftheworld.org/bow/species/krelon1/,,,,TRUE,TRUE,,,,,,,,,,,,,,,,,,,,FALSE
21495,avibase-1478AA79,Passeriformes,Macrosphenidae,"Longbills, Crombecs, and Allies",Melocichla mentalis,Moustached Grass Warbler,,mogwar1,avibase-1478AA79,ebd,FALSE,native,2255,1973-02-18,2026-06-27,LC,https://datazone.birdlife.org/species/factsheet/22714634,https://birdsoftheworld.org/bow/species/mogwar1/,,,,,,,,,,,,,,,,,,,,,,,,,FALSE
21503,avibase-83E5801B,Passeriformes,Macrosphenidae,"Longbills, Crombecs, and Allies",Sylvietta virens,Green Crombec,,grecro1,avibase-83E5801B,ebd,FALSE,native,27,1980-12-06,2023-12-31,LC,https://datazone.birdlife.org/species/factsheet/22715099,https://birdsoftheworld.org/bow/species/grecro1/,,,,,,,,,,,,,,,,,,,,,,,,,FALSE
21511,avibase-489FFCA9,Passeriformes,Macrosphenidae,"Longbills, Crombecs, and Allies",Sylvietta leucophrys,White-browed Crombec,Taxon chapini is retained as a subspecies of Sylvietta leucophrys following Fishpool & Collar (2006). The superciliary stripe absent in chapini is also lacking in immature leucophrys and other plumage differences are considered minor. Analysis of vocalizations would be needed to confirm species status.,whbcro2,avibase-2F29A1B1;avibase-489FFCA9,ebd,FALSE,native,858,1965-02-02,2026-06-20,NE,,https://birdsoftheworld.org/bow/species/whbcro2/,,,,,,,,,,,,,,,,,,,,,,,,,FALSE
21515,avibase-7542C6F1,Passeriformes,Macrosphenidae,"Longbills, Crombecs, and Allies",Sylvietta brachyura,Northern Crombec,Taxon leucopsis is retained as a subspecies of Sylvietta brachyura based on inconsistent plumage differences and evidence for dialectal variation in vocalizations; further research is required to determine species limits.,norcro1,avibase-0C8B9FA4;avibase-406E1A4D;avibase-7542C6F1,ebd,FALSE,native,4424,1969-07-12,2026-06-30,NE,,https://birdsoftheworld.org/bow/species/norcro1/,,,,,,,,,,,,,,,,,,,,,,,,,FALSE
21527,avibase-A9030503,Passeriformes,Macrosphenidae,"Longbills, Crombecs, and Allies",Sylvietta whytii,Red-faced Crombec,,refcro1,avibase-A9030503,ebd,FALSE,native,9910,1965-10-25,2026-06-28,LC,https://datazone.birdlife.org/species/factsheet/22715131,https://birdsoftheworld.org/bow/species/refcro1/,,,,,,,,,,,,,,,,,,,,,,,,,FALSE
21532,avibase-6B9529AE,Passeriformes,Macrosphenidae,"Longbills, Crombecs, and Allies",Sylvietta isabellina,Somali Crombec,,somcro1,avibase-6B9529AE,ebd,FALSE,native,289,1981-11-15,2026-05-13,LC,https://datazone.birdlife.org/species/factsheet/22715135,https://birdsoftheworld.org/bow/species/somcro1/,,,,,,,,,,,,,,,,,,,,,,,,,FALSE
21559,avibase-D46EE5F8,Passeriformes,Cisticolidae,Cisticolas and Allies,Eremomela flavicrissalis,Yellow-vented Eremomela,,yevere1,avibase-D46EE5F8,ebd,FALSE,native,956,1969-07-14,2026-06-30,LC,https://datazone.birdlife.org/species/factsheet/22715034,https://birdsoftheworld.org/bow/species/yevere1/,,,,,,,,,,,,,,,,,,,,,,,,,FALSE
21560,avibase-183E7FD0,Passeriformes,Cisticolidae,Cisticolas and Allies,Eremomela icteropygialis,Yellow-bellied Eremomela,"Taxon salvadorii is treated as a subspecies of Eremomela icteropygialis, as the evidentiary basis for a split based on minor plumage differences and possible sympatry (Hall 1960) are weak (Dowsett & Dowsett-Lemaire 1993) and salvadorii is purported to intergrade with polioxantha (White 1961).",yebere1,avibase-183E7FD0;avibase-9E034D83,ebd,FALSE,native,2832,1965-10-25,2026-06-28,LC,https://datazone.birdlife.org/species/factsheet/22715023,https://birdsoftheworld.org/bow/species/yebere1/,,,,,,,,,,,,,,,,,,,,,,,,,FALSE
21573,avibase-75932535,Passeriformes,Cisticolidae,Cisticolas and Allies,Eremomela canescens,Green-backed Eremomela,,grbere1,avibase-75932535,ebd,FALSE,native,121,1900-06-13,2026-05-25,LC,https://datazone.birdlife.org/species/factsheet/22715045,https://birdsoftheworld.org/bow/species/grbere1/,,,,,,,,,,,,,,,,,,,,,,,,,FALSE
21577,avibase-0394BA0B,Passeriformes,Cisticolidae,Cisticolas and Allies,Eremomela scotops,Green-capped Eremomela,,greere1,avibase-0394BA0B,ebd,FALSE,native,397,1905-04-17,2026-05-29,LC,https://datazone.birdlife.org/species/factsheet/22715050,https://birdsoftheworld.org/bow/species/greere1/,,,,,,,,,,,,,,,,,,,,,,,,,FALSE
21590,avibase-7D340BF9,Passeriformes,Cisticolidae,Cisticolas and Allies,Eremomela turneri,Turner's Eremomela,,turere1,avibase-7D340BF9,ebd,FALSE,native,1401,1980-12-24,2026-06-29,NT,https://datazone.birdlife.org/species/factsheet/22715064,https://birdsoftheworld.org/bow/species/turere1/,,,,,,,,,,,,,,,,,,,,,,,,TRUE,FALSE
21601,avibase-95B6C7C5,Passeriformes,Cisticolidae,Cisticolas and Allies,Schistolais leucopogon,White-chinned Prinia,,whcpri2,avibase-95B6C7C5,ebd,FALSE,native,2405,1971-07-25,2026-06-28,LC,https://datazone.birdlife.org/species/factsheet/22713643,https://birdsoftheworld.org/bow/species/whcpri2/,,,,,,,,,,,,,,,,,,,,,,,,,FALSE
21617,avibase-91FD087B,Passeriformes,Cisticolidae,Cisticolas and Allies,Oreolais pulcher,Black-collared Apalis,,blcapa2,avibase-91FD087B,ebd,FALSE,native,3797,1925-07-01,2026-06-29,LC,https://datazone.birdlife.org/species/factsheet/22713703,https://birdsoftheworld.org/bow/species/blcapa2/,,,,,,,,,,,,,,,,,,,,,,,,,FALSE
21633,avibase-1E7CADC2,Passeriformes,Cisticolidae,Cisticolas and Allies,Calamonastes undosus,Miombo Wren-Warbler,,miowrw2,avibase-1E7CADC2,ebd,FALSE,native,333,1987-08-07,2026-06-09,LC,https://datazone.birdlife.org/species/factsheet/103773990,https://birdsoftheworld.org/bow/species/miowrw2/,,,,,,,,,,,,,,,,,,,,,,,,,FALSE
21643,avibase-0195CFDD,Passeriformes,Cisticolidae,Cisticolas and Allies,Calamonastes simplex,Grey Wren-Warbler,,grywrw1,avibase-0195CFDD,ebd,FALSE,native,8352,1970-08-09,2026-06-30,LC,https://datazone.birdlife.org/species/factsheet/22713876,https://birdsoftheworld.org/bow/species/grywrw1/,,,,,,,,,,,,,,,,,,,,,,,,,FALSE
21649,avibase-DC456636,Passeriformes,Cisticolidae,Cisticolas and Allies,Camaroptera brachyura,Bleating Camaroptera,"The polytypic brevicaudata group is retained in Camaroptera brachyura based on present evidence. Sometimes split based on plumage and habitat differences, the grey-backed brevicaudata group and green-backed brachyura group are vocally similar (Dowsett & Dowsett-Lemaire 1980), and hybridize in areas of contact (White 1962; Zimmerman et al. 2001). Available mitochondrial DNA data (Nguembock et al. 2007) identified deep divergences between brevicaudata, harterti, and brachyura, but further research is needed to define species limits in this group.",grbcam1,avibase-4183643D;avibase-9DACBD08;avibase-DC456636,ebd,FALSE,native,28801,1965-10-25,2026-06-30,LC,https://datazone.birdlife.org/species/factsheet/103774592,https://birdsoftheworld.org/bow/species/grbcam1/,,,,,,,,,,,,,,,,,,,,,,,,,FALSE
21668,avibase-65393B92,Passeriformes,Cisticolidae,Cisticolas and Allies,Camaroptera chloronota,Olive-green Camaroptera,"Taxon toroensis is retained as a subspecies of Camaroptera chloronota; the evidentiary basis for a split based on plumage and vocalizations is weak, and marked differences in tail length may prove to be clinal. Further study is needed.",olgcam1,avibase-65393B92;avibase-BBBFDD5B;avibase-F58AF0FB,ebd,FALSE,native,1363,1973-10-10,2026-06-29,NE,,https://birdsoftheworld.org/bow/species/olgcam1/,,,,,,,,,,,,,,,,,,,,,,,,,FALSE
21677,avibase-DFC5A27D,Passeriformes,Cisticolidae,Cisticolas and Allies,Phyllolais pulchella,Buff-bellied Warbler,,bubwar2,avibase-DFC5A27D,ebd,FALSE,native,5043,1965-10-25,2026-06-30,LC,https://datazone.birdlife.org/species/factsheet/22714944,https://birdsoftheworld.org/bow/species/bubwar2/,,,,,,,,,,,,,,,,,,,,,,,,,FALSE
21679,avibase-B285E2B0,Passeriformes,Cisticolidae,Cisticolas and Allies,Apalis thoracica,Bar-throated Apalis,,batapa2,avibase-B285E2B0,ebd,FALSE,native,123,2004-03-26,2026-05-16,LC,https://datazone.birdlife.org/species/factsheet/22713714,https://birdsoftheworld.org/bow/species/batapa2/,,,,,,,,,,,,,,,,,,,,,,,,,FALSE
21698,avibase-D5549C6D,Passeriformes,Cisticolidae,Cisticolas and Allies,Apalis fuscigularis,Taita Apalis,,batapa4,avibase-D5549C6D,ebd,FALSE,native,541,1987-12-21,2026-06-27,CR,https://datazone.birdlife.org/species/factsheet/22713719,https://birdsoftheworld.org/bow/species/batapa4/,,,TRUE,,,,,,,,,,,,,,,,,,,,,,FALSE
21704,avibase-1ABAB622,Passeriformes,Cisticolidae,Cisticolas and Allies,Apalis jacksoni,Black-throated Apalis,,bltapa1,avibase-1ABAB622,ebd,FALSE,native,2191,1953-04-04,2026-06-20,LC,https://datazone.birdlife.org/species/factsheet/22713733,https://birdsoftheworld.org/bow/species/bltapa1/,,,,,,,,,,,,,,,,,,,,,,,,,FALSE
21708,avibase-184BA213,Passeriformes,Cisticolidae,Cisticolas and Allies,Apalis chariessa,White-winged Apalis,,whwapa1,avibase-184BA213,ebd,FALSE,native,1,1961-08-02,1961-08-02,NT,https://datazone.birdlife.org/species/factsheet/22713737,https://birdsoftheworld.org/bow/species/whwapa1/,,,,TRUE,TRUE,,,,,,,,,,,,,,,,,,,,FALSE
21715,avibase-E70F9747,Passeriformes,Cisticolidae,Cisticolas and Allies,Apalis flavida,Yellow-breasted Apalis,"Taxon flavocincta (polytypic) is retained as a subspecies of Apalis flavida pending further research. Proposed differences in habitat, plumage, and vocalizations are not sufficient to warrant a split in this geographically variable complex; the possibility of intergradation between flavocincta and adjacent forms also requires investigation (Ash & Atkins 2009).",yebapa1,avibase-8C13DA6F;avibase-E70F9747;avibase-EADB2314,ebd,FALSE,native,14559,1965-10-25,2026-06-30,NE,,https://birdsoftheworld.org/bow/species/yebapa1/,,,,,,,,,,,,,,,,,,,,,,,,TRUE,FALSE
21730,avibase-75E0430B,Passeriformes,Cisticolidae,Cisticolas and Allies,Apalis rufogularis,Buff-throated Apalis,,butapa1,avibase-49F5A801;avibase-75E0430B,ebd,FALSE,native,1175,1971-07-25,2026-06-28,LC,https://datazone.birdlife.org/species/factsheet/22713770,https://birdsoftheworld.org/bow/species/butapa1/,,,,,,,,,,,,,,,,,,,,,,,,,FALSE
21741,avibase-E8F03B18,Passeriformes,Cisticolidae,Cisticolas and Allies,Apalis porphyrolaema,Chestnut-throated Apalis,,chtapa3,avibase-E8F03B18,ebd,FALSE,native,2523,1972-08-21,2026-06-20,LC,https://datazone.birdlife.org/species/factsheet/22713796,https://birdsoftheworld.org/bow/species/chtapa3/,,,,,,,,,,,,,,,,,,,,,,,,,FALSE
21745,avibase-4FE76868,Passeriformes,Cisticolidae,Cisticolas and Allies,Apalis melanocephala,Black-headed Apalis,,blhapa1,avibase-4FE76868,ebd,FALSE,native,2379,1973-03-02,2026-06-29,LC,https://datazone.birdlife.org/species/factsheet/22713811,https://birdsoftheworld.org/bow/species/blhapa1/,,,,,,,,,,,,,,,,,,,,,,,,TRUE,FALSE
21758,avibase-7A8A8FCF,Passeriformes,Cisticolidae,Cisticolas and Allies,Apalis cinerea,Grey Apalis,,gryapa1,avibase-7A8A8FCF;avibase-9732B683,ebd,FALSE,native,4132,1969-09-06,2026-06-28,LC,https://datazone.birdlife.org/species/factsheet/22730909,https://birdsoftheworld.org/bow/species/gryapa1/,,,,,,,,,,,,,,,,,,,,,,,,,FALSE
21766,avibase-DCA0028B,Passeriformes,Cisticolidae,Cisticolas and Allies,Apalis stronachi,Maasai Apalis,"Taxon stronachi is treated as a monotypic species separate from Apalis karamojae based on differences in plumage, vocalizations, and behavior (Nalwanga et al. 2016; Boesman & Collar 2023).",karapa3,avibase-DCA0028B,ebd,FALSE,native,74,2014-06-21,2026-05-23,VU,https://datazone.birdlife.org/species/factsheet/277302144,https://birdsoftheworld.org/bow/species/karapa3/,,,,,,,,,,,,,,,,,,,,,,,,,FALSE
21890,avibase-63F72CA7,Passeriformes,Cisticolidae,Cisticolas and Allies,Prinia subflava,Tawny-flanked Prinia,,tafpri1,avibase-63F72CA7,ebd,FALSE,native,16678,1965-10-25,2026-06-30,LC,https://datazone.birdlife.org/species/factsheet/22713607,https://birdsoftheworld.org/bow/species/tafpri1/,,,,,,,,,,,,,,,,,,,,,,,,,FALSE
21912,avibase-319F6754,Passeriformes,Cisticolidae,Cisticolas and Allies,Prinia somalica,Pale Prinia,,palpri1,avibase-319F6754,ebd,FALSE,native,2192,1973-08-26,2026-06-30,LC,https://datazone.birdlife.org/species/factsheet/22713611,https://birdsoftheworld.org/bow/species/palpri1/,,,,,,,,,,,,,,,,,,,,,,,,,FALSE
21915,avibase-1CB41EB5,Passeriformes,Cisticolidae,Cisticolas and Allies,Prinia fluviatilis,River Prinia,,rivpri1,avibase-1CB41EB5,ebd,FALSE,native,16,2001-08-08,2026-04-09,LC,https://datazone.birdlife.org/species/factsheet/22713618,https://birdsoftheworld.org/bow/species/rivpri1/,,,,,,,,,,,,,,TRUE,,,,,,,,,,,FALSE
21927,avibase-C54D2FEE,Passeriformes,Cisticolidae,Cisticolas and Allies,Prinia bairdii,Banded Prinia,Taxon melanops (polytypic) is retained as a subspecies of Prinia bairdii based on similarities in plumage and vocalizations. Montane melanops is similar in appearance to lowland obscura and the latter hybridizes with bairdii in a narrow contact zone (Prigogine 1979). In the absence of genetic information all three are best considered conspecific.,banpri1,avibase-01A7F964;avibase-80E8EBB8;avibase-C54D2FEE,ebd,FALSE,native,1096,1925-07-01,2026-06-28,LC,https://datazone.birdlife.org/species/factsheet/22713647,https://birdsoftheworld.org/bow/species/banpri1/,,,,,,,,,,,,,,,,,,,,,,,,,FALSE
21932,avibase-C67FD539,Passeriformes,Cisticolidae,Cisticolas and Allies,Prinia erythroptera,Red-winged Prinia,,rewpri1,avibase-C67FD539,ebd,FALSE,native,37,1918-08-27,2026-05-09,LC,https://datazone.birdlife.org/species/factsheet/22713671,https://birdsoftheworld.org/bow/species/rewpri1/,,,,,,,,,,,,,,,,,,,,,,,,,FALSE
21937,avibase-D8177CEC,Passeriformes,Cisticolidae,Cisticolas and Allies,Prinia rufifrons,Red-fronted Prinia,,refwar2,avibase-50F5EBAB;avibase-A5E8FB97;avibase-D8177CEC,ebd,FALSE,native,2840,1974-09-17,2026-06-30,LC,https://datazone.birdlife.org/species/factsheet/22713834,https://birdsoftheworld.org/bow/species/refwar2/,,,,,,,,,,,,,,,,,,,,,,,,TRUE,FALSE
21957,avibase-31E5F1E9,Passeriformes,Cisticolidae,Cisticolas and Allies,Eminia lepida,Grey-capped Warbler,,gycwar3,avibase-31E5F1E9,ebd,FALSE,native,9120,1953-03-25,2026-06-28,LC,https://datazone.birdlife.org/species/factsheet/22713847,https://birdsoftheworld.org/bow/species/gycwar3/,,,,,,,,,,,,,,,,,,,,,,,,,FALSE
21960,avibase-438D0DFF,Passeriformes,Cisticolidae,Cisticolas and Allies,Bathmocercus rufus,Black-faced Rufous Warbler,,bkfruw1,avibase-438D0DFF,ebd,FALSE,native,2276,1973-10-10,2026-06-29,LC,https://datazone.birdlife.org/species/factsheet/22714574,https://birdsoftheworld.org/bow/species/bkfruw1/,,,,,,,,,,,,,,,,,,,,,,,,,FALSE
21964,avibase-47053A35,Passeriformes,Cisticolidae,Cisticolas and Allies,Cisticola erythrops,Red-faced Cisticola,,refcis1,avibase-47053A35;avibase-8AB622BB,ebd,FALSE,native,4188,1973-10-11,2026-06-28,LC,https://datazone.birdlife.org/species/factsheet/22713268,https://birdsoftheworld.org/bow/species/refcis1/,,,,,,,,,,,,,,,,,,,,,,,,,FALSE
21971,avibase-6B64558B,Passeriformes,Cisticolidae,Cisticolas and Allies,Cisticola cantans,Singing Cisticola,,sincis1,avibase-6B64558B,ebd,FALSE,native,8169,1965-10-25,2026-06-30,LC,https://datazone.birdlife.org/species/factsheet/22713279,https://birdsoftheworld.org/bow/species/sincis1/,,,,,,,,,,,,,,,,,,,,,,,,,FALSE
21979,avibase-5A184029,Passeriformes,Cisticolidae,Cisticolas and Allies,Cisticola lateralis,Whistling Cisticola,,whicis1,avibase-5A184029,ebd,FALSE,native,210,1965-05-23,2026-06-30,LC,https://datazone.birdlife.org/species/factsheet/22713283,https://birdsoftheworld.org/bow/species/whicis1/,,,,,,,,,,,,,,,,,,,,,,,,,FALSE
21984,avibase-5BD1E605,Passeriformes,Cisticolidae,Cisticolas and Allies,Cisticola woosnami,Trilling Cisticola,,tricis1,avibase-5BD1E605,ebd,FALSE,native,600,1987-07-26,2026-06-20,LC,https://datazone.birdlife.org/species/factsheet/22713291,https://birdsoftheworld.org/bow/species/tricis1/,,,,,,,,,,,,,,,,,,,,,,,,,FALSE
21990,avibase-4849AA43,Passeriformes,Cisticolidae,Cisticolas and Allies,Cisticola chubbi,Chubb's Cisticola,,chucis1,avibase-4849AA43;avibase-681F4BB8,ebd,FALSE,native,2201,1969-09-07,2026-06-29,LC,https://datazone.birdlife.org/species/factsheet/22730835,https://birdsoftheworld.org/bow/species/chucis1/,,,,,,,,,,,,,,,,,,,,,,,,,FALSE
21995,avibase-373DCDF4,Passeriformes,Cisticolidae,Cisticolas and Allies,Cisticola hunteri,Hunter's Cisticola,,huncis1,avibase-373DCDF4,ebd,FALSE,native,6769,1971-03-28,2026-06-26,LC,https://datazone.birdlife.org/species/factsheet/22713309,https://birdsoftheworld.org/bow/species/huncis1/,,,,,,,,,,,,,,,,,,,,,,,,,FALSE
21998,avibase-AB6AE581,Passeriformes,Cisticolidae,Cisticolas and Allies,Cisticola aberrans,Rock-loving Cisticola,"Taxon bailunduensis is treated as a monotypic species separate from Cisticola aberrans (polytypic, including emini) based on vocalizations coupled with morphological and ecological differences (del Hoyo & Collar 2016).",rolcis2,avibase-1C615B6F;avibase-AB6AE581,ebd,FALSE,native,192,1918-08-08,2026-05-21,LC,https://datazone.birdlife.org/species/factsheet/103775454,https://birdsoftheworld.org/bow/species/rolcis2/,,,,,,,,,,,,,,,,,,,,,,,,,FALSE
22007,avibase-F8469E3F,Passeriformes,Cisticolidae,Cisticolas and Allies,Cisticola bodessa,Boran Cisticola,,borcis1,avibase-F8469E3F,ebd,FALSE,native,615,1978-08-27,2026-05-21,LC,https://datazone.birdlife.org/species/factsheet/22713329,https://birdsoftheworld.org/bow/species/borcis1/,,,,,,,,,,,,,,,,,,,,,,,,,FALSE
22010,avibase-909FEE8A,Passeriformes,Cisticolidae,Cisticolas and Allies,Cisticola chiniana,Rattling Cisticola,,ratcis1,avibase-909FEE8A,ebd,FALSE,native,22621,1965-10-25,2026-06-30,LC,https://datazone.birdlife.org/species/factsheet/22713333,https://birdsoftheworld.org/bow/species/ratcis1/,,,,,,,,,,,,,,,,,,,,,,,,,FALSE
22028,avibase-71F6A3F0,Passeriformes,Cisticolidae,Cisticolas and Allies,Cisticola cinereolus,Ashy Cisticola,,ashcis1,avibase-71F6A3F0,ebd,FALSE,native,2552,1973-08-24,2026-06-29,LC,https://datazone.birdlife.org/species/factsheet/22713340,https://birdsoftheworld.org/bow/species/ashcis1/,,,,,,,,,,,,,,,,,,,,,,,,,FALSE
22031,avibase-8338F12F,Passeriformes,Cisticolidae,Cisticolas and Allies,Cisticola ruficeps,Red-pate Cisticola,,repcis1,avibase-8338F12F,ebd,FALSE,native,1,1990-08-13,1990-08-13,LC,https://datazone.birdlife.org/species/factsheet/22713344,https://birdsoftheworld.org/bow/species/repcis1/,,,,,,,,,,TRUE,,,,TRUE,,,,,,,,,,,FALSE
22047,avibase-52B4F230,Passeriformes,Cisticolidae,Cisticolas and Allies,Cisticola distinctus,Lynes's Cisticola,"Taxon distinctus is treated as a monotypic species separate from Cisticola lais on the basis of divergence in mitochondrial DNA, with distinctus recovered as sister to C. subruficapilla (Davies 2014). Apparent differences in plumage, song, and habitat have been reported, but the two taxa are very similar in plumage and reports of vocal differences are conflicting (Dowsett & Dowsett-Lemaire 1993; Zimmerman et al. 2001; Stevenson & Fanshawe 2020); further research needed to confirm this split.",waicis2,avibase-52B4F230,ebd,FALSE,native,333,1978-09-17,2026-06-09,NE,,https://birdsoftheworld.org/bow/species/waicis2/,,,,,,,,,,,,,,,,,,,,,,,,,FALSE
22056,avibase-2E0E6C82,Passeriformes,Cisticolidae,Cisticolas and Allies,Cisticola restrictus,Tana River Cisticola,,tarcis1,avibase-2E0E6C82,ebd,FALSE,native,4,1931-03-12,1967-08-12,DD,https://datazone.birdlife.org/species/factsheet/22713394,https://birdsoftheworld.org/bow/species/tarcis1/,,,TRUE,TRUE,,,,,,,,,,,,,,,,,,,,,FALSE
22060,avibase-E88C0B71,Passeriformes,Cisticolidae,Cisticolas and Allies,Cisticola haematocephalus,Coastal Cisticola,,wincis4,avibase-E88C0B71,ebd,FALSE,native,1775,1973-10-05,2026-06-30,LC,https://datazone.birdlife.org/species/factsheet/103776144,https://birdsoftheworld.org/bow/species/wincis4/,,,,,,,,,,,,,,,,,,,,,,,,,FALSE
22067,avibase-3DF3F9B9,Passeriformes,Cisticolidae,Cisticolas and Allies,Cisticola lugubris,Ethiopian Cisticola,,wincis6,avibase-3DF3F9B9,ebd,FALSE,native,40,2026-04-07,2026-04-09,LC,https://datazone.birdlife.org/species/factsheet/103776131,https://birdsoftheworld.org/bow/species/wincis6/,,,,,,,,,,,,,,,,,,,,,,,,,FALSE
22068,avibase-1DA06308,Passeriformes,Cisticolidae,Cisticolas and Allies,Cisticola marginatus,Winding Cisticola,,wincis3,avibase-1DA06308,ebd,FALSE,native,10090,1965-10-25,2026-06-30,LC,https://datazone.birdlife.org/species/factsheet/103776094,https://birdsoftheworld.org/bow/species/wincis3/,,,,,,,,,,,,,,,,,,,,,,,,,FALSE
22077,avibase-2C6D5362,Passeriformes,Cisticolidae,Cisticolas and Allies,Cisticola carruthersi,Carruthers's Cisticola,,carcis1,avibase-2C6D5362,ebd,FALSE,native,591,1973-10-11,2026-06-26,LC,https://datazone.birdlife.org/species/factsheet/22713415,https://birdsoftheworld.org/bow/species/carcis1/,,,,,,,,,,,,,,,,,,,,,,,,,FALSE
22078,avibase-F936B680,Passeriformes,Cisticolidae,Cisticolas and Allies,Cisticola tinniens,Levaillant's Cisticola,,tincis1,avibase-F936B680,ebd,FALSE,native,798,1974-01-12,2026-06-10,LC,https://datazone.birdlife.org/species/factsheet/22713419,https://birdsoftheworld.org/bow/species/tincis1/,,,,,,,,,,,,,,,,,,,,,,,,TRUE,FALSE
22085,avibase-D3B1A98B,Passeriformes,Cisticolidae,Cisticolas and Allies,Cisticola robustus,Stout Cisticola,,stocis1,avibase-2D113C46;avibase-3F7E03BE;avibase-51F61D82;avibase-D3B1A98B,ebd,FALSE,native,5354,1973-02-19,2026-06-30,LC,https://datazone.birdlife.org/species/factsheet/22713430,https://birdsoftheworld.org/bow/species/stocis1/,,,,,,,,,,,,,,,,,,,,,,,,,FALSE
22093,avibase-FB740D14,Passeriformes,Cisticolidae,Cisticolas and Allies,Cisticola natalensis,Croaking Cisticola,,crocis1,avibase-FB740D14,ebd,FALSE,native,2016,1972-09-18,2026-06-27,LC,https://datazone.birdlife.org/species/factsheet/22713440,https://birdsoftheworld.org/bow/species/crocis1/,,,,,,,,,,,,,,,,,,,,,,,,,FALSE
22112,avibase-3C79F1AC,Passeriformes,Cisticolidae,Cisticolas and Allies,Cisticola aberdare,Aberdare Cisticola,,abecis1,avibase-3C79F1AC,ebd,FALSE,native,616,1973-09-19,2026-06-15,VU,https://datazone.birdlife.org/species/factsheet/22713436,https://birdsoftheworld.org/bow/species/abecis1/,,,TRUE,,,,,,,,,,,,,,,,,,,,,,FALSE
22113,avibase-9CE4FC4C,Passeriformes,Cisticolidae,Cisticolas and Allies,Cisticola angusticauda,Long-tailed Cisticola,,tabcis1,avibase-9CE4FC4C,ebd,FALSE,native,341,1918-08-30,2026-06-03,LC,https://datazone.birdlife.org/species/factsheet/22713453,https://birdsoftheworld.org/bow/species/tabcis1/,,,,,,,,,,,,,,,,,,,,,,,,,FALSE
22115,avibase-FBDCA962,Passeriformes,Cisticolidae,Cisticolas and Allies,Cisticola brachypterus,Short-winged Cisticola,,sifcis1,avibase-FBDCA962,ebd,FALSE,native,1591,1952-11-20,2026-06-26,LC,https://datazone.birdlife.org/species/factsheet/22713474,https://birdsoftheworld.org/bow/species/sifcis1/,,,,,,,,,,,,,,,,,,,,,,,,TRUE,FALSE
22126,avibase-844A290B,Passeriformes,Cisticolidae,Cisticolas and Allies,Cisticola troglodytes,Foxy Cisticola,,foxcis1,avibase-844A290B,ebd,FALSE,native,27,1997-10-04,2024-05-11,LC,https://datazone.birdlife.org/species/factsheet/22713483,https://birdsoftheworld.org/bow/species/foxcis1/,,,,,,,,,,,,,,,,,,,,,,,,,FALSE
22129,avibase-BF29E8B6,Passeriformes,Cisticolidae,Cisticolas and Allies,Cisticola nana,Tiny Cisticola,,tincis3,avibase-BF29E8B6,ebd,FALSE,native,1143,1973-04-19,2026-06-30,LC,https://datazone.birdlife.org/species/factsheet/22713487,https://birdsoftheworld.org/bow/species/tincis3/,,,,,,,,,,,,,,,,,,,,,,,,,FALSE
22130,avibase-AEE2063F,Passeriformes,Cisticolidae,Cisticolas and Allies,Cisticola juncidis,Zitting Cisticola,,zitcis1,avibase-4A1F1D11;avibase-AEE2063F,ebd,FALSE,native,3940,1969-07-07,2026-06-27,LC,https://datazone.birdlife.org/species/factsheet/22713491,https://birdsoftheworld.org/bow/species/zitcis1/,,,,,,,,,,,,,,,,,,,,,,,,,FALSE
22150,avibase-A2C88219,Passeriformes,Cisticolidae,Cisticolas and Allies,Cisticola aridulus,Desert Cisticola,,descis1,avibase-A2C88219,ebd,FALSE,native,1825,1973-08-26,2026-06-27,LC,https://datazone.birdlife.org/species/factsheet/22713515,https://birdsoftheworld.org/bow/species/descis1/,,,,,,,,,,,,,,,,,,,,,,,,,FALSE
22166,avibase-53E61277,Passeriformes,Cisticolidae,Cisticolas and Allies,Cisticola eximius,Black-backed Cisticola,,blncis1,avibase-53E61277;avibase-DF735C10,ebd,FALSE,native,304,1998-05-29,2026-05-21,LC,https://datazone.birdlife.org/species/factsheet/22713524,https://birdsoftheworld.org/bow/species/blncis1/,,TRUE,,,,,,,,,,,,,,,,,,,,,,,FALSE
22173,avibase-006667E7,Passeriformes,Cisticolidae,Cisticolas and Allies,Cisticola brunnescens,Pectoral-patch Cisticola,,pepcis1,avibase-006667E7;avibase-B2E413B2;avibase-CD838330,ebd,FALSE,native,5222,1970-08-06,2026-06-28,LC,https://datazone.birdlife.org/species/factsheet/103776392,https://birdsoftheworld.org/bow/species/pepcis1/,,,,,,,,,,,,,,,,,,,,,,,,,FALSE
22184,avibase-78573BB2,Passeriformes,Cisticolidae,Cisticolas and Allies,Cisticola ayresii,Wing-snapping Cisticola,,wiscis1,avibase-310375B6;avibase-78573BB2,ebd,FALSE,native,441,1981-11-24,2026-05-15,LC,https://datazone.birdlife.org/species/factsheet/22713540,https://birdsoftheworld.org/bow/species/wiscis1/,,,,,,,,,,,,,,,,,,,,,,,,TRUE,FALSE
22219,avibase-869C978C,Passeriformes,Acrocephalidae,Reed Warblers and Allies,Hippolais icterina,Icterine Warbler,,ictwar1,avibase-869C978C,ebd,FALSE,native,54,1984-11-28,2025-10-19,LC,https://datazone.birdlife.org/species/factsheet/22714916,https://birdsoftheworld.org/bow/species/ictwar1/,,,,,,,,,,,,TRUE,,,,,,,,,,,,,FALSE
22221,avibase-B10AD127,Passeriformes,Acrocephalidae,Reed Warblers and Allies,Hippolais languida,Upcher's Warbler,,upcwar1,avibase-B10AD127,ebd,FALSE,native,691,1976-02-18,2026-03-31,LC,https://datazone.birdlife.org/species/factsheet/22714904,https://birdsoftheworld.org/bow/species/upcwar1/,,,,,,,,,,,,TRUE,,,,,,,,,,,,,FALSE
22222,avibase-791DED18,Passeriformes,Acrocephalidae,Reed Warblers and Allies,Hippolais olivetorum,Olive-tree Warbler,,oltwar1,avibase-791DED18,ebd,FALSE,native,324,1978-11-30,2026-03-16,LC,https://datazone.birdlife.org/species/factsheet/22714908,https://birdsoftheworld.org/bow/species/oltwar1/,,,,,,,,,,,,TRUE,,,,,,,,,,,,,FALSE
22230,avibase-BAE527A2,Passeriformes,Acrocephalidae,Reed Warblers and Allies,Iduna pallida,Eastern Olivaceous Warbler,,eaowar1,avibase-BAE527A2,ebd,FALSE,native,2370,1972-04-17,2026-04-19,LC,https://datazone.birdlife.org/species/factsheet/22734747,https://birdsoftheworld.org/bow/species/eaowar1/,,,,,,,,,,,,TRUE,,,,,,,,,,,,,FALSE
22237,avibase-E999FD2D,Passeriformes,Acrocephalidae,Reed Warblers and Allies,Iduna similis,Mountain Yellow Warbler,,moywar1,avibase-E999FD2D,ebd,FALSE,native,994,1965-02-05,2026-06-25,LC,https://datazone.birdlife.org/species/factsheet/22714927,https://birdsoftheworld.org/bow/species/moywar1/,,,,,,,,,,,,,,,,,,,,,,,,,FALSE
22238,avibase-EBBD09CA,Passeriformes,Acrocephalidae,Reed Warblers and Allies,Iduna natalensis,African Yellow Warbler,,afywar1,avibase-EBBD09CA,ebd,FALSE,native,2886,1973-02-12,2026-06-30,LC,https://datazone.birdlife.org/species/factsheet/22714920,https://birdsoftheworld.org/bow/species/afywar1/,,,,,,,,,,,,,,,,,,,,,,,,,FALSE
22244,avibase-25F4FE96,Passeriformes,Acrocephalidae,Reed Warblers and Allies,Calamonastides gracilirostris,Papyrus Yellow Warbler,"Taxon bensoni (monotypic) is treated as a subspecies of Calamonastides gracilirostris pending further research. Differences in size, plumage color, iris color, and vocalizations have been documented (Maclean et al. 2003) but these may reflect geographical and dialectical variation; formal bioacoustic and genetic analyses required.",paywar1,avibase-25F4FE96,ebd,FALSE,native,56,1989-07-31,2026-05-09,NE,,https://birdsoftheworld.org/bow/species/paywar1/,,,,,,,,,,,,,,,,,,,,,,,,,FALSE
22248,avibase-FED5AED5,Passeriformes,Acrocephalidae,Reed Warblers and Allies,Acrocephalus schoenobaenus,Sedge Warbler,,sedwar1,avibase-FED5AED5,ebd,FALSE,native,748,1971-03-31,2026-05-09,LC,https://datazone.birdlife.org/species/factsheet/22714700,https://birdsoftheworld.org/bow/species/sedwar1/,,,,,,,,,,,,TRUE,,,,,,,,,,,,,FALSE
22264,avibase-B675E006,Passeriformes,Acrocephalidae,Reed Warblers and Allies,Acrocephalus palustris,Marsh Warbler,,marwar3,avibase-B675E006,ebd,FALSE,native,709,1976-12-03,2026-04-26,LC,https://datazone.birdlife.org/species/factsheet/22714741,https://birdsoftheworld.org/bow/species/marwar3/,,,,,,,,,,,,TRUE,,,,,,,,,,,,,FALSE
22265,avibase-3F0EE474,Passeriformes,Acrocephalidae,Reed Warblers and Allies,Acrocephalus scirpaceus,Common Reed Warbler,"Taxon baeticatus (polytypic) is treated as conspecific with Acrocephalus scirpaceus (polytypic) based on relatively low differentiation in vocalizations (Dowsett-Lemaire & Dowsett 1987), morphology, and genetics (Olsson et al. 2016; Pavia et al. 2018) across the geographic range of this complex. Furthermore, mitochondrial DNA data (Olsson et al. 2016) do not provide strong support for a two-species treatment; further research warranted.",eurwar1,avibase-34E27C2A;avibase-3F0EE474,ebd,FALSE,native,752,1953-08-07,2026-06-15,LC,https://datazone.birdlife.org/species/factsheet/22714722,https://birdsoftheworld.org/bow/species/eurwar1/,,TRUE,,,,,,,,,,TRUE,,,,,,,,,,,,,FALSE
22276,avibase-0D42A253,Passeriformes,Acrocephalidae,Reed Warblers and Allies,Acrocephalus griseldis,Basra Reed Warbler,,barwar2,avibase-0D42A253,ebd,FALSE,native,183,1978-03-21,2025-11-24,EN,https://datazone.birdlife.org/species/factsheet/22714757,https://birdsoftheworld.org/bow/species/barwar2/,,,,,,,,,,,,TRUE,,,,,,,,,,,,,FALSE
22280,avibase-4AA7817D,Passeriformes,Acrocephalidae,Reed Warblers and Allies,Acrocephalus gracilirostris,Lesser Swamp Warbler,,leswar1,avibase-4AA7817D,ebd,FALSE,native,2731,1953-04-05,2026-06-28,LC,https://datazone.birdlife.org/species/factsheet/22714859,https://birdsoftheworld.org/bow/species/leswar1/,,,,,,,,,,,,,,,,,,,,,,,,,FALSE
22290,avibase-C8857CC8,Passeriformes,Acrocephalidae,Reed Warblers and Allies,Acrocephalus rufescens,Greater Swamp Warbler,,grswar2,avibase-C8857CC8,ebd,FALSE,native,656,1973-10-11,2026-06-08,LC,https://datazone.birdlife.org/species/factsheet/22714846,https://birdsoftheworld.org/bow/species/grswar2/,,,,,,,,,,,,,,,,,,,,,,,,,FALSE
22295,avibase-B283E332,Passeriformes,Acrocephalidae,Reed Warblers and Allies,Acrocephalus arundinaceus,Great Reed Warbler,,grrwar1,avibase-B283E332,ebd,FALSE,native,226,1976-02-16,2026-05-02,LC,https://datazone.birdlife.org/species/factsheet/104317670,https://birdsoftheworld.org/bow/species/grrwar1/,,,,,,,,,,,,TRUE,,,,,,,,,,,,,FALSE
22410,avibase-A630DB2C,Passeriformes,Locustellidae,"Grasshopper Warblers, Grassbirds, and Allies",Locustella alfredi,Bamboo Warbler,,baswar1,avibase-A630DB2C,ebd,FALSE,native,64,2024-06-12,2026-05-09,LC,https://datazone.birdlife.org/species/factsheet/22714475,https://birdsoftheworld.org/bow/species/baswar1/,,,,,,,,,,,,,,,,,,,,,,,,,FALSE
22413,avibase-2B020CA0,Passeriformes,Locustellidae,"Grasshopper Warblers, Grassbirds, and Allies",Locustella fluviatilis,River Warbler,,eurwar2,avibase-2B020CA0,ebd,FALSE,native,221,1980-11-30,2025-11-30,LC,https://datazone.birdlife.org/species/factsheet/22714679,https://birdsoftheworld.org/bow/species/eurwar2/,,,,,,,,,,,,TRUE,,,,,,,,,,,,,FALSE
22414,avibase-2D46BB98,Passeriformes,Locustellidae,"Grasshopper Warblers, Grassbirds, and Allies",Locustella luscinioides,Savi's Warbler,,savwar1,avibase-2D46BB98,ebd,FALSE,native,1,1987-12-20,1987-12-20,LC,https://datazone.birdlife.org/species/factsheet/22714684,https://birdsoftheworld.org/bow/species/savwar1/,,,,,TRUE,,,,,,,,,TRUE,,,,,,,TRUE,,,,FALSE
22423,avibase-BC0E4C9F,Passeriformes,Locustellidae,"Grasshopper Warblers, Grassbirds, and Allies",Locustella naevia,Common Grasshopper Warbler,,cogwar1,avibase-BC0E4C9F,ebd,FALSE,native,2,1977-06-19,2000-03-08,LC,https://datazone.birdlife.org/species/factsheet/22714657,https://birdsoftheworld.org/bow/species/cogwar1/,,,,,,,,,,,,,,TRUE,,,,,,,TRUE,,,,FALSE
22459,avibase-2470FC01,Passeriformes,Locustellidae,"Grasshopper Warblers, Grassbirds, and Allies",Catriscus brevirostris,Fan-tailed Grassbird,,fatgra1,avibase-2470FC01,ebd,FALSE,native,305,1977-05-06,2026-05-21,LC,https://datazone.birdlife.org/species/factsheet/22715572,https://birdsoftheworld.org/bow/species/fatgra1/,,,,,,,,,,,,,,,,,,,,,,,,,FALSE
22477,avibase-8160D091,Passeriformes,Locustellidae,"Grasshopper Warblers, Grassbirds, and Allies",Bradypterus lopezi,Evergreen Forest Warbler,,camscw1,avibase-8160D091;avibase-91311B39,ebd,FALSE,native,947,1925-07-01,2026-06-30,LC,https://datazone.birdlife.org/species/factsheet/22714485,https://birdsoftheworld.org/bow/species/camscw1/,,,,,,,,,,,,,,,,,,,,,,,,,FALSE
22487,avibase-523913AE,Passeriformes,Locustellidae,"Grasshopper Warblers, Grassbirds, and Allies",Bradypterus cinnamomeus,Cinnamon Bracken Warbler,,cibwar1,avibase-523913AE,ebd,FALSE,native,2606,1925-07-01,2026-06-26,LC,https://datazone.birdlife.org/species/factsheet/22714503,https://birdsoftheworld.org/bow/species/cibwar1/,,,,,,,,,,,,,,,,,,,,,,,,,FALSE
22495,avibase-ED9EE880,Passeriformes,Locustellidae,"Grasshopper Warblers, Grassbirds, and Allies",Bradypterus baboecala,Little Rush Warbler,"Taxon chadensis is treated as a subspecies of Bradypterus baboecala based on vocalizations; the songs of B. baboecala, including chadensis, are low-pitched and distinguishable from the high-pitched songs of B. centralis (Dowsett-Lemaire 2022). Conflicts between mitochondrial DNA (Alström et al. 2018a) and vocal data (Dowsett-Lemaire 2022) suggest that species limits within the B. baboecala and B. centralis complexes are in need of a comprehensive review.",afbwar1,avibase-ED9EE880,ebd,FALSE,native,369,1983-09-01,2026-06-04,LC,https://datazone.birdlife.org/species/factsheet/219592393,https://birdsoftheworld.org/bow/species/afbwar1/,,,,,,,,,,,,,,,,,,,,,,,,,FALSE
22503,avibase-8CA1A851,Passeriformes,Locustellidae,"Grasshopper Warblers, Grassbirds, and Allies",Bradypterus carpalis,White-winged Swamp Warbler,,wwswar1,avibase-8CA1A851,ebd,FALSE,native,278,1997-09-16,2026-05-27,LC,https://datazone.birdlife.org/species/factsheet/22714461,https://birdsoftheworld.org/bow/species/wwswar1/,,,,,,,,,,,,,,,,,,,,,,,,,FALSE
22505,avibase-D6A69E06,Passeriformes,Locustellidae,"Grasshopper Warblers, Grassbirds, and Allies",Bradypterus centralis,Highland Rush Warbler,,hirwar2,avibase-D6A69E06,ebd,FALSE,native,1455,1977-08-11,2026-06-28,LC,https://datazone.birdlife.org/species/factsheet/219592883,https://birdsoftheworld.org/bow/species/hirwar2/,,,,,,,,,,,,,,,,,,,,,,,,,FALSE
22585,avibase-88AAE3D3,Passeriformes,Hirundinidae,Swallows,Psalidoprocne albiceps,White-headed Saw-wing,,whhsaw1,avibase-1BC5FAD4;avibase-88AAE3D3,ebd,FALSE,native,6283,1965-10-25,2026-06-30,LC,https://datazone.birdlife.org/species/factsheet/22712515,https://birdsoftheworld.org/bow/species/whhsaw1/,,,,,,,,,,,,,,,,,,,,,,,,,FALSE
22588,avibase-4AC57370,Passeriformes,Hirundinidae,Swallows,Psalidoprocne pristoptera,Black Saw-wing,,blksaw1,avibase-4AC57370,ebd,FALSE,native,14773,1965-10-25,2026-06-30,LC,https://datazone.birdlife.org/species/factsheet/22712540,https://birdsoftheworld.org/bow/species/blksaw1/,,,,,,,,,,,,,,,,,,,,,,,,,FALSE
22604,avibase-97E7A30B,Passeriformes,Hirundinidae,Swallows,Pseudhirundo griseopyga,Grey-rumped Swallow,,gyrswa1,avibase-97E7A30B,ebd,FALSE,native,383,1953-08-07,2026-06-21,LC,https://datazone.birdlife.org/species/factsheet/22712209,https://birdsoftheworld.org/bow/species/gyrswa1/,,TRUE,,,,,,,,,,,,,,,,,,,,,,,FALSE
22608,avibase-6C7BEEC6,Passeriformes,Hirundinidae,Swallows,Phedina borbonica,Mascarene Martin,,masmar1,avibase-6C7BEEC6,ebd,FALSE,native,25,1978-06-24,2024-07-26,LC,https://datazone.birdlife.org/species/factsheet/22712198,https://birdsoftheworld.org/bow/species/masmar1/,,,,,,,,,,TRUE,,,,TRUE,,,,TRUE,,,,,,,FALSE
22614,avibase-1AED683B,Passeriformes,Hirundinidae,Swallows,Neophedina cincta,Banded Martin,,banmar1,avibase-1AED683B,ebd,FALSE,native,3667,1969-07-21,2026-06-27,LC,https://datazone.birdlife.org/species/factsheet/22712194,https://birdsoftheworld.org/bow/species/banmar1/,,TRUE,,,,,,,,,,,,,,,,,,,,,,,FALSE
22622,avibase-94A1C447,Passeriformes,Hirundinidae,Swallows,Riparia riparia,Sand Martin,,banswa,avibase-94A1C447,ebd,FALSE,native,2706,1971-04-17,2026-05-31,LC,https://datazone.birdlife.org/species/factsheet/103815961,https://birdsoftheworld.org/bow/species/banswa/,,,,,,,,,,,,TRUE,,,,,,,,,,,,,FALSE
22636,avibase-D2854489,Passeriformes,Hirundinidae,Swallows,Riparia paludicola,Brown-throated Martin,"Taxon cowani is treated as a monotypic species separate from Riparia paludicola based on a relatively deep genomic DNA divergence (Brown 2019), supported by plumage and vocalizations. However, a comprehensive review of morphological, vocal, and genetic variation across the R. paludicola complex would be informative.",plamar1,avibase-D2854489,ebd,FALSE,native,12600,1963-06-23,2026-06-30,LC,https://datazone.birdlife.org/species/factsheet/103815402,https://birdsoftheworld.org/bow/species/plamar1/,,TRUE,,,,,,,,,,,,,,,,,,,,,,,FALSE
22721,avibase-A85102D3,Passeriformes,Hirundinidae,Swallows,Ptyonoprogne rufigula,Red-throated Rock Martin,"2025-1041)) Three polytypic species are recognized in the Ptyonoprogne fuligula complex based on a combination of plumage, size, vocalizations, and genetics (Brown 2019): P. fuligula (including anderssoni and pretoriae); P. rufigula (including bansoensis and pusilla); and P. obsoleta (all remaining subspecies). Further research to assess gene flow in areas of contact would be informative. 2025-1211)) Taxon pusilla is treated as a subspecies of Ptyonoprogne rufigula, rather than of P. obsoleta, based on biogeography and plumage (Ash & Atkins 2009).",rocmar4,avibase-A85102D3,ebd,FALSE,native,14103,1961-04-09,2026-06-28,NE,,https://birdsoftheworld.org/bow/species/rocmar4/,,,,,,,,,,,,,,,,,,,,,,,,,FALSE
22734,avibase-CB7FB32A,Passeriformes,Hirundinidae,Swallows,Hirundo atrocaerulea,Blue Swallow,,bluswa1,avibase-CB7FB32A,ebd,FALSE,native,61,1983-07-27,2026-06-25,EN,https://datazone.birdlife.org/species/factsheet/22712318,https://birdsoftheworld.org/bow/species/bluswa1/,TRUE,,,,,,,,,,,,,,,,,,,,,,,,FALSE
22753,avibase-B79D6B3D,Passeriformes,Hirundinidae,Swallows,Hirundo smithii,Wire-tailed Swallow,,witswa1,avibase-B79D6B3D,ebd,FALSE,native,15574,1965-10-25,2026-06-30,LC,https://datazone.birdlife.org/species/factsheet/22712299,https://birdsoftheworld.org/bow/species/witswa1/,,,,,,,,,,,,,,,,,,,,,,,,,FALSE
22758,avibase-58C502EA,Passeriformes,Hirundinidae,Swallows,Hirundo rustica,Barn Swallow,,barswa,avibase-58C502EA;avibase-C5234C66;avibase-F93910B4,ebd,FALSE,native,30585,1961-04-06,2026-06-30,LC,https://datazone.birdlife.org/species/factsheet/22712252,https://birdsoftheworld.org/bow/species/barswa/,,,,,,,,,,,,TRUE,,,,,,,,,,,,,FALSE
22767,avibase-42E93B64,Passeriformes,Hirundinidae,Swallows,Hirundo aethiopica,Ethiopian Swallow,,ethswa1,avibase-42E93B64,ebd,FALSE,native,2697,1966-04-03,2026-06-30,LC,https://datazone.birdlife.org/species/factsheet/22712266,https://birdsoftheworld.org/bow/species/ethswa1/,,,,,,,,,,,,,,,,,,,,,,,,,FALSE
22770,avibase-B418B155,Passeriformes,Hirundinidae,Swallows,Hirundo angolensis,Angola Swallow,,angswa1,avibase-B418B155,ebd,FALSE,native,1911,1973-10-11,2026-06-25,LC,https://datazone.birdlife.org/species/factsheet/22712272,https://birdsoftheworld.org/bow/species/angswa1/,,,,,,,,,,,,,,,,,,,,,,,,,FALSE
22778,avibase-30FEC6BE,Passeriformes,Hirundinidae,Swallows,Delichon urbicum,Western House Martin,,comhom1,avibase-30FEC6BE,ebd,FALSE,native,3154,1966-03-31,2026-05-25,LC,https://datazone.birdlife.org/species/factsheet/103811886,https://birdsoftheworld.org/bow/species/comhom1/,,,,,,,,,,,,TRUE,,,,,,,,,,,,,FALSE
22790,avibase-5ACC908D,Passeriformes,Hirundinidae,Swallows,Cecropis abyssinica,Lesser Striped Swallow,,lessts1,avibase-5ACC908D,ebd,FALSE,native,18042,1969-07-12,2026-06-30,LC,https://datazone.birdlife.org/species/factsheet/22712350,https://birdsoftheworld.org/bow/species/lessts1/,,,,,,,,,,,,,,,,,,,,,,,,,FALSE
22797,avibase-958F4A5E,Passeriformes,Hirundinidae,Swallows,Cecropis semirufa,Red-breasted Swallow,,rucswa2,avibase-958F4A5E,ebd,FALSE,native,815,1972-10-25,2026-06-27,LC,https://datazone.birdlife.org/species/factsheet/22712358,https://birdsoftheworld.org/bow/species/rucswa2/,,,,,,,,,,,,,,,,,,,,,,,,,FALSE
22801,avibase-9185D29D,Passeriformes,Hirundinidae,Swallows,Cecropis senegalensis,Mosque Swallow,,mosswa2,avibase-9185D29D,ebd,FALSE,native,4681,1969-07-07,2026-06-26,LC,https://datazone.birdlife.org/species/factsheet/22712365,https://birdsoftheworld.org/bow/species/mosswa2/,,,,,,,,,,,,,,,,,,,,,,,,,FALSE
22805,avibase-91315CD4,Passeriformes,Hirundinidae,Swallows,Cecropis melanocrissus,African Red-rumped Swallow,"Five species are recognized in the Cecropis daurica complex based on a combination of plumage, vocalizations, and evidence from mitochondrial (Sheldon et al. 2005) and genomic DNA data (Brown 2019; Schield et al. 2024): monotypic C. hyperythra based on plumage and vocalizations; monotypic C. badia based on plumage, size, and parapatry with populations of daurica; polytypic C. daurica involving a merger of most populations of temperate-migratory daurica and tropical Asian striolata based on clinality in plumage and genetic paraphyly; monotypic C. rufula based on plumage, genetics, and a zone of parapatry with populations of C. daurica; and polytypic C. melanocrissus based on plumage and genetics. A comprehensive review of this complex integrating formal bioacoustic analyses, broad genomic sampling, and phenotypic variation, is desirable.",rerswa12,avibase-91315CD4;avibase-F7CED70E,ebd,FALSE,native,16176,1965-10-25,2026-06-30,NE,,https://birdsoftheworld.org/bow/species/rerswa12/,,,,,,,,,,,,,,,,,,,,,,,,,FALSE
22810,avibase-B4967714,Passeriformes,Hirundinidae,Swallows,Cecropis rufula,European Red-rumped Swallow,"Five species are recognized in the Cecropis daurica complex based on a combination of plumage, vocalizations, and evidence from mitochondrial (Sheldon et al. 2005) and genomic DNA data (Brown 2019; Schield et al. 2024): monotypic C. hyperythra based on plumage and vocalizations; monotypic C. badia based on plumage, size, and parapatry with populations of daurica; polytypic C. daurica involving a merger of most populations of temperate-migratory daurica and tropical Asian striolata based on clinality in plumage and genetic paraphyly; monotypic C. rufula based on plumage, genetics, and a zone of parapatry with populations of C. daurica; and polytypic C. melanocrissus based on plumage and genetics. A comprehensive review of this complex integrating formal bioacoustic analyses, broad genomic sampling, and phenotypic variation, is desirable.",rerswa8,avibase-B4967714,ebd,FALSE,native,29,2019-11-18,2025-11-23,NE,,https://birdsoftheworld.org/bow/species/rerswa8/,,,,,,,,,,,,,,TRUE,,,,,,,TRUE,,,,FALSE
22824,avibase-7D1AE743,Passeriformes,Hirundinidae,Swallows,Petrochelidon spilodera,South African Cliff Swallow,,soaswa2,avibase-7D1AE743,ebd,FALSE,native,3,2000-07-22,2020-07-06,LC,https://datazone.birdlife.org/species/factsheet/22712412,https://birdsoftheworld.org/bow/species/soaswa2/,,,,,,,,,,,,,,TRUE,,,,,,,,,TRUE,,FALSE
22850,avibase-98BA31AA,Passeriformes,Hyliidae,Hylias,Hylia prasina,Green Hylia,,grehyl1,avibase-98BA31AA,ebd,FALSE,native,654,1973-10-10,2026-06-28,LC,https://datazone.birdlife.org/species/factsheet/22715182,https://birdsoftheworld.org/bow/species/grehyl1/,,,,,,,,,,,,,,,,,,,,,,,,,FALSE
22924,avibase-847AE7B8,Passeriformes,Erythrocercidae,Yellow Flycatchers,Erythrocercus holochlorus,Little Yellow Flycatcher,,yelfly2,avibase-847AE7B8,ebd,FALSE,native,1820,1973-03-02,2026-06-29,LC,https://datazone.birdlife.org/species/factsheet/22707012,https://birdsoftheworld.org/bow/species/yelfly2/,,,,,,,,,,,,,,,,,,,,,,,,,FALSE
23064,avibase-572C4C7F,Passeriformes,Phylloscopidae,Leaf Warblers,Phylloscopus sibilatrix,Wood Warbler,,woowar,avibase-572C4C7F,ebd,FALSE,native,30,1984-04-07,2026-01-26,LC,https://datazone.birdlife.org/species/factsheet/22715260,https://birdsoftheworld.org/bow/species/woowar/,,,,,,,,,,,,TRUE,,,,,,,,,,,,,FALSE
23105,avibase-88F4B969,Passeriformes,Phylloscopidae,Leaf Warblers,Phylloscopus trochilus,Willow Warbler,,wlwwar,avibase-88F4B969,ebd,FALSE,native,8629,1961-04-05,2026-05-09,LC,https://datazone.birdlife.org/species/factsheet/22715240,https://birdsoftheworld.org/bow/species/wlwwar/,,,,,,,,,,,,TRUE,,,,,,,,,,,,,FALSE
23116,avibase-F9F4B04D,Passeriformes,Phylloscopidae,Leaf Warblers,Phylloscopus collybita,Common Chiffchaff,"Taxon tristis is treated as a subspecies of Phylloscopus collybita based on available evidence. Sometimes split based on differences in plumage, vocalizations, and migratory strategy; however, mitochondrial and genomic DNA data (Marova et al. 2017; Shipilina et al. 2017) indicate the presence of a broad hybrid zone between tristis and P. c. abietinus.",comchi1,avibase-458C8CBE;avibase-F9F4B04D,ebd,FALSE,native,123,1987-02-05,2026-02-17,NE,,https://birdsoftheworld.org/bow/species/comchi1/,,,,,,,,,,,,TRUE,,,,,,,,,,,,,FALSE
23130,avibase-F6B77E64,Passeriformes,Phylloscopidae,Leaf Warblers,Phylloscopus ruficapilla,Yellow-throated Woodland Warbler,,yetwow1,avibase-F6B77E64,ebd,FALSE,native,476,1987-12-21,2026-06-30,LC,https://datazone.birdlife.org/species/factsheet/22715207,https://birdsoftheworld.org/bow/species/yetwow1/,,,,,,,,,,,,,,,,,,,,,,,,,FALSE
23138,avibase-E22B8495,Passeriformes,Phylloscopidae,Leaf Warblers,Phylloscopus umbrovirens,Brown Woodland Warbler,,brwwar1,avibase-E22B8495,ebd,FALSE,native,2341,1925-07-01,2026-06-20,LC,https://datazone.birdlife.org/species/factsheet/22715234,https://birdsoftheworld.org/bow/species/brwwar1/,,,,,,,,,,,,,,,,,,,,,,,,,FALSE
23148,avibase-132E0773,Passeriformes,Phylloscopidae,Leaf Warblers,Phylloscopus budongoensis,Uganda Woodland Warbler,,ugawow1,avibase-132E0773,ebd,FALSE,native,2007,1973-10-10,2026-06-28,LC,https://datazone.birdlife.org/species/factsheet/22715228,https://birdsoftheworld.org/bow/species/ugawow1/,,,,,,,,,,,,,,,,,,,,,,,,,FALSE
23280,avibase-79A45DAF,Passeriformes,Pycnonotidae,Bulbuls,Andropadus importunus,Sombre Greenbul,,somgre1,avibase-79A45DAF,ebd,FALSE,native,6673,1969-11-05,2026-06-30,LC,https://datazone.birdlife.org/species/factsheet/22712795,https://birdsoftheworld.org/bow/species/somgre1/,,,,,,,,,,,,,,,,,,,,,,,,,FALSE
23288,avibase-5D82C13B,Passeriformes,Pycnonotidae,Bulbuls,Stelgidillas gracilirostris,Slender-billed Greenbul,,slbgre1,avibase-5D82C13B,ebd,FALSE,native,3021,1969-09-08,2026-06-29,LC,https://datazone.birdlife.org/species/factsheet/22712791,https://birdsoftheworld.org/bow/species/slbgre1/,,,,,,,,,,,,,,,,,,,,,,,,TRUE,FALSE
23294,avibase-5A94FEAE,Passeriformes,Pycnonotidae,Bulbuls,Bleda syndactylus,Red-tailed Bristlebill,,combri2,avibase-5A94FEAE,ebd,FALSE,native,1347,1973-10-10,2026-06-29,LC,https://datazone.birdlife.org/species/factsheet/22713056,https://birdsoftheworld.org/bow/species/combri2/,,,,,,,,,,,,,,,,,,,,,,,,,FALSE
23299,avibase-1D9175EA,Passeriformes,Pycnonotidae,Bulbuls,Bleda ugandae,Yellow-eyed Bristlebill,"Taxon ugandae is treated as a species separate from Bleda notatus based on a combination of mitochondrial-dominated DNA data (Huntley & Voelker 2016), plumage, morphometrics, and vocal differences.",lesbri3,avibase-1D9175EA,ebd,FALSE,native,2,2012-02-23,2014-11-04,LC,https://datazone.birdlife.org/species/factsheet/103817309,https://birdsoftheworld.org/bow/species/lesbri3/,,,,,,,,,,,,,,,,,,,,,,,,,FALSE
23305,avibase-6FC57210,Passeriformes,Pycnonotidae,Bulbuls,Arizelocichla masukuensis,Shelley's Greenbul,"Taxon kakamegae (polytypic, including kungwensis) is treated as conspecific with Arizelocichla masukuensis based on available evidence. Plumage differences are slight and vocal differences are poorly documented. Although divergence in mitochondrial DNA is evident (Shakya & Sheldon 2017; De Santis et al. 2018), further research with broader geographic and genetic sampling is needed.",shegre1,avibase-6FC57210;avibase-9144EF40,ebd,FALSE,native,1350,1973-08-21,2026-06-25,LC,https://datazone.birdlife.org/species/factsheet/22712760,https://birdsoftheworld.org/bow/species/shegre1/,,,,,,,,,,,,,,,,,,,,,,,,,FALSE
23313,avibase-1EEE86B8,Passeriformes,Pycnonotidae,Bulbuls,Arizelocichla kikuyuensis,Kikuyu Mountain Greenbul,"Taxon kikuyuensis is treated as a species separate from Arizelocichla nigriceps based on plumage, vocalizations, and genetics. Although plumage differences are obvious, information from mitochondrial DNA (Shakya & Sheldon 2017; De Santis et al. 2018) is restricted to short fragments, and formal bioacoustic analyses are lacking; further research would be informative.",easmog5,avibase-1EEE86B8,ebd,FALSE,native,2527,1925-07-01,2026-06-25,NE,,https://birdsoftheworld.org/bow/species/easmog5/,,,,,,,,,,,,,,,,,,,,,,,,,FALSE
23314,avibase-FC523946,Passeriformes,Pycnonotidae,Bulbuls,Arizelocichla nigriceps,Black-headed Mountain Greenbul,"Taxon kikuyuensis is treated as a species separate from Arizelocichla nigriceps based on plumage, vocalizations, and genetics. Although plumage differences are obvious, information from mitochondrial DNA (Shakya & Sheldon 2017; De Santis et al. 2018) is restricted to short fragments, and formal bioacoustic analyses are lacking; further research would be informative.",easmog2,avibase-FC523946,ebd,FALSE,native,62,2006-06-06,2026-05-09,NE,,https://birdsoftheworld.org/bow/species/easmog2/,,,,,,,,,,,,,,,,,,,,,,,,,FALSE
23319,avibase-9A80B57C,Passeriformes,Pycnonotidae,Bulbuls,Arizelocichla striifacies,Olive-headed Greenbul,"Taxon striifacies (polytypic, including olivaceiceps) is treated as a species separate from Arizelocichla milanjensis based on available evidence. Sometimes split into 3 species (A. milanjensis, A. striifacies and A. olivaceiceps) but plumage differences support a 2-species treatment with milanjensis, the most distinctive taxon, separated at the species level. Genetic data are fragmentary but mitochondrial DNA (Shakya & Sheldon 2017) supports separation of striifacies from milanjensis. Nevertheless, a comprehensive genetic study and investigation of contact zones is needed to confirm species limits in this group.",stfgre1,avibase-9A80B57C;avibase-E4385C2A,ebd,FALSE,native,864,1983-06-22,2026-06-30,LC,https://datazone.birdlife.org/species/factsheet/22712821,https://birdsoftheworld.org/bow/species/stfgre1/,,,,,,,,,,,,,,,,,,,,,,,,,FALSE
23330,avibase-04E77EEF,Passeriformes,Pycnonotidae,Bulbuls,Atimastillas flavigula,Pale-throated Greenbul,"Taxon flavigula (polytypic, including soror) is treated as a species separate from Atimastillas flavicollis based on plumage and vocalizations. Although plumages are geographically variable they show an abrupt transition, with an apparent lack of intergradation, where their ranges approach. Available genetic data are fragmentary (Moyle & Marks 2006; Johansson et al. 2007; Fregin et al. 2012a) and comparative data lacking; further research needed.",patgre1,avibase-04E77EEF;avibase-89C51401,ebd,FALSE,native,1559,1978-09-17,2026-06-30,LC,https://datazone.birdlife.org/species/factsheet/103817506,https://birdsoftheworld.org/bow/species/patgre1/,,,,,,,,,,,,,,,,,,,,,,,,,FALSE
23335,avibase-E6A0D208,Passeriformes,Pycnonotidae,Bulbuls,Baeopogon indicator,Honeyguide Greenbul,,hongre1,avibase-E6A0D208,ebd,FALSE,native,464,1979-04-15,2026-06-28,LC,https://datazone.birdlife.org/species/factsheet/22712837,https://birdsoftheworld.org/bow/species/hongre1/,,,,,,,,,,,,,,,,,,,,,,,,,FALSE
23339,avibase-4602AC01,Passeriformes,Pycnonotidae,Bulbuls,Chlorocichla laetissima,Joyful Greenbul,,joygre1,avibase-4602AC01,ebd,FALSE,native,3124,1971-07-24,2026-06-29,LC,https://datazone.birdlife.org/species/factsheet/22712869,https://birdsoftheworld.org/bow/species/joygre1/,,,,,,,,,,,,,,,,,,,,,,,,,FALSE
23344,avibase-D083BB3F,Passeriformes,Pycnonotidae,Bulbuls,Chlorocichla flaviventris,Yellow-bellied Greenbul,,yebgre1,avibase-D083BB3F,ebd,FALSE,native,2902,1920-11-15,2026-06-30,LC,https://datazone.birdlife.org/species/factsheet/22712865,https://birdsoftheworld.org/bow/species/yebgre1/,,,,,,,,,,,,,,,,,,,,,,,,,FALSE
23361,avibase-3413C42C,Passeriformes,Pycnonotidae,Bulbuls,Eurillas virens,Little Greenbul,,litgre2,avibase-3413C42C,ebd,FALSE,native,1153,1983-07-25,2026-06-30,LC,https://datazone.birdlife.org/species/factsheet/22712766,https://birdsoftheworld.org/bow/species/litgre2/,,,,,,,,,,,,,,,,,,,,,,,,,FALSE
23367,avibase-728B225E,Passeriformes,Pycnonotidae,Bulbuls,Eurillas latirostris,Yellow-whiskered Greenbul,,yewgre1,avibase-728B225E,ebd,FALSE,native,8739,1968-06-15,2026-06-29,LC,https://datazone.birdlife.org/species/factsheet/22712800,https://birdsoftheworld.org/bow/species/yewgre1/,,,,,,,,,,,,,,,,,,,,,,,,,FALSE
23371,avibase-0B325B7F,Passeriformes,Pycnonotidae,Bulbuls,Eurillas curvirostris,Plain Greenbul,,plagre2,avibase-0B325B7F;avibase-2D11DA9C,ebd,FALSE,native,756,1980-11-09,2026-06-29,LC,https://datazone.birdlife.org/species/factsheet/22712786,https://birdsoftheworld.org/bow/species/plagre2/,,,,,,,,,,,,,,,,,,,,,,,,,FALSE
23374,avibase-486103D7,Passeriformes,Pycnonotidae,Bulbuls,Eurillas gracilis,Little Grey Greenbul,,grygre1,avibase-486103D7,ebd,FALSE,native,19,1961-06-18,2026-06-10,LC,https://datazone.birdlife.org/species/factsheet/22712777,https://birdsoftheworld.org/bow/species/grygre1/,,,,,,,,,,,,,,,,,,,,,,,,,FALSE
23378,avibase-0EA5F2E1,Passeriformes,Pycnonotidae,Bulbuls,Eurillas ansorgei,Ansorge's Greenbul,,ansgre1,avibase-0EA5F2E1,ebd,FALSE,native,1186,1980-11-09,2026-06-28,LC,https://datazone.birdlife.org/species/factsheet/22712782,https://birdsoftheworld.org/bow/species/ansgre1/,,,,,,,,,,,,,,,,,,,,,,,,TRUE,FALSE
23382,avibase-FA137697,Passeriformes,Pycnonotidae,Bulbuls,Phyllastrephus debilis,Lowland Tiny Greenbul,,tingre1,avibase-FA137697,ebd,FALSE,native,1056,1973-10-02,2026-06-25,LC,https://datazone.birdlife.org/species/factsheet/103819211,https://birdsoftheworld.org/bow/species/tingre1/,,,,,,,,,,,,,,,,,,,,,,,,,FALSE
23388,avibase-651384DF,Passeriformes,Pycnonotidae,Bulbuls,Phyllastrephus flavostriatus,Yellow-streaked Greenbul,"Taxon alfredi is treated as a subspecies of Phyllastrephus flavostriatus based on available evidence. Although mitochondrial and nuclear DNA data (Lokugalappatti 2011) showed divergence of the phenotypically distinctive alfredi, elevation to species may create a paraphyletic P. flavostriatus; further research needed.",yesbul1,avibase-651384DF,ebd,FALSE,native,2,1917-11-18,1938-11-01,LC,https://datazone.birdlife.org/species/factsheet/22730603,https://birdsoftheworld.org/bow/species/yesbul1/,,,,TRUE,,,,,,,,,,,,,,,,,,,,,FALSE
23401,avibase-07FD1D4C,Passeriformes,Pycnonotidae,Bulbuls,Phyllastrephus terrestris,Terrestrial Brownbul,,terbro1,avibase-07FD1D4C,ebd,FALSE,native,441,1921-06-01,2026-06-22,LC,https://datazone.birdlife.org/species/factsheet/22712905,https://birdsoftheworld.org/bow/species/terbro1/,,,,,,,,,,,,,,,,,,,,,,,,,FALSE
23407,avibase-29820AD9,Passeriformes,Pycnonotidae,Bulbuls,Phyllastrephus strepitans,Northern Brownbul,,norbro1,avibase-29820AD9,ebd,FALSE,native,4163,1970-07-29,2026-06-30,LC,https://datazone.birdlife.org/species/factsheet/22712910,https://birdsoftheworld.org/bow/species/norbro1/,,,,,,,,,,,,,,,,,,,,,,,,,FALSE
23408,avibase-7CE29E0E,Passeriformes,Pycnonotidae,Bulbuls,Phyllastrephus cerviniventris,Grey-olive Greenbul,,gyogre1,avibase-7CE29E0E,ebd,FALSE,native,555,1888-08-14,2026-06-24,LC,https://datazone.birdlife.org/species/factsheet/22712919,https://birdsoftheworld.org/bow/species/gyogre1/,,,,,,,,,,,,,,,,,,,,,,,,,FALSE
23411,avibase-2DA2C52F,Passeriformes,Pycnonotidae,Bulbuls,Phyllastrephus fischeri,Fischer's Greenbul,,fisgre1,avibase-2DA2C52F,ebd,FALSE,native,1194,1970-07-25,2026-06-25,LC,https://datazone.birdlife.org/species/factsheet/22712896,https://birdsoftheworld.org/bow/species/fisgre1/,,,,,,,,,,,,,,,,,,,,,,,,,FALSE
23412,avibase-24F71192,Passeriformes,Pycnonotidae,Bulbuls,Phyllastrephus cabanisi,Cabanis's Greenbul,"Taxon placidus is treated as a subspecies of Phyllastrephus cabanisi (polytypic, including sucosus) based on available evidence. Sometimes treated as separate species based on morphology (Dowsett 1972), taxon sucosus has been shown to be intermediate in size between the two (Dowsett-Lemaire 1990; Dowsett & Dowsett-Lemaire 1993), and they lack significant vocal, behavioral, and ecological differences. Genetic data are fragmentary (Johansson et al. 2007; De Santis et al. 2018), and largely uninformative; further research needed.",cabgre1,avibase-24F71192;avibase-3029C547;avibase-CF1DDF4E,ebd,FALSE,native,5147,1938-11-01,2026-06-30,LC,https://datazone.birdlife.org/species/factsheet/22712890,https://birdsoftheworld.org/bow/species/cabgre1/,,,,,,,,,,,,,,,,,,,,,,,,,FALSE
23421,avibase-2E3D5AAF,Passeriformes,Pycnonotidae,Bulbuls,Phyllastrephus hypochloris,Toro Olive Greenbul,,toogre1,avibase-2E3D5AAF,ebd,FALSE,native,492,1979-08-20,2026-06-27,LC,https://datazone.birdlife.org/species/factsheet/22712935,https://birdsoftheworld.org/bow/species/toogre1/,,,,,,,,,,,,,,,,,,,,,,,,,FALSE
23566,avibase-6ABDB635,Passeriformes,Pycnonotidae,Bulbuls,Pycnonotus barbatus,Common Bulbul,"The Pycnonotus barbatus complex is treated as a single polytypic species based on available evidence. Sometimes split into four species (P. barbatus, P. somaliensis, P. dodsoni, and P. tricolor); however, plumage differences are minor, intermediate phenotypes and potential hybrids have been reported (e.g., Turner & Pearson 2015), and vocal differences appear negligible. Although ad hoc mitochondrial DNA data are available for some taxa (Sorenson & Payne 2001; Moyle & Marks 2006; Fuchs et al. 2009, 2018c; Dejtaradol et al. 2016; Huntley & Voelker 2016) a comprehensive genetic review of this complex is lacking; further research needed.",combul2,avibase-4CCFF282;avibase-6ABDB635;avibase-ADC1F0C9;avibase-B2F86107,ebd,FALSE,native,67163,1965-10-25,2026-06-30,LC,https://datazone.birdlife.org/species/factsheet/22712650,https://birdsoftheworld.org/bow/species/combul2/,,,,,,,,,,,,,,,,,,,,,,,,,FALSE
23737,avibase-A6A4FC63,Passeriformes,Sylviidae,Sylviid Warblers and Allies,Sylvia borin,Garden Warbler,,garwar1,avibase-A6A4FC63,ebd,FALSE,native,1270,1971-04-14,2026-04-19,LC,https://datazone.birdlife.org/species/factsheet/22716906,https://birdsoftheworld.org/bow/species/garwar1/,,,,,,,,,,,,TRUE,,,,,,,,,,,,,FALSE
23740,avibase-61F9065B,Passeriformes,Sylviidae,Sylviid Warblers and Allies,Sylvia atricapilla,Eurasian Blackcap,,blackc1,avibase-61F9065B,ebd,FALSE,native,2828,1971-03-28,2026-04-29,LC,https://datazone.birdlife.org/species/factsheet/22716901,https://birdsoftheworld.org/bow/species/blackc1/,,,,,,,,,,,,TRUE,,,,,,,,,,,,,FALSE
23750,avibase-7C3026CC,Passeriformes,Sylviidae,Sylviid Warblers and Allies,Sylvia abyssinica,African Hill Babbler,,afhbab1,avibase-7C3026CC;avibase-800BEF43,ebd,FALSE,native,2215,1925-07-01,2026-06-28,LC,https://datazone.birdlife.org/species/factsheet/103872581,https://birdsoftheworld.org/bow/species/afhbab1/,,,,,,,,,,,,,,,,,,,,,,,,,FALSE
23758,avibase-1EA60B94,Passeriformes,Sylviidae,Sylviid Warblers and Allies,Curruca nisoria,Barred Warbler,,barwar1,avibase-1EA60B94,ebd,FALSE,native,547,1976-02-20,2026-04-06,LC,https://datazone.birdlife.org/species/factsheet/22716937,https://birdsoftheworld.org/bow/species/barwar1/,,,,,,,,,,,,TRUE,,,,,,,,,,,,,FALSE
23766,avibase-982C918E,Passeriformes,Sylviidae,Sylviid Warblers and Allies,Curruca boehmi,Banded Parisoma,,banwar2,avibase-982C918E,ebd,FALSE,native,3863,1973-08-29,2026-06-30,LC,https://datazone.birdlife.org/species/factsheet/22716883,https://birdsoftheworld.org/bow/species/banwar2/,,,,,,,,,,,,,,,,,,,,,,,,TRUE,FALSE
23775,avibase-0DCD05BE,Passeriformes,Sylviidae,Sylviid Warblers and Allies,Curruca curruca,Lesser Whitethroat,"Taxon minula (polytypic, including margelanica) and taxon althaea (monotypic) are treated as conspecific with Curruca curruca pending further research. Analyses of mitochondrial DNA (Olsson et al. 2013a), genome-wide DNA data (Abdilzadeh et al. 2023), and stable isotopes (Votier et al. 2016) suggest that this complex should be treated as more than one species, but more comprehensive genomic and vocal analyses are needed to better define species limits.",leswhi4,avibase-0DCD05BE;avibase-6AF31870,ebd,FALSE,native,3,2016-02-26,2022-11-12,LC,https://datazone.birdlife.org/species/factsheet/22734992,https://birdsoftheworld.org/bow/species/leswhi4/,,,,,,,,,,,,,,TRUE,,,,,,,TRUE,,,,FALSE
23783,avibase-16FEF081,Passeriformes,Sylviidae,Sylviid Warblers and Allies,Curruca lugens,Brown Parisoma,,brnwar1,avibase-16FEF081;avibase-D624520A,ebd,FALSE,native,1381,1972-04-17,2026-06-20,LC,https://datazone.birdlife.org/species/factsheet/22716878,https://birdsoftheworld.org/bow/species/brnwar1/,,,,,,,,,,,,,,,,,,,,,,,,,FALSE
23810,avibase-14AFBA82,Passeriformes,Sylviidae,Sylviid Warblers and Allies,Curruca communis,Common Whitethroat,,grewhi1,avibase-14AFBA82,ebd,FALSE,native,1773,1973-02-22,2026-05-09,LC,https://datazone.birdlife.org/species/factsheet/22716910,https://birdsoftheworld.org/bow/species/grewhi1/,,,,,,,,,,,,TRUE,,,,,,,,,,,,,FALSE
24081,avibase-F80D69C2,Passeriformes,Zosteropidae,"White-eyes, Yuhinas, and Allies",Zosterops flavilateralis,Pale White-eye,,whbwhe3,avibase-F80D69C2,ebd,FALSE,native,4461,1969-06-15,2026-06-30,LC,https://datazone.birdlife.org/species/factsheet/103889267,https://birdsoftheworld.org/bow/species/whbwhe3/,,,,,,,,,,,,,,,,,,,,,,,,,FALSE
24084,avibase-086290D2,Passeriformes,Zosteropidae,"White-eyes, Yuhinas, and Allies",Zosterops mbuluensis,Mbulu White-eye,,brrwhe9,avibase-086290D2,ebd,FALSE,native,101,1985-10-03,2026-06-13,LC,https://datazone.birdlife.org/species/factsheet/103891253,https://birdsoftheworld.org/bow/species/brrwhe9/,,,,,,,,,,,,,,,,,,,,,,,,,FALSE
24140,avibase-33C35018,Passeriformes,Zosteropidae,"White-eyes, Yuhinas, and Allies",Zosterops stuhlmanni,Green White-eye,"The Zosterops senegalensis complex is split into five species based mostly on Martins et al. (2020): polytypic Z. senegalensis; polytypic Z. stuhlmanni; polytypic Z. anderssoni; polytypic Z. kasaicus; and monotypic Z. stenocricotus. Mitochondrial DNA data consistently recover members of the Z. senegalensis sensu lato complex as non-monophyletic (Melo et al. 2011; Cox et al. 2014; Martins et al. 2020) leading to the recognition of five species. However, geographic sampling is limited and supporting information from genomic data, which may provide an additional perspective on species limits in this complex, are lacking.",afywhe3,avibase-33C35018,ebd,FALSE,native,1,2019-02-08,2019-02-08,NE,,https://birdsoftheworld.org/bow/species/afywhe3/,,,,,,,,,,,,,,,,,,,,,,,,,FALSE
24145,avibase-A23B8E7A,Passeriformes,Zosteropidae,"White-eyes, Yuhinas, and Allies",Zosterops eurycricotus,Broad-ringed White-eye,,brrwhe8,avibase-A23B8E7A,ebd,FALSE,native,145,2020-07-22,2026-05-09,LC,https://datazone.birdlife.org/species/factsheet/103891241,https://birdsoftheworld.org/bow/species/brrwhe8/,,,,,,,,,,,,,,,,,,,,,,,,,FALSE
24148,avibase-52C60399,Passeriformes,Zosteropidae,"White-eyes, Yuhinas, and Allies",Zosterops kaffensis,Kafa White-eye,"Taxon kaffensis (polytypic, including kulalensis) is treated as a species separate from Zosterops poliogastrus based mostly on mitochondrial DNA evidence (Martins et al. 2020), and apparent parapatry between nominate kaffensis and poliogastrus. Although sometimes split into three species, the status of the isolated taxon kulalensis remains uncertain as it is somewhat intermediate in plumage between poliogastrus and kaffensis, but larger than both; further research needed.",kafwhe1,avibase-38EA4555;avibase-52C60399,ebd,FALSE,native,23,1984-08-05,2025-08-26,NE,,https://birdsoftheworld.org/bow/species/kafwhe1/,,,,,,,,,,,,,,,,,,,,,,,,,FALSE
24151,avibase-6483A467,Passeriformes,Zosteropidae,"White-eyes, Yuhinas, and Allies",Zosterops kikuyuensis,Kikuyu White-eye,,brrwhe3,avibase-6483A467,ebd,FALSE,native,8238,1965-02-04,2026-06-28,LC,https://datazone.birdlife.org/species/factsheet/103891215,https://birdsoftheworld.org/bow/species/brrwhe3/,,,TRUE,,,,,,,,,,,,,,,,,,,,,,FALSE
24157,avibase-B24BD4A1,Passeriformes,Zosteropidae,"White-eyes, Yuhinas, and Allies",Zosterops silvanus,Taita White-eye,,brrwhe4,avibase-B24BD4A1,ebd,FALSE,native,996,1938-11-01,2026-06-30,VU,https://datazone.birdlife.org/species/factsheet/22713957,https://birdsoftheworld.org/bow/species/brrwhe4/,,,TRUE,,,,,,,,,,,,,,,,,,,,,,FALSE
24158,avibase-86F34425,Passeriformes,Zosteropidae,"White-eyes, Yuhinas, and Allies",Zosterops senegalensis,Northern Yellow White-eye,"The Zosterops senegalensis complex is split into five species based mostly on Martins et al. (2020): polytypic Z. senegalensis; polytypic Z. stuhlmanni; polytypic Z. anderssoni; polytypic Z. kasaicus; and monotypic Z. stenocricotus. Mitochondrial DNA data consistently recover members of the Z. senegalensis sensu lato complex as non-monophyletic (Melo et al. 2011; Cox et al. 2014; Martins et al. 2020) leading to the recognition of five species. However, geographic sampling is limited and supporting information from genomic data, which may provide an additional perspective on species limits in this complex, are lacking.",afywhe2,avibase-376C6C1A;avibase-4C51CF28;avibase-86F34425,ebd,FALSE,native,5965,1965-10-25,2026-06-30,NE,,https://birdsoftheworld.org/bow/species/afywhe2/,,,,,,,,,,,,,,,,,,,,,,,,,FALSE
24713,avibase-3805ACAD,Passeriformes,Pellorneidae,Ground Babblers and Allies,Illadopsis fulvescens,Brown Illadopsis,,broill1,avibase-1FA0B593;avibase-3805ACAD,ebd,FALSE,native,337,1983-09-14,2026-06-11,LC,https://datazone.birdlife.org/species/factsheet/22715914,https://birdsoftheworld.org/bow/species/broill1/,,,,,,,,,,,,,,,,,,,,,,,,,FALSE
24720,avibase-64078193,Passeriformes,Pellorneidae,Ground Babblers and Allies,Illadopsis rufipennis,Pale-breasted Illadopsis,"Taxon distans is treated as a monotypic species separate from Illadopsis rufipennis (polytypic) based on strong vocal differences (Boesman 2016eee), supported by divergence in some plumage traits, and genetics with mitochondrial DNA data recovering I. rufipennis as non-monophyletic (Fjeldså & Bowie 2021). Taxon puguensis is treated as a synonym of distans based on a lack of evidence of distinctness.",pabill1,avibase-64078193,ebd,FALSE,native,289,1982-12-20,2026-06-11,LC,https://datazone.birdlife.org/species/factsheet/103869025,https://birdsoftheworld.org/bow/species/pabill1/,,,,,,,,,,,,,,,,,,,,,,,,,FALSE
24724,avibase-A14D3117,Passeriformes,Pellorneidae,Ground Babblers and Allies,Illadopsis distans,Tanzanian Illadopsis,"Taxon distans is treated as a monotypic species separate from Illadopsis rufipennis (polytypic) based on strong vocal differences (Boesman 2016eee), supported by divergence in some plumage traits, and genetics with mitochondrial DNA data recovering I. rufipennis as non-monophyletic (Fjeldså & Bowie 2021). Taxon puguensis is treated as a synonym of distans based on a lack of evidence of distinctness.",pabill3,avibase-A14D3117,ebd,FALSE,native,1,1986-03-22,1986-03-22,LC,https://datazone.birdlife.org/species/factsheet/103869063,https://birdsoftheworld.org/bow/species/pabill3/,,,,,,,,,,,,,,TRUE,,,,,,,,,,,FALSE
24725,avibase-596BDE51,Passeriformes,Pellorneidae,Ground Babblers and Allies,Illadopsis pyrrhoptera,Mountain Illadopsis,,mouill1,avibase-596BDE51,ebd,FALSE,native,514,1962-04-07,2026-06-12,LC,https://datazone.birdlife.org/species/factsheet/22715918,https://birdsoftheworld.org/bow/species/mouill1/,,,,,,,,,,,,,,,,,,,,,,,,,FALSE
24734,avibase-2D157C82,Passeriformes,Pellorneidae,Ground Babblers and Allies,Illadopsis albipectus,Scaly-breasted Illadopsis,,scbill1,avibase-2D157C82,ebd,FALSE,native,797,1981-11-20,2026-06-27,LC,https://datazone.birdlife.org/species/factsheet/22715895,https://birdsoftheworld.org/bow/species/scbill1/,,,,,,,,,,,,,,,,,,,,,,,,,FALSE
25043,avibase-861DA135,Passeriformes,Leiothrichidae,Laughingthrushes and Allies,Argya rubiginosa,Rufous Chatterer,,rufcha2,avibase-861DA135,ebd,FALSE,native,7174,1969-11-07,2026-06-30,LC,https://datazone.birdlife.org/species/factsheet/22716383,https://birdsoftheworld.org/bow/species/rufcha2/,,,,,,,,,,,,,,,,,,,,,,,,,FALSE
25048,avibase-987C8F6E,Passeriformes,Leiothrichidae,Laughingthrushes and Allies,Argya aylmeri,Scaly Chatterer,,scacha1,avibase-987C8F6E,ebd,FALSE,native,597,1977-09-02,2026-06-24,LC,https://datazone.birdlife.org/species/factsheet/22716379,https://birdsoftheworld.org/bow/species/scacha1/,,,,,,,,,,,,,,,,,,,,,,,,,FALSE
25085,avibase-6EBDD2D5,Passeriformes,Leiothrichidae,Laughingthrushes and Allies,Turdoides plebejus,Brown Babbler,,brobab1,avibase-6EBDD2D5,ebd,FALSE,native,1845,1953-02-22,2026-06-28,LC,https://datazone.birdlife.org/species/factsheet/22716487,https://birdsoftheworld.org/bow/species/brobab1/,,,,,,,,,,,,,,,,,,,,,,,,,FALSE
25095,avibase-224B2B08,Passeriformes,Leiothrichidae,Laughingthrushes and Allies,Turdoides hindei,Hinde's Babbler,,hipbab1,avibase-224B2B08,ebd,FALSE,native,1404,1918-10-17,2026-06-28,NT,https://datazone.birdlife.org/species/factsheet/22716480,https://birdsoftheworld.org/bow/species/hipbab1/,,,TRUE,,,,,,,,,,,,,,,,,,,,,,FALSE
25096,avibase-0E9C6F45,Passeriformes,Leiothrichidae,Laughingthrushes and Allies,Turdoides squamulata,Scaly Babbler,,scabab2,avibase-0E9C6F45,ebd,FALSE,native,1415,1973-10-02,2026-06-30,LC,https://datazone.birdlife.org/species/factsheet/22716434,https://birdsoftheworld.org/bow/species/scabab2/,,,,,,,,,,,,,,,,,,,,,,,,,FALSE
25100,avibase-E6576A8D,Passeriformes,Leiothrichidae,Laughingthrushes and Allies,Turdoides jardineii,Arrow-marked Babbler,,armbab1,avibase-E6576A8D,ebd,FALSE,native,5080,1973-02-19,2026-06-30,LC,https://datazone.birdlife.org/species/factsheet/22716501,https://birdsoftheworld.org/bow/species/armbab1/,,,,,,,,,,,,,,,,,,,,,,,,,FALSE
25119,avibase-7350FE4C,Passeriformes,Leiothrichidae,Laughingthrushes and Allies,Turdoides sharpei,Black-lored Babbler,,bklbab1,avibase-42C9B9B1;avibase-7350FE4C;avibase-BE76A224,ebd,FALSE,native,4017,1971-04-17,2026-06-30,LC,https://datazone.birdlife.org/species/factsheet/22716462,https://birdsoftheworld.org/bow/species/bklbab1/,,,,,,,,,,,,,,,,,,,,,,,,TRUE,FALSE
25125,avibase-B0F2FB67,Passeriformes,Leiothrichidae,Laughingthrushes and Allies,Turdoides hypoleuca,Northern Pied Babbler,,norpib1,avibase-B0F2FB67,ebd,FALSE,native,5309,1952-11-01,2026-06-30,LC,https://datazone.birdlife.org/species/factsheet/22716469,https://birdsoftheworld.org/bow/species/norpib1/,,,,,,,,,,,,,,,,,,,,,,,,,FALSE
25444,avibase-A51A5F84,Passeriformes,Salpornithidae,Spotted Creepers,Salpornis salvadori,African Spotted Creeper,,spocre2,avibase-A51A5F84,ebd,FALSE,native,74,1917-04-15,2026-05-26,LC,https://datazone.birdlife.org/species/factsheet/103882123,https://birdsoftheworld.org/bow/species/spocre2/,,,,,,,,,,,,,,,,,,,,,,,,,FALSE
26065,avibase-7471E71D,Passeriformes,Buphagidae,Oxpeckers,Buphagus erythroryncha,Red-billed Oxpecker,"The original spelling was Tanagra erythroryncha, but the species was soon moved into the genus Buphagus, and many modern sources have emended the original spelling to ""erythrorhynchus"" (with an -rh). In 2023, by some measures, the usage of the -rh spelling was roughly an order of magnitude higher than the usage of the original -r spelling, but by other measures, it was only ~4 times higher, which is not considered as a prevailing usage by most practitioners, hence arguing in favor of the retention of the original -r spelling. Additionally, erythroryncha is not an adjective but a poorly formed noun, and its ending can therefore not be adjusted according to the gender of the genus. Therefore, the original spelling ""erythroryncha"" is retained.",reboxp1,avibase-7471E71D,ebd,FALSE,native,20921,1966-03-31,2026-06-30,LC,https://datazone.birdlife.org/species/factsheet/22711009,https://birdsoftheworld.org/bow/species/reboxp1/,,,,,,,,,,,,,,,,,,,,,,,,,FALSE
26066,avibase-5D970425,Passeriformes,Buphagidae,Oxpeckers,Buphagus africanus,Yellow-billed Oxpecker,,yeboxp1,avibase-5D970425,ebd,FALSE,native,9277,1969-06-22,2026-06-30,LC,https://datazone.birdlife.org/species/factsheet/22711005,https://birdsoftheworld.org/bow/species/yeboxp1/,,,,,,,,,,,,,,,,,,,,,,,,,FALSE
26336,avibase-9D95139B,Passeriformes,Sturnidae,"Rhabdornis, Starlings, and Mynas",Creatophora cinerea,Wattled Starling,,watsta1,avibase-9D95139B,ebd,FALSE,native,13692,1961-04-05,2026-06-30,LC,https://datazone.birdlife.org/species/factsheet/22710832,https://birdsoftheworld.org/bow/species/watsta1/,,TRUE,,,,,,,,,,,,,,,,,,,,,,,FALSE
26338,avibase-24208346,Passeriformes,Sturnidae,"Rhabdornis, Starlings, and Mynas",Pastor roseus,Rosy Starling,,rossta2,avibase-24208346,ebd,FALSE,native,3,2003-07-17,2021-10-09,LC,https://datazone.birdlife.org/species/factsheet/22710881,https://birdsoftheworld.org/bow/species/rossta2/,,,,,,,,,,,,,,TRUE,,,,,,,TRUE,,,,FALSE
26398,avibase-B1A3AF6C,Passeriformes,Sturnidae,"Rhabdornis, Starlings, and Mynas",Cinnyricinclus leucogaster,Violet-backed Starling,,vibsta2,avibase-B1A3AF6C,ebd,FALSE,native,6735,1969-07-10,2026-06-30,LC,https://datazone.birdlife.org/species/factsheet/22710791,https://birdsoftheworld.org/bow/species/vibsta2/,TRUE,,,,,,,,,,,,,,,,,,,,,,,,FALSE
26403,avibase-F2C7AA06,Passeriformes,Sturnidae,"Rhabdornis, Starlings, and Mynas",Onychognathus tenuirostris,Slender-billed Starling,,slbsta1,avibase-F2C7AA06,ebd,FALSE,native,784,1953-05-17,2026-06-26,LC,https://datazone.birdlife.org/species/factsheet/22710629,https://birdsoftheworld.org/bow/species/slbsta1/,,,,,,,,,,,,,,,,,,,,,,,,,FALSE
26407,avibase-508D5CA2,Passeriformes,Sturnidae,"Rhabdornis, Starlings, and Mynas",Onychognathus morio,Red-winged Starling,"Taxon neumanni (polytypic) is treated as a species separate from Onychognathus morio (polytypic) pending further research. Although bill shape and narial feathering of morio are distinct, vocalizations are similar to neumanni; further research is needed to affirm this split.",rewsta1,avibase-508D5CA2,ebd,FALSE,native,8241,1966-10-01,2026-06-30,LC,https://datazone.birdlife.org/species/factsheet/103871400,https://birdsoftheworld.org/bow/species/rewsta1/,,,,,,,,,,,,,,,,,,,,,,,,,FALSE
26417,avibase-E11D6D66,Passeriformes,Sturnidae,"Rhabdornis, Starlings, and Mynas",Onychognathus walleri,Waller's Starling,,walsta1,avibase-370BB647;avibase-C001949F;avibase-E11D6D66,ebd,FALSE,native,1401,1969-09-08,2026-06-20,LC,https://datazone.birdlife.org/species/factsheet/22710595,https://birdsoftheworld.org/bow/species/walsta1/,,,,,,,,,,,,,,,,,,,,,,,,,FALSE
26423,avibase-E8DEABBD,Passeriformes,Sturnidae,"Rhabdornis, Starlings, and Mynas",Onychognathus salvadorii,Bristle-crowned Starling,,brcsta1,avibase-E8DEABBD,ebd,FALSE,native,2375,1973-08-26,2026-06-30,LC,https://datazone.birdlife.org/species/factsheet/22710638,https://birdsoftheworld.org/bow/species/brcsta1/,,,,,,,,,,,,,,,,,,,,,,,,,FALSE
26427,avibase-40781028,Passeriformes,Sturnidae,"Rhabdornis, Starlings, and Mynas",Notopholia corusca,Black-bellied Starling,,bbgsta1,avibase-40781028,ebd,FALSE,native,3438,1953-03-26,2026-06-29,LC,https://datazone.birdlife.org/species/factsheet/22710661,https://birdsoftheworld.org/bow/species/bbgsta1/,,,,,,,,,,,,,,,,,,,,,,,,,FALSE
26440,avibase-D3390C6C,Passeriformes,Sturnidae,"Rhabdornis, Starlings, and Mynas",Speculipastor bicolor,Magpie Starling,,magsta1,avibase-D3390C6C,ebd,FALSE,native,1663,1974-08-17,2026-06-24,LC,https://datazone.birdlife.org/species/factsheet/22710795,https://birdsoftheworld.org/bow/species/magsta1/,,,,,,,,,,,,,,,,,,,,,,,,,FALSE
26444,avibase-D6F2837E,Passeriformes,Sturnidae,"Rhabdornis, Starlings, and Mynas",Pholia sharpii,Sharpe's Starling,"Taxon sharpii is placed in the monospecific genus Pholia and taxon femoralis is placed in a monospecific Arizelopsar based on morphology and genetics. Sometimes placed in Poeoptera, but mitochondrial DNA divergences among these three genera are relatively deep (Lovette & Rubenstein 2007).",shasta2,avibase-D6F2837E,ebd,FALSE,native,532,1925-07-01,2026-06-18,LC,https://datazone.birdlife.org/species/factsheet/22710783,https://birdsoftheworld.org/bow/species/shasta2/,,,,,,,,,,,,,,,,,,,,,,,,,FALSE
26446,avibase-1350773F,Passeriformes,Sturnidae,"Rhabdornis, Starlings, and Mynas",Arizelopsar femoralis,Abbott's Starling,"Taxon sharpii is placed in the monospecific genus Pholia and taxon femoralis is placed in a monospecific Arizelopsar based on morphology and genetics. Sometimes placed in Poeoptera, but mitochondrial DNA divergences among these three genera are relatively deep (Lovette & Rubenstein 2007).",abbsta2,avibase-1350773F,ebd,FALSE,native,518,1953-04-04,2026-06-14,EN,https://datazone.birdlife.org/species/factsheet/22710787,https://birdsoftheworld.org/bow/species/abbsta2/,,,,,,,,,,,,,,,,,,,,,,,,,FALSE
26449,avibase-AEC1B69C,Passeriformes,Sturnidae,"Rhabdornis, Starlings, and Mynas",Poeoptera stuhlmanni,Stuhlmann's Starling,,stusta1,avibase-AEC1B69C,ebd,FALSE,native,2008,1972-09-16,2026-06-29,LC,https://datazone.birdlife.org/species/factsheet/22710579,https://birdsoftheworld.org/bow/species/stusta1/,,,,,,,,,,,,,,,,,,,,,,,,,FALSE
26450,avibase-295B9665,Passeriformes,Sturnidae,"Rhabdornis, Starlings, and Mynas",Poeoptera kenricki,Kenrick's Starling,,kensta1,avibase-295B9665,ebd,FALSE,native,113,1919-08-03,2026-05-13,LC,https://datazone.birdlife.org/species/factsheet/22710583,https://birdsoftheworld.org/bow/species/kensta1/,,,,,,,,,,,,,,,,,,,,,,,,TRUE,FALSE
26454,avibase-621F6E07,Passeriformes,Sturnidae,"Rhabdornis, Starlings, and Mynas",Lamprotornis hildebrandti,Hildebrandt's Starling,,hilsta1,avibase-621F6E07,ebd,FALSE,native,11611,1953-02-04,2026-06-30,LC,https://datazone.birdlife.org/species/factsheet/22710779,https://birdsoftheworld.org/bow/species/hilsta1/,,,,,,,,,,,,,,,,,,,,,,,,,FALSE
26455,avibase-B24A13C7,Passeriformes,Sturnidae,"Rhabdornis, Starlings, and Mynas",Lamprotornis shelleyi,Shelley's Starling,,shesta1,avibase-B24A13C7,ebd,FALSE,native,198,1987-03-11,2026-06-30,LC,https://datazone.birdlife.org/species/factsheet/22710775,https://birdsoftheworld.org/bow/species/shesta1/,,TRUE,,,,,,,,,,,,,,,,,,,,,,,FALSE
26458,avibase-3BB2565D,Passeriformes,Sturnidae,"Rhabdornis, Starlings, and Mynas",Lamprotornis purpuroptera,Rüppell's Starling,,ruegls1,avibase-3BB2565D,ebd,FALSE,native,19091,1969-07-07,2026-06-30,LC,https://datazone.birdlife.org/species/factsheet/22710751,https://birdsoftheworld.org/bow/species/ruegls1/,,,,,,,,,,,,,,,,,,,,,,,,,FALSE
26466,avibase-0AA15ACA,Passeriformes,Sturnidae,"Rhabdornis, Starlings, and Mynas",Lamprotornis chloropterus,Lesser Blue-eared Starling,"Taxon elisabeth (monotypic) is treated as a subspecies of Lamprotornis chloropterus based on available evidence. Distributions appear continuous and vocalizations are similar, the taxa differing only in the belly color of juveniles; genetic data for elisabeth are lacking.",lbesta1,avibase-0319D393;avibase-0AA15ACA;avibase-951890AD,ebd,FALSE,native,495,1921-06-15,2026-05-26,LC,https://datazone.birdlife.org/species/factsheet/106005777,https://birdsoftheworld.org/bow/species/lbesta1/,,,,,,,,,,,,,,,,,,,,,,,,,FALSE
26473,avibase-7DDB347E,Passeriformes,Sturnidae,"Rhabdornis, Starlings, and Mynas",Lamprotornis chalybaeus,Greater Blue-eared Starling,,gbesta1,avibase-7DDB347E,ebd,FALSE,native,17738,1963-06-22,2026-06-30,LC,https://datazone.birdlife.org/species/factsheet/22710689,https://birdsoftheworld.org/bow/species/gbesta1/,,,,,,,,,,,,,,,,,,,,,,,,,FALSE
26478,avibase-6A0BA87A,Passeriformes,Sturnidae,"Rhabdornis, Starlings, and Mynas",Lamprotornis purpureus,Purple Starling,,pugsta1,avibase-6A0BA87A,ebd,FALSE,native,56,1991-11-30,2026-02-19,LC,https://datazone.birdlife.org/species/factsheet/22710668,https://birdsoftheworld.org/bow/species/pugsta1/,,,,,,,,,,,,,,,,,,,,,,,,,FALSE
26482,avibase-AEEED5D0,Passeriformes,Sturnidae,"Rhabdornis, Starlings, and Mynas",Lamprotornis chalcurus,Bronze-tailed Starling,,btgsta1,avibase-AEEED5D0,ebd,FALSE,native,92,1993-01-30,2026-02-26,LC,https://datazone.birdlife.org/species/factsheet/22710682,https://birdsoftheworld.org/bow/species/btgsta1/,,,,,,,,,,,,,,,,,,,,,,,,,FALSE
26485,avibase-EE674721,Passeriformes,Sturnidae,"Rhabdornis, Starlings, and Mynas",Lamprotornis regius,Golden-breasted Starling,,gobsta5,avibase-EE674721,ebd,FALSE,native,4800,1966-10-01,2026-06-30,LC,https://datazone.birdlife.org/species/factsheet/22710817,https://birdsoftheworld.org/bow/species/gobsta5/,,,,,,,,,,,,,,,,,,,,,,,,,FALSE
26487,avibase-18B10CF9,Passeriformes,Sturnidae,"Rhabdornis, Starlings, and Mynas",Lamprotornis splendidus,Splendid Starling,,spgsta1,avibase-18B10CF9,ebd,FALSE,native,75,1980-03-02,2026-05-09,LC,https://datazone.birdlife.org/species/factsheet/22710716,https://birdsoftheworld.org/bow/species/spgsta1/,,TRUE,,,,,,,,,,,,,,,,,,,,,,,FALSE
26494,avibase-405CCAAE,Passeriformes,Sturnidae,"Rhabdornis, Starlings, and Mynas",Lamprotornis superbus,Superb Starling,,supsta1,avibase-405CCAAE,ebd,FALSE,native,53935,1962-07-14,2026-06-30,LC,https://datazone.birdlife.org/species/factsheet/22710767,https://birdsoftheworld.org/bow/species/supsta1/,,,,,,,,,,,,,,,,,,,,,,,,,FALSE
26495,avibase-4FF4CAF8,Passeriformes,Sturnidae,"Rhabdornis, Starlings, and Mynas",Lamprotornis fischeri,Fischer's Starling,,fissta1,avibase-4FF4CAF8,ebd,FALSE,native,5429,1970-07-10,2026-06-30,LC,https://datazone.birdlife.org/species/factsheet/22710804,https://birdsoftheworld.org/bow/species/fissta1/,,,,,,,,,,,,,,,,,,,,,,,,,FALSE
26496,avibase-A77D4A77,Passeriformes,Sturnidae,"Rhabdornis, Starlings, and Mynas",Lamprotornis albicapillus,White-crowned Starling,,whcsta3,avibase-A77D4A77,ebd,FALSE,native,92,1980-11-25,2026-05-20,LC,https://datazone.birdlife.org/species/factsheet/22710813,https://birdsoftheworld.org/bow/species/whcsta3/,,,,,,,,,,,,,,,,,,,,,,,,TRUE,FALSE
26560,avibase-0BD37CDF,Passeriformes,Turdidae,Thrushes and Allies,Neocossyphus poensis,White-tailed Ant Thrush,,wtathr1,avibase-0BD37CDF,ebd,FALSE,native,942,1973-10-10,2026-06-29,LC,https://datazone.birdlife.org/species/factsheet/22708195,https://birdsoftheworld.org/bow/species/wtathr1/,,,,,,,,,,,,,,,,,,,,,,,,,FALSE
26563,avibase-90FDC4CC,Passeriformes,Turdidae,Thrushes and Allies,Neocossyphus rufus,Red-tailed Ant Thrush,,rtathr1,avibase-6348DE74;avibase-90FDC4CC,ebd,FALSE,native,1104,1973-08-31,2026-06-29,LC,https://datazone.birdlife.org/species/factsheet/22708188,https://birdsoftheworld.org/bow/species/rtathr1/,,,,,,,,,,,,,,,,,,,,,,,,,FALSE
26745,avibase-60A39CF9,Passeriformes,Turdidae,Thrushes and Allies,Geokichla guttata,Spotted Ground Thrush,,spgthr1,avibase-35A01DB0;avibase-60A39CF9,ebd,FALSE,native,181,1973-07-17,2025-07-25,VU,https://datazone.birdlife.org/species/factsheet/22708464,https://birdsoftheworld.org/bow/species/spgthr1/,TRUE,,,,,,,,,,,,,,,,,,,,,,,,FALSE
26762,avibase-C54DCA26,Passeriformes,Turdidae,Thrushes and Allies,Geokichla piaggiae,Abyssinian Ground Thrush,,abgthr1,avibase-9049D5C3;avibase-C54DCA26,ebd,FALSE,native,513,1969-09-11,2026-05-28,LC,https://datazone.birdlife.org/species/factsheet/22730723,https://birdsoftheworld.org/bow/species/abgthr1/,,,,,,,,,,,,,,,,,,,,,,,,,FALSE
26769,avibase-45C55FDE,Passeriformes,Turdidae,Thrushes and Allies,Geokichla gurneyi,Orange Ground Thrush,,orgthr1,avibase-45C55FDE,ebd,FALSE,native,168,1985-06-06,2026-06-20,LC,https://datazone.birdlife.org/species/factsheet/22708426,https://birdsoftheworld.org/bow/species/orgthr1/,,,,,,,,,,,,,,,,,,,,,,,,TRUE,FALSE
26817,avibase-40A2405D,Passeriformes,Turdidae,Thrushes and Allies,Turdus pelios,African Thrush,,afrthr1,avibase-03E9D52B;avibase-40A2405D,ebd,FALSE,native,5846,1969-07-07,2026-06-29,LC,https://datazone.birdlife.org/species/factsheet/22708702,https://birdsoftheworld.org/bow/species/afrthr1/,,,,,,,,,,,,,,,,,,,,,,,,,FALSE
26829,avibase-428DA7CD,Passeriformes,Turdidae,Thrushes and Allies,Turdus abyssinicus,Abyssinian Thrush,,abythr1,avibase-428DA7CD;avibase-FDE2B5F5,ebd,FALSE,native,19043,1969-07-01,2026-06-30,LC,https://datazone.birdlife.org/species/factsheet/22734111,https://birdsoftheworld.org/bow/species/abythr1/,,,,,,,,,,,,,,,,,,,,,,,,,FALSE
26837,avibase-FC085C6D,Passeriformes,Turdidae,Thrushes and Allies,Turdus helleri,Taita Thrush,,taithr1,avibase-FC085C6D,ebd,FALSE,native,580,1987-12-21,2026-06-30,EN,https://datazone.birdlife.org/species/factsheet/22708740,https://birdsoftheworld.org/bow/species/taithr1/,,,TRUE,,,,,,,,,,,,,,,,,,,,,,FALSE
26839,avibase-A0DC8E87,Passeriformes,Turdidae,Thrushes and Allies,Turdus tephronotus,Bare-eyed Thrush,,abethr1,avibase-A0DC8E87,ebd,FALSE,native,3794,1973-02-21,2026-06-25,LC,https://datazone.birdlife.org/species/factsheet/22708707,https://birdsoftheworld.org/bow/species/abethr1/,,,,,,,,,,,,,,,,,,,,,,,,,FALSE
27141,avibase-92908926,Passeriformes,Muscicapidae,"Chats, Old World Flycatchers, and Allies",Tychaedon quadrivirgata,Bearded Scrub Robin,,besrob1,avibase-2EB52576;avibase-92908926,ebd,FALSE,native,2071,1923-12-03,2026-06-30,LC,https://datazone.birdlife.org/species/factsheet/22709891,https://birdsoftheworld.org/bow/species/besrob1/,,,,,,,,,,,,,,,,,,,,,,,,,FALSE
27149,avibase-B68BD0D2,Passeriformes,Muscicapidae,"Chats, Old World Flycatchers, and Allies",Cercotrichas galactotes,Rufous-tailed Scrub Robin,,rutscr1,avibase-B68BD0D2;avibase-E4672C85,ebd,FALSE,native,1302,1978-11-27,2026-05-26,LC,https://datazone.birdlife.org/species/factsheet/22709936,https://birdsoftheworld.org/bow/species/rutscr1/,,,,,,,,,,,,TRUE,,,,,,,,,,,,,FALSE
27159,avibase-15B2DD49,Passeriformes,Muscicapidae,"Chats, Old World Flycatchers, and Allies",Cercotrichas hartlaubi,Brown-backed Scrub Robin,,bbsrob1,avibase-15B2DD49,ebd,FALSE,native,348,1965-10-23,2026-06-22,LC,https://datazone.birdlife.org/species/factsheet/22709918,https://birdsoftheworld.org/bow/species/bbsrob1/,,,,,,,,,,,,,,,,,,,,,,,,,FALSE
27160,avibase-B5B6EC7B,Passeriformes,Muscicapidae,"Chats, Old World Flycatchers, and Allies",Cercotrichas leucophrys,White-browed Scrub Robin,,rbsrob1,avibase-B5B6EC7B;avibase-BDB1EBDD;avibase-E3798D6F,ebd,FALSE,native,12578,1965-10-25,2026-06-30,LC,https://datazone.birdlife.org/species/factsheet/22709927,https://birdsoftheworld.org/bow/species/rbsrob1/,,,,,,,,,,,,,,,,,,,,,,,,,FALSE
27224,avibase-FA03A965,Passeriformes,Muscicapidae,"Chats, Old World Flycatchers, and Allies",Agricola pallidus,Pale Flycatcher,,palfly2,avibase-060AF4FA;avibase-CAC5AD6C;avibase-EE2F3B61;avibase-FA03A965,ebd,FALSE,native,5181,1971-04-18,2026-06-30,LC,https://datazone.birdlife.org/species/factsheet/22709035,https://birdsoftheworld.org/bow/species/palfly2/,,,,,,,,,,,,,,,,,,,,,,,,TRUE,FALSE
27248,avibase-5EA2B90C,Passeriformes,Muscicapidae,"Chats, Old World Flycatchers, and Allies",Fraseria plumbea,Grey Tit-Flycatcher,,grytif1,avibase-5EA2B90C,ebd,FALSE,native,362,1978-09-29,2026-05-23,LC,https://datazone.birdlife.org/species/factsheet/22709297,https://birdsoftheworld.org/bow/species/grytif1/,,,,,,,,,,,,,,,,,,,,,,,,,FALSE
27255,avibase-84E4178E,Passeriformes,Muscicapidae,"Chats, Old World Flycatchers, and Allies",Fraseria lendu,Chapin's Flycatcher,Taxon itombwensis is treated as a subspecies of Fraseria lendu following Ripley & Bond (1971).,chafly1,avibase-84E4178E;avibase-A82387F1,ebd,FALSE,native,389,1982-12-19,2026-06-25,VU,https://datazone.birdlife.org/species/factsheet/22709249,https://birdsoftheworld.org/bow/species/chafly1/,,,,,,,,,,,,,,,,,,,,,,,,,FALSE
27259,avibase-3B3A6911,Passeriformes,Muscicapidae,"Chats, Old World Flycatchers, and Allies",Fraseria caerulescens,Ashy Flycatcher,,ashfly1,avibase-3B3A6911,ebd,FALSE,native,1505,1973-02-25,2026-06-30,LC,https://datazone.birdlife.org/species/factsheet/22709286,https://birdsoftheworld.org/bow/species/ashfly1/,,,,,,,,,,,,,,,,,,,,,,,,,FALSE
27269,avibase-AB38EDFD,Passeriformes,Muscicapidae,"Chats, Old World Flycatchers, and Allies",Empidornis semipartitus,Silverbird,"Previously combined with Melaenornis, taxon semipartitus is placed in Empidornis, and taxon silens is placed in Sigelus, based on deep genetic divergences (Voelker et al. 2016) and pronounced biological differences.",silver1,avibase-AB38EDFD,ebd,FALSE,native,2765,1969-07-07,2026-06-29,LC,https://datazone.birdlife.org/species/factsheet/22709031,https://birdsoftheworld.org/bow/species/silver1/,,,,,,,,,,,,,,,,,,,,,,,,,FALSE
27277,avibase-F188F8C8,Passeriformes,Muscicapidae,"Chats, Old World Flycatchers, and Allies",Melaenornis edolioides,Northern Black Flycatcher,,nobfly1,avibase-F188F8C8,ebd,FALSE,native,4077,1973-04-14,2026-06-29,LC,https://datazone.birdlife.org/species/factsheet/22709079,https://birdsoftheworld.org/bow/species/nobfly1/,,,,,,,,,,,,,,,,,,,,,,,,,FALSE
27281,avibase-8A9A7AAA,Passeriformes,Muscicapidae,"Chats, Old World Flycatchers, and Allies",Melaenornis pammelaina,Southern Black Flycatcher,,sobfly1,avibase-8A9A7AAA,ebd,FALSE,native,4669,1969-07-12,2026-06-28,LC,https://datazone.birdlife.org/species/factsheet/22709085,https://birdsoftheworld.org/bow/species/sobfly1/,,,,,,,,,,,,,,,,,,,,,,,,,FALSE
27284,avibase-3809131C,Passeriformes,Muscicapidae,"Chats, Old World Flycatchers, and Allies",Melaenornis fischeri,White-eyed Slaty Flycatcher,,wheslf1,avibase-3809131C,ebd,FALSE,native,19971,1965-10-25,2026-06-30,LC,https://datazone.birdlife.org/species/factsheet/22709067,https://birdsoftheworld.org/bow/species/wheslf1/,,,,,,,,,,,,,,,,,,,,,,,,,FALSE
27311,avibase-E281D783,Passeriformes,Muscicapidae,"Chats, Old World Flycatchers, and Allies",Bradornis microrhynchus,African Grey Flycatcher,"Taxa pallidus and infuscatus are placed in the genus Agricola, while taxa mariquensis and microrhynchus are placed in Bradornis based on Voelker et al. (2016). Despite morphological and behavioral similarities these clades were not recovered as monophyletic based on analysis of nuclear and mitochondrial DNA data (Voelker et al. 2016); further research needed.",afgfly1,avibase-AA6F98CC;avibase-DABC20A1;avibase-E281D783,ebd,FALSE,native,15464,1965-10-25,2026-06-30,LC,https://datazone.birdlife.org/species/factsheet/22709054,https://birdsoftheworld.org/bow/species/afgfly1/,,,,,,,,,,,,,,,,,,,,,,,,TRUE,FALSE
27338,avibase-6E95C4A9,Passeriformes,Muscicapidae,"Chats, Old World Flycatchers, and Allies",Muscicapa adusta,African Dusky Flycatcher,,afdfly1,avibase-6E95C4A9,ebd,FALSE,native,9887,1965-10-25,2026-06-30,LC,https://datazone.birdlife.org/species/factsheet/22709255,https://birdsoftheworld.org/bow/species/afdfly1/,,,,,,,,,,,,,,,,,,,,,,,,TRUE,FALSE
27351,avibase-EE8206E7,Passeriformes,Muscicapidae,"Chats, Old World Flycatchers, and Allies",Muscicapa striata,Spotted Flycatcher,"Taxon tyrrhenica (polytypic, including balearica) is treated as conspecific with Muscicapa striata (polytypic) based on available evidence. Although mitochondrial DNA data indicate moderate divergence between the insular and mainland forms of M. striata (Pons et al. 2016), available plumage and ecological data do not; further research warranted.",spofly1,avibase-B142856F;avibase-EE8206E7,ebd,FALSE,native,8177,1961-04-06,2026-05-09,LC,https://datazone.birdlife.org/species/factsheet/22709192,https://birdsoftheworld.org/bow/species/spofly1/,,,,,,,,,,,,TRUE,,,,,,,,,,,,,FALSE
27359,avibase-7387E828,Passeriformes,Muscicapidae,"Chats, Old World Flycatchers, and Allies",Muscicapa gambagae,Gambaga Flycatcher,,gamfly1,avibase-7387E828,ebd,FALSE,native,531,1958-12-12,2026-05-10,LC,https://datazone.birdlife.org/species/factsheet/22709196,https://birdsoftheworld.org/bow/species/gamfly1/,,TRUE,,,,,,,,,,,,,,,,,,,,,,,FALSE
27361,avibase-77F0C62C,Passeriformes,Muscicapidae,"Chats, Old World Flycatchers, and Allies",Muscicapa aquatica,Swamp Flycatcher,,swafly3,avibase-77F0C62C,ebd,FALSE,native,1179,1971-08-08,2026-06-26,LC,https://datazone.birdlife.org/species/factsheet/22709239,https://birdsoftheworld.org/bow/species/swafly3/,,,,,,,,,,,,,,,,,,,,,,,,,FALSE
27529,avibase-230A0342,Passeriformes,Muscicapidae,"Chats, Old World Flycatchers, and Allies",Pogonocichla stellata,White-starred Robin,,whsrob1,avibase-230A0342,ebd,FALSE,native,2913,1953-04-04,2026-06-30,LC,https://datazone.birdlife.org/species/factsheet/22709611,https://birdsoftheworld.org/bow/species/whsrob1/,,,,,,,,,,,,,,,,,,,,,,,,TRUE,FALSE
27548,avibase-2455B82B,Passeriformes,Muscicapidae,"Chats, Old World Flycatchers, and Allies",Stiphrornis mabirae,Yellow-breasted Forest Robin,"Taxa pyrrholaemus (monotypic) and mabirae (polytypic, including sanghensis) are treated as species separate from Stiphrornis erythrothorax (polytypic, including gabonensis, dahomeyensis, inexpectatus, and xanthogaster) based on plumage and genetics (Beresford & Cracraft 1999; Schmidt et al. 2008; Voelker et al. 2013, 2017). Sometimes treated as five species, mitochondrial-dominated DNA data have revealed three deeply diverged lineages within this complex (Voelker et al. 2017) consistent with a 3-species treatment. Further bioacoustic and genetic research is needed to better define distributional and taxonomic limits within this complex.",forrob4,avibase-2455B82B,ebd,FALSE,native,1,1966-04-16,1966-04-16,NE,,https://birdsoftheworld.org/bow/species/forrob4/,,,,,,,,,,,,,,,,,,,,,,,,,FALSE
27559,avibase-8B7A6FE9,Passeriformes,Muscicapidae,"Chats, Old World Flycatchers, and Allies",Chamaetylas poliocephala,Brown-chested Alethe,,brcale1,avibase-8B7A6FE9;avibase-9178651C,ebd,FALSE,native,2291,1965-02-03,2026-06-29,LC,https://datazone.birdlife.org/species/factsheet/22708992,https://birdsoftheworld.org/bow/species/brcale1/,,,,,,,,,,,,,,,,,,,,,,,,TRUE,FALSE
27577,avibase-9616C96E,Passeriformes,Muscicapidae,"Chats, Old World Flycatchers, and Allies",Cossypha cyanocampter,Blue-shouldered Robin-Chat,,bsrcha1,avibase-9616C96E,ebd,FALSE,native,1038,1978-09-30,2026-06-28,LC,https://datazone.birdlife.org/species/factsheet/22709803,https://birdsoftheworld.org/bow/species/bsrcha1/,,,,,,,,,,,,,,,,,,,,,,,,,FALSE
27580,avibase-53EABB81,Passeriformes,Muscicapidae,"Chats, Old World Flycatchers, and Allies",Cossypha semirufa,Rüppell's Robin-Chat,,rurcha1,avibase-53EABB81,ebd,FALSE,native,9940,1969-07-01,2026-06-30,LC,https://datazone.birdlife.org/species/factsheet/22709815,https://birdsoftheworld.org/bow/species/rurcha1/,,,,,,,,,,,,,,,,,,,,,,,,,FALSE
27584,avibase-16BD42DD,Passeriformes,Muscicapidae,"Chats, Old World Flycatchers, and Allies",Cossypha heuglini,White-browed Robin-Chat,,wbrcha2,avibase-16BD42DD,ebd,FALSE,native,16149,1965-10-25,2026-06-30,LC,https://datazone.birdlife.org/species/factsheet/22709822,https://birdsoftheworld.org/bow/species/wbrcha2/,,,,,,,,,,,,,,,,,,,,,,,,,FALSE
27588,avibase-3846F8A8,Passeriformes,Muscicapidae,"Chats, Old World Flycatchers, and Allies",Cossypha natalensis,Red-capped Robin-Chat,,rcrcha1,avibase-3846F8A8,ebd,FALSE,native,1980,1952-12-01,2026-06-29,LC,https://datazone.birdlife.org/species/factsheet/22709828,https://birdsoftheworld.org/bow/species/rcrcha1/,,TRUE,,,,,,,,,,,,,,,,,,,,,,,FALSE
27596,avibase-BB05D1FC,Passeriformes,Muscicapidae,"Chats, Old World Flycatchers, and Allies",Cossypha niveicapilla,Snowy-crowned Robin-Chat,,scrcha1,avibase-BB05D1FC,ebd,FALSE,native,1503,1979-11-08,2026-06-29,LC,https://datazone.birdlife.org/species/factsheet/22709847,https://birdsoftheworld.org/bow/species/scrcha1/,,,,,,,,,,,,,,,,,,,,,,,,,FALSE
27604,avibase-A0A3B03D,Passeriformes,Muscicapidae,"Chats, Old World Flycatchers, and Allies",Cichladusa arquata,Collared Palm Thrush,,copthr1,avibase-A0A3B03D,ebd,FALSE,native,318,1969-06-15,2026-06-15,LC,https://datazone.birdlife.org/species/factsheet/22709864,https://birdsoftheworld.org/bow/species/copthr1/,,,,,,,,,,,,,,,,,,,,,,,,,FALSE
27606,avibase-345658E9,Passeriformes,Muscicapidae,"Chats, Old World Flycatchers, and Allies",Cichladusa guttata,Spotted Palm Thrush,,spmthr1,avibase-345658E9,ebd,FALSE,native,13124,1965-10-25,2026-06-30,LC,https://datazone.birdlife.org/species/factsheet/22709876,https://birdsoftheworld.org/bow/species/spmthr1/,,,,,,,,,,,,,,,,,,,,,,,,,FALSE
27621,avibase-A38BABE1,Passeriformes,Muscicapidae,"Chats, Old World Flycatchers, and Allies",Dessonornis caffer,Cape Robin-Chat,,carcha1,avibase-A38BABE1,ebd,FALSE,native,12720,1969-07-08,2026-06-30,LC,https://datazone.birdlife.org/species/factsheet/22709791,https://birdsoftheworld.org/bow/species/carcha1/,,,,,,,,,,,,,,,,,,,,,,,,,FALSE
27628,avibase-25C26AB9,Passeriformes,Muscicapidae,"Chats, Old World Flycatchers, and Allies",Sheppardia polioptera,Grey-winged Robin-Chat,"Taxon polioptera (polytypic) is placed in Sheppardia based on genetics (Beresford 2003; Sangster et al. 2010; Zhao et al. 2023). Although previously placed in Cossypha, multilocus data (Zhao et al. 2023) provide strong support for this alternative placement.",gywroc1,avibase-0AF8F76D;avibase-25C26AB9,ebd,FALSE,native,755,1969-09-11,2026-06-22,LC,https://datazone.birdlife.org/species/factsheet/22709809,https://birdsoftheworld.org/bow/species/gywroc1/,,,,,,,,,,,,,,,,,,,,,,,,,FALSE
27646,avibase-C25F57BD,Passeriformes,Muscicapidae,"Chats, Old World Flycatchers, and Allies",Sheppardia aequatorialis,Equatorial Akalat,,equaka1,avibase-C25F57BD,ebd,FALSE,native,1611,1971-07-25,2026-06-29,LC,https://datazone.birdlife.org/species/factsheet/22709642,https://birdsoftheworld.org/bow/species/equaka1/,,,,,,,,,,,,,,,,,,,,,,,,,FALSE
27652,avibase-3E4783BA,Passeriformes,Muscicapidae,"Chats, Old World Flycatchers, and Allies",Sheppardia gunningi,East Coast Akalat,,eacaka1,avibase-27BE329F;avibase-3E4783BA,ebd,FALSE,native,672,1973-10-02,2026-06-25,NT,https://datazone.birdlife.org/species/factsheet/22709650,https://birdsoftheworld.org/bow/species/eacaka1/,,,,,,,,,,,,,,,,,,,,,,,,,FALSE
27662,avibase-73BD4B29,Passeriformes,Muscicapidae,"Chats, Old World Flycatchers, and Allies",Irania gutturalis,White-throated Robin,,whtrob3,avibase-73BD4B29,ebd,FALSE,native,741,1980-12-01,2026-03-29,LC,https://datazone.birdlife.org/species/factsheet/22709758,https://birdsoftheworld.org/bow/species/whtrob3/,,,,,,,,,,,,TRUE,,,,,,,,,,,,,FALSE
27664,avibase-6EC66752,Passeriformes,Muscicapidae,"Chats, Old World Flycatchers, and Allies",Luscinia luscinia,Thrush Nightingale,,thrnig1,avibase-6EC66752,ebd,FALSE,native,1096,1976-09-28,2026-04-26,LC,https://datazone.birdlife.org/species/factsheet/22709691,https://birdsoftheworld.org/bow/species/thrnig1/,,,,,,,,,,,,TRUE,,,,,,,,,,,,,FALSE
27665,avibase-7C7F0DEE,Passeriformes,Muscicapidae,"Chats, Old World Flycatchers, and Allies",Luscinia megarhynchos,Common Nightingale,,comnig1,avibase-6068DA65;avibase-6AB0EB18;avibase-7C7F0DEE,ebd,FALSE,native,1103,1976-12-05,2026-05-09,LC,https://datazone.birdlife.org/species/factsheet/22709696,https://birdsoftheworld.org/bow/species/comnig1/,,,,,,,,,,,,TRUE,,,,,,,,,,,,,FALSE
27847,avibase-BE56C141,Passeriformes,Muscicapidae,"Chats, Old World Flycatchers, and Allies",Ficedula semitorquata,Semicollared Flycatcher,,semfly1,avibase-BE56C141,ebd,FALSE,native,28,1974-01-08,2025-02-21,LC,https://datazone.birdlife.org/species/factsheet/22709319,https://birdsoftheworld.org/bow/species/semfly1/,,,,,,,,,,,,TRUE,,,,,,,,,,,,,FALSE
27848,avibase-0B2F8058,Passeriformes,Muscicapidae,"Chats, Old World Flycatchers, and Allies",Ficedula albicollis,Collared Flycatcher,,colfly1,avibase-0B2F8058,ebd,FALSE,native,1,1972-10-02,1972-10-02,LC,https://datazone.birdlife.org/species/factsheet/22709315,https://birdsoftheworld.org/bow/species/colfly1/,,,,,,,,,,TRUE,,,,TRUE,,,,,,,TRUE,,,,FALSE
27849,avibase-6E352E18,Passeriformes,Muscicapidae,"Chats, Old World Flycatchers, and Allies",Ficedula hypoleuca,European Pied Flycatcher,"Taxon speculigera is treated as a monotypic species separate from Ficedula hypoleuca (polytypic) based on phenotypic and genetic (Sætre et al. 2001a, 2001b) evidence, including genomic data (Nater et al. 2015).",eupfly1,avibase-6E352E18,ebd,FALSE,native,20,2017-03-29,2025-02-28,NE,,https://birdsoftheworld.org/bow/species/eupfly1/,,,,,,,,,,,,,,,,,,,,,TRUE,,,,FALSE
27926,avibase-06DD9D95,Passeriformes,Muscicapidae,"Chats, Old World Flycatchers, and Allies",Phoenicurus phoenicurus,Common Redstart,,comred2,avibase-06DD9D95,ebd,FALSE,native,43,1980-03-06,2026-02-25,LC,https://datazone.birdlife.org/species/factsheet/22710055,https://birdsoftheworld.org/bow/species/comred2/,,,,,,,,,,,,TRUE,,,,,,,,,,,,,FALSE
27944,avibase-566669CC,Passeriformes,Muscicapidae,"Chats, Old World Flycatchers, and Allies",Monticola rufocinereus,Little Rock Thrush,,lirthr1,avibase-566669CC,ebd,FALSE,native,1617,1952-12-05,2026-06-30,LC,https://datazone.birdlife.org/species/factsheet/22708265,https://birdsoftheworld.org/bow/species/lirthr1/,,,,,,,,,,,,,,,,,,,,,,,,,FALSE
27947,avibase-736D38E7,Passeriformes,Muscicapidae,"Chats, Old World Flycatchers, and Allies",Monticola saxatilis,Common Rock Thrush,,rtrthr1,avibase-736D38E7,ebd,FALSE,native,3741,1961-04-02,2026-05-16,LC,https://datazone.birdlife.org/species/factsheet/22708257,https://birdsoftheworld.org/bow/species/rtrthr1/,,,,,,,,,,,,TRUE,,,,,,,,,,,,,FALSE
27967,avibase-A0EDAEA2,Passeriformes,Muscicapidae,"Chats, Old World Flycatchers, and Allies",Saxicola rubetra,Whinchat,,whinch1,avibase-A0EDAEA2,ebd,FALSE,native,1992,1977-01-01,2026-05-09,LC,https://datazone.birdlife.org/species/factsheet/22710156,https://birdsoftheworld.org/bow/species/whinch1/,,,,,,,,,,,,TRUE,,,,,,,,,,,,,FALSE
27988,avibase-3380CFC5,Passeriformes,Muscicapidae,"Chats, Old World Flycatchers, and Allies",Saxicola maurus,Siberian Stonechat,"2025-0171)) Taxon stejnegeri is treated as conspecific with Saxicola maurus pending further research. Although mitochondrial DNA data (Zink et al. 2009; Illera et al. 2008) indicate the presence of deep divergences within the Asian stonechats, not all taxa have been sampled. Furthermore, unsampled taxa have senior scientific names and may be closely related to stejnegeri; consequently, the split of stejnegeri is considered premature; genomic data required. 2025-0172)) Saxicola torquatus is treated as three species based on available evidence: S. maurus (Asian stonechats, polytypic); S. torquatus (African stonechats, polytypic); and S. rubicola (European stonechats, polytypic). Genomic (Van Doren et al. 2017) and mitochondrial DNA data (Zink et al. 2009; Illera et al. 2008) do not recover S. torquatus sensu lato as monophyletic, with S. dacotiae embedded within it. A more comprehensive taxonomic review of this complex is required given the ecological and phenotypic similarities among these species.",sibsto1,avibase-DB645AF5,ebd,FALSE,native,3,2023-10-29,2025-10-10,NE,,,,,,,,,,,,,,,,,,,,,,,,,,,FALSE
27996,avibase-CF2E9674,Passeriformes,Muscicapidae,"Chats, Old World Flycatchers, and Allies",Saxicola torquatus,African Stonechat,"2025-0170)) Taxon sibilla is treated as conspecific with Saxicola torquatus (polytypic) pending further research. Mitochondrial DNA data (Woog et al. 2008) revealed a relatively deep divergence between sibilla and S. t. axillaris, but taxon sampling is incomplete, and historical introgression has not been ruled out; a comprehensive genetic review based on genomic DNA is required. 2025-0172)) Saxicola torquatus is treated as three species based on available evidence: S. maurus (Asian stonechats, polytypic); S. torquatus (African stonechats, polytypic); and S. rubicola (European stonechats, polytypic). Genomic (Van Doren et al. 2017) and mitochondrial DNA data (Zink et al. 2009; Illera et al. 2008) do not recover S. torquatus sensu lato as monophyletic, with S. dacotiae embedded within it. A more comprehensive taxonomic review of this complex is required given the ecological and phenotypic similarities among these species.",afrsto1,avibase-78B665BF;avibase-CF2E9674;avibase-FCE19E1C,ebd,FALSE,native,5281,1969-07-08,2026-06-30,NE,,https://birdsoftheworld.org/bow/species/afrsto1/,,,,,,,,,,,,,,,,,,,,,,,,,FALSE
28038,avibase-8EB0AB41,Passeriformes,Muscicapidae,"Chats, Old World Flycatchers, and Allies",Pinarochroa sordida,Moorland Chat,,moocha1,avibase-129EE03B;avibase-3DDA5ED3;avibase-8EB0AB41,ebd,FALSE,native,1290,1961-04-08,2026-06-26,LC,https://datazone.birdlife.org/species/factsheet/22710389,https://birdsoftheworld.org/bow/species/moocha1/,,,,,,,,,,,,,,,,,,,,,,,,,FALSE
28044,avibase-F8B6EC31,Passeriformes,Muscicapidae,"Chats, Old World Flycatchers, and Allies",Thamnolaea cinnamomeiventris,Mocking Cliff Chat,"Taxon coronata (polytypic) is treated as conspecific with Thamnolaea cinnamomeiventris based on available evidence. Fragmentary mitochondrial DNA data (Voelker & Spellman 2004; Voelker et al. 2012; Zuccon & Ericson 2010a,b) indicate a relatively deep divergence within T. cinnamomeiventris but this does not accord with a division based on male crown color; further research needed.",moccha1,avibase-F8B6EC31,ebd,FALSE,native,2413,1961-04-05,2026-06-25,LC,https://datazone.birdlife.org/species/factsheet/22710441,https://birdsoftheworld.org/bow/species/moccha1/,,,,,,,,,,,,,,,,,,,,,,,,,FALSE
28055,avibase-B55BADC1,Passeriformes,Muscicapidae,"Chats, Old World Flycatchers, and Allies",Myrmecocichla nigra,Sooty Chat,,soocha1,avibase-B55BADC1,ebd,FALSE,native,5219,1928-07-10,2026-06-30,LC,https://datazone.birdlife.org/species/factsheet/22710416,https://birdsoftheworld.org/bow/species/soocha1/,,,,,,,,,,,,,,,,,,,,,,,,,FALSE
28056,avibase-E09F7223,Passeriformes,Muscicapidae,"Chats, Old World Flycatchers, and Allies",Myrmecocichla aethiops,Anteater Chat,,noacha1,avibase-E09F7223,ebd,FALSE,native,9731,1961-04-09,2026-06-30,LC,https://datazone.birdlife.org/species/factsheet/22710400,https://birdsoftheworld.org/bow/species/noacha1/,,,,,,,,,,,,,,,,,,,,,,,,,FALSE
28068,avibase-535524BE,Passeriformes,Muscicapidae,"Chats, Old World Flycatchers, and Allies",Myrmecocichla arnotti,Arnot's Chat,"Taxon collaris (monotypic) is treated as a subspecies of Myrmecocichla arnotti (polytypic) pending further research. Although mitochondrial DNA data (Glen et al. 2011) indicate a modest divergence, geographic sampling is limited. Additional data are needed to support a split.",whbcha2,avibase-535524BE,ebd,FALSE,native,5,2022-12-29,2023-01-04,LC,https://datazone.birdlife.org/species/factsheet/22710432,https://birdsoftheworld.org/bow/species/whbcha2/,,,,,,,,,,,,,,,,,,,,,,,,,FALSE
28074,avibase-078BC0ED,Passeriformes,Muscicapidae,"Chats, Old World Flycatchers, and Allies",Oenanthe deserti,Desert Wheatear,,deswhe1,avibase-078BC0ED,ebd,FALSE,native,3,1984-02-17,2016-11-17,LC,https://datazone.birdlife.org/species/factsheet/22710325,https://birdsoftheworld.org/bow/species/deswhe1/,,,,,,,,,,,,,,TRUE,,,,,,,TRUE,,,,FALSE
28079,avibase-2FB34D83,Passeriformes,Muscicapidae,"Chats, Old World Flycatchers, and Allies",Oenanthe pleschanka,Pied Wheatear,,piewhe1,avibase-2FB34D83,ebd,FALSE,native,4399,1966-03-31,2026-05-13,LC,https://datazone.birdlife.org/species/factsheet/22710308,https://birdsoftheworld.org/bow/species/piewhe1/,,,,,,,,,,,,TRUE,,,,,,,,,,,,,FALSE
28080,avibase-DF26171F,Passeriformes,Muscicapidae,"Chats, Old World Flycatchers, and Allies",Oenanthe melanoleuca,Eastern Black-eared Wheatear,"Taxon melanoleuca (monotypic) is treated as a species separate from Oenanthe hispanica (monotypic) based on genetics (Aliabadian et al. 2012; Kakhki et al. 2018; Schweizer et al. 2019a, b; Zhao et al. 2023).",bkewhe2,avibase-DF26171F,ebd,FALSE,native,3,1994-12-02,2011-01-07,NE,,https://birdsoftheworld.org/bow/species/bkewhe2/,,,,,,,,,,,,,,TRUE,,,,,,,TRUE,,,,FALSE
28083,avibase-DF526047,Passeriformes,Muscicapidae,"Chats, Old World Flycatchers, and Allies",Oenanthe oenanthe,Northern Wheatear,"Taxon seebohmi (monotypic) is treated as a species separate from Oenanthe oenanthe (polytypic) based on pronounced differences in plumage and ecology (Shirihai & Svensson 2018). However, mitochondrial DNA divergence is negligible (Aliabadian et al. 2007; Wang et al. 2020), possibly due to recent introgression; insights from genomic data are needed.",norwhe,avibase-8EC7846A;avibase-DF526047,ebd,FALSE,native,8727,1965-10-25,2026-05-09,LC,https://datazone.birdlife.org/species/factsheet/103773898,https://birdsoftheworld.org/bow/species/norwhe/,,,,,,,,,,,,TRUE,,,,,,,,,,,,,FALSE
28087,avibase-E6BD3258,Passeriformes,Muscicapidae,"Chats, Old World Flycatchers, and Allies",Oenanthe pileata,Capped Wheatear,,capwhe1,avibase-E6BD3258,ebd,FALSE,native,1977,1969-07-08,2026-06-26,LC,https://datazone.birdlife.org/species/factsheet/22710329,https://birdsoftheworld.org/bow/species/capwhe1/,,,,,,,,,,,,,,,,,,,,,,,,,FALSE
28093,avibase-E6C6F746,Passeriformes,Muscicapidae,"Chats, Old World Flycatchers, and Allies",Oenanthe isabellina,Isabelline Wheatear,,isawhe1,avibase-E6C6F746,ebd,FALSE,native,6796,1965-10-25,2026-05-09,LC,https://datazone.birdlife.org/species/factsheet/22710333,https://birdsoftheworld.org/bow/species/isawhe1/,,,,,,,,,,,,TRUE,,,,,,,,,,,,,FALSE
28094,avibase-6ADB636C,Passeriformes,Muscicapidae,"Chats, Old World Flycatchers, and Allies",Oenanthe heuglinii,Heuglin's Wheatear,"2025-0161)) Taxon frenata is treated as a monotypic species separate from Oenanthe bottae (monotypic) based on modest plumage differences. Forming a complex with O. heuglinii and O. isabellina (Zhao et al. 2023), plumage differences among African species are relatively weak and mitochondrial DNA divergence is modest (Zhao et al. 2023). Although genetic data for O. bottae are lacking, its plumage is considered the most distinct, prompting recognition of frenata as a separate species. Further research is needed and may result in a taxonomic revision of this complex. 2025-N030)) The earliest mention of the name has the spelling heuglinii, attributed to a work by von Heuglin (1869: 346-7), wherein the latter author credited Hartlaub & Finsch for the description.",heuwhe1,avibase-6ADB636C,ebd,FALSE,native,76,1982-07-07,2026-04-07,LC,https://datazone.birdlife.org/species/factsheet/22710348,https://birdsoftheworld.org/bow/species/heuwhe1/,,,,,,,,,,,,,,,,,,,,,,,,,FALSE
28110,avibase-CD8DEBE3,Passeriformes,Muscicapidae,"Chats, Old World Flycatchers, and Allies",Oenanthe familiaris,Familiar Chat,,famcha1,avibase-CD8DEBE3,ebd,FALSE,native,322,1932-04-01,2026-05-09,LC,https://datazone.birdlife.org/species/factsheet/22710367,https://birdsoftheworld.org/bow/species/famcha1/,,,,,,,,,,,,,,,,,,,,,,,,,FALSE
28119,avibase-DA3F40DB,Passeriformes,Muscicapidae,"Chats, Old World Flycatchers, and Allies",Oenanthe scotocerca,Brown-tailed Rock Chat,,brtcha1,avibase-6BAC8CC1;avibase-DA3F40DB,ebd,FALSE,native,1420,1973-08-26,2026-06-11,LC,https://datazone.birdlife.org/species/factsheet/22710371,https://birdsoftheworld.org/bow/species/brtcha1/,,,,,,,,,,,,,,,,,,,,,,,,,FALSE
28147,avibase-5396F9FB,Passeriformes,Muscicapidae,"Chats, Old World Flycatchers, and Allies",Oenanthe lugubris,Abyssinian Wheatear,"Oenanthe lugens is treated as three polytypic species based on differences in plumage and morphometrics (Shirihai & Svensson 2018), and genetics (Förschler et al. 2010; Schweizer & Shirihai 2013; Schweizer et al. 2020b): O. lugens; O. lugubris; and O. lugentoides. Mitochondrial DNA data (Schweizer & Shirihai 2013) revealed three deeply divergent clades consistent with a 3-species treatment, while genomic data (Schweizer et al. 2019) also demonstrates non-monophyly of the O. lugens sensu lato complex. Further research is required to determine if additional splits are warranted.",mouwhe4,avibase-5396F9FB,ebd,FALSE,native,2004,1961-04-02,2026-06-29,LC,https://datazone.birdlife.org/species/factsheet/22710287,https://birdsoftheworld.org/bow/species/mouwhe4/,,,,,,,,,,,,,,,,,,,,,,,,,FALSE
28161,avibase-FC1BE879,Passeriformes,Modulatricidae,Dapple-throat and Allies,Kakamega poliothorax,Grey-chested Babbler,,gycill1,avibase-FC1BE879,ebd,FALSE,native,240,1983-09-14,2026-06-12,LC,https://datazone.birdlife.org/species/factsheet/22715933,https://birdsoftheworld.org/bow/species/gycill1/,,,,,,,,,,,,,,,,,,,,,,,,,FALSE
28407,avibase-67F06823,Passeriformes,Nectariniidae,Spiderhunters and Sunbirds,Anthreptes reichenowi,Plain-backed Sunbird,,plbsun1,avibase-67F06823,ebd,FALSE,native,1172,1973-09-03,2026-06-25,LC,https://datazone.birdlife.org/species/factsheet/22717602,https://birdsoftheworld.org/bow/species/plbsun1/,,,,,,,,,,,,,,,,,,,,,,,,,FALSE
28434,avibase-857DCDD5,Passeriformes,Nectariniidae,Spiderhunters and Sunbirds,Anthreptes longuemarei,Western Violet-backed Sunbird,,wvbsun1,avibase-857DCDD5,ebd,FALSE,native,26,1982-11-21,2026-02-20,LC,https://datazone.birdlife.org/species/factsheet/22717635,https://birdsoftheworld.org/bow/species/wvbsun1/,,,,,,,,,,,,,,,,,,,,,,,,,FALSE
28438,avibase-2D0C83B2,Passeriformes,Nectariniidae,Spiderhunters and Sunbirds,Anthreptes orientalis,Eastern Violet-backed Sunbird,,kvbsun1,avibase-2D0C83B2,ebd,FALSE,native,7423,1970-08-09,2026-06-30,LC,https://datazone.birdlife.org/species/factsheet/22717640,https://birdsoftheworld.org/bow/species/kvbsun1/,,,,,,,,,,,,,,,,,,,,,,,,,FALSE
28439,avibase-56C6CBA8,Passeriformes,Nectariniidae,Spiderhunters and Sunbirds,Anthreptes neglectus,Uluguru Violet-backed Sunbird,,uvbsun1,avibase-56C6CBA8,ebd,FALSE,native,14,1962-12-12,2019-07-27,LC,https://datazone.birdlife.org/species/factsheet/22717645,https://birdsoftheworld.org/bow/species/uvbsun1/,,,,,,,,,,,,,,,,,,,,,,,,,FALSE
28446,avibase-35A2CCDF,Passeriformes,Nectariniidae,Spiderhunters and Sunbirds,Anthreptes tephrolaemus,Grey-chinned Sunbird,"Taxon tephrolaemus is treated as a species separate from Anthreptes rectirostris based on abrupt differences in male plumage across a well-documented zoogeographical barrier, supported by vocalizations (Dowsett-Lemaire & Dowsett 2014). Genetic data would be informative.",grnsun2,avibase-35A2CCDF,ebd,FALSE,native,769,1979-08-19,2026-06-12,LC,https://datazone.birdlife.org/species/factsheet/103792796,https://birdsoftheworld.org/bow/species/grnsun2/,,,,,,,,,,,,,,,,,,,,,,,,,FALSE
28567,avibase-1611F295,Passeriformes,Nectariniidae,Spiderhunters and Sunbirds,Hedydipna collaris,Collared Sunbird,,colsun2,avibase-1611F295,ebd,FALSE,native,15851,1965-10-23,2026-06-30,LC,https://datazone.birdlife.org/species/factsheet/22717668,https://birdsoftheworld.org/bow/species/colsun2/,,,,,,,,,,,,,,,,,,,,,,,,,FALSE
28577,avibase-B0E7740F,Passeriformes,Nectariniidae,Spiderhunters and Sunbirds,Hedydipna platura,Pygmy Sunbird,,pygsun2,avibase-B0E7740F,ebd,FALSE,native,26,1953-09-27,2022-05-05,LC,https://datazone.birdlife.org/species/factsheet/22717672,https://birdsoftheworld.org/bow/species/pygsun2/,,TRUE,,,,,,,,,,,,,,,,,,,,,,,FALSE
28579,avibase-0B4F3AA2,Passeriformes,Nectariniidae,Spiderhunters and Sunbirds,Hedydipna pallidigaster,Amani Sunbird,,amasun2,avibase-0B4F3AA2,ebd,FALSE,native,1203,1973-10-02,2026-06-25,EN,https://datazone.birdlife.org/species/factsheet/22717653,https://birdsoftheworld.org/bow/species/amasun2/,,,,,,,,,,,,,,,,,,,,,,,,,FALSE
28587,avibase-6DE16262,Passeriformes,Nectariniidae,Spiderhunters and Sunbirds,Cyanomitra verticalis,Green-headed Sunbird,,gnhsun1,avibase-6DE16262;avibase-AAE6F743,ebd,FALSE,native,4431,1969-07-08,2026-06-28,LC,https://datazone.birdlife.org/species/factsheet/22717738,https://birdsoftheworld.org/bow/species/gnhsun1/,,,,,,,,,,,,,,,,,,,,,,,,,FALSE
28607,avibase-EE79A5EF,Passeriformes,Nectariniidae,Spiderhunters and Sunbirds,Cyanomitra olivacea,Olive Sunbird,,eaosun1,avibase-EE79A5EF,ebd,FALSE,native,6052,1969-07-10,2026-06-30,LC,https://datazone.birdlife.org/species/factsheet/22717691,https://birdsoftheworld.org/bow/species/eaosun1/,,,,,,,,,,,,,,,,,,,,,,,,,FALSE
28619,avibase-C1CBA33A,Passeriformes,Nectariniidae,Spiderhunters and Sunbirds,Cyanomitra veroxii,Grey Sunbird,"Use of ""veroxii"" is the correct original spelling and clearly represents an unusual but intended Latinization of the genitive of the name ""Verreaux"". Any other spelling is an unjustified emendation.",mocsun2,avibase-C1CBA33A,ebd,FALSE,native,428,1973-10-05,2026-06-30,LC,https://datazone.birdlife.org/species/factsheet/22717699,https://birdsoftheworld.org/bow/species/mocsun2/,,,,,,,,,,,,,,,,,,,,,,,,,FALSE
28634,avibase-FAFA576B,Passeriformes,Nectariniidae,Spiderhunters and Sunbirds,Nectarinia tacazze,Tacazze Sunbird,,tacsun1,avibase-FAFA576B,ebd,FALSE,native,3423,1968-06-21,2026-06-20,LC,https://datazone.birdlife.org/species/factsheet/22717958,https://birdsoftheworld.org/bow/species/tacsun1/,,,,,,,,,,,,,,,,,,,,,,,,,FALSE
28637,avibase-D4F9B273,Passeriformes,Nectariniidae,Spiderhunters and Sunbirds,Nectarinia kilimensis,Bronze Sunbird,,brosun1,avibase-D4F9B273,ebd,FALSE,native,19123,1965-10-25,2026-06-30,LC,https://datazone.birdlife.org/species/factsheet/22717970,https://birdsoftheworld.org/bow/species/brosun1/,,,,,,,,,,,,,,,,,,,,,,,,,FALSE
28641,avibase-26F27894,Passeriformes,Nectariniidae,Spiderhunters and Sunbirds,Nectarinia famosa,Malachite Sunbird,,malsun1,avibase-26F27894,ebd,FALSE,native,1208,1969-07-07,2026-06-20,LC,https://datazone.birdlife.org/species/factsheet/22717979,https://birdsoftheworld.org/bow/species/malsun1/,,,,,,,,,,,,,,,,,,,,,,,,,FALSE
28644,avibase-D91BCC1B,Passeriformes,Nectariniidae,Spiderhunters and Sunbirds,Nectarinia johnstoni,Scarlet-tufted Sunbird,,retsun2,avibase-D91BCC1B,ebd,FALSE,native,349,1969-07-10,2026-06-10,LC,https://datazone.birdlife.org/species/factsheet/22717984,https://birdsoftheworld.org/bow/species/retsun2/,,,,,,,,,,,,,,,,,,,,,,,,,FALSE
28650,avibase-D33D2F6D,Passeriformes,Nectariniidae,Spiderhunters and Sunbirds,Drepanorhynchus reichenowi,Golden-winged Sunbird,,gowsun2,avibase-D33D2F6D,ebd,FALSE,native,3673,1955-10-11,2026-06-26,LC,https://datazone.birdlife.org/species/factsheet/22717975,https://birdsoftheworld.org/bow/species/gowsun2/,,,,,,,,,,,,,,,,,,,,,,,,TRUE,FALSE
28661,avibase-2E2DE0B6,Passeriformes,Nectariniidae,Spiderhunters and Sunbirds,Chalcomitra rubescens,Green-throated Sunbird,,gntsun1,avibase-2E2DE0B6,ebd,FALSE,native,928,1973-10-10,2026-06-29,LC,https://datazone.birdlife.org/species/factsheet/22717766,https://birdsoftheworld.org/bow/species/gntsun1/,,,,,,,,,,,,,,,,,,,,,,,,,FALSE
28665,avibase-B022292C,Passeriformes,Nectariniidae,Spiderhunters and Sunbirds,Chalcomitra amethystina,Amethyst Sunbird,,amesun2,avibase-B022292C,ebd,FALSE,native,10820,1969-07-07,2026-06-28,LC,https://datazone.birdlife.org/species/factsheet/22717762,https://birdsoftheworld.org/bow/species/amesun2/,,,,,,,,,,,,,,,,,,,,,,,,,FALSE
28670,avibase-0059A2E0,Passeriformes,Nectariniidae,Spiderhunters and Sunbirds,Chalcomitra senegalensis,Scarlet-chested Sunbird,,sccsun2,avibase-0059A2E0,ebd,FALSE,native,16878,1969-06-15,2026-06-30,LC,https://datazone.birdlife.org/species/factsheet/22717770,https://birdsoftheworld.org/bow/species/sccsun2/,,,,,,,,,,,,,,,,,,,,,,,,,FALSE
28677,avibase-8F052626,Passeriformes,Nectariniidae,Spiderhunters and Sunbirds,Chalcomitra hunteri,Hunter's Sunbird,,hunsun2,avibase-8F052626,ebd,FALSE,native,5167,1970-08-09,2026-06-30,LC,https://datazone.birdlife.org/species/factsheet/22717774,https://birdsoftheworld.org/bow/species/hunsun2/,,,,,,,,,,,,,,,,,,,,,,,,,FALSE
28680,avibase-D2B15B3F,Passeriformes,Nectariniidae,Spiderhunters and Sunbirds,Cinnyris chloropygius,Olive-bellied Sunbird,,olbsun3,avibase-D2B15B3F,ebd,FALSE,native,957,1981-11-19,2026-06-29,LC,https://datazone.birdlife.org/species/factsheet/22717919,https://birdsoftheworld.org/bow/species/olbsun3/,,,,,,,,,,,,,,,,,,,,,,,,,FALSE
28702,avibase-A6083057,Passeriformes,Nectariniidae,Spiderhunters and Sunbirds,Cinnyris reichenowi,Northern Double-collared Sunbird,,ndcsun2,avibase-3D09BB60;avibase-7C88491C;avibase-A6083057,ebd,FALSE,native,8317,1969-07-01,2026-06-28,LC,https://datazone.birdlife.org/species/factsheet/22717887,https://birdsoftheworld.org/bow/species/ndcsun2/,,,,,,,,,,,,,,,,,,,,,,,,,FALSE
28710,avibase-EF6101F4,Passeriformes,Nectariniidae,Spiderhunters and Sunbirds,Cinnyris mediocris,Eastern Double-collared Sunbird,,edcsun3,avibase-EF6101F4,ebd,FALSE,native,4180,1955-10-11,2026-06-20,LC,https://datazone.birdlife.org/species/factsheet/103799498,https://birdsoftheworld.org/bow/species/edcsun3/,,,,,,,,,,,,,,,,,,,,,,,,,FALSE
28711,avibase-CBA39A29,Passeriformes,Nectariniidae,Spiderhunters and Sunbirds,Cinnyris usambaricus,Usambara Double-collared Sunbird,,edcsun4,avibase-CBA39A29,ebd,FALSE,native,190,1987-12-21,2026-06-20,LC,https://datazone.birdlife.org/species/factsheet/103799620,https://birdsoftheworld.org/bow/species/edcsun4/,,,,,,,,,,,,,,,,,,,,,,,,,FALSE
28717,avibase-718A3B70,Passeriformes,Nectariniidae,Spiderhunters and Sunbirds,Cinnyris pulchellus,Beautiful Sunbird,"Taxon melanogastrus is treated as a species separate from Cinnyris pulchellus based on an abrupt transition in male plumage (belly color), the absence of intermediate phenotypes, and apparent vocal differences (Boesman 2016m). However, a formal bioacoustic analysis, and evidence from genetics or behavior, would be informative.",beasun2,avibase-718A3B70,ebd,FALSE,native,3672,1976-02-18,2026-06-25,LC,https://datazone.birdlife.org/species/factsheet/103799817,https://birdsoftheworld.org/bow/species/beasun2/,,,,,,,,,,,,,,,,,,,,,,,,,FALSE
28718,avibase-375BAF53,Passeriformes,Nectariniidae,Spiderhunters and Sunbirds,Cinnyris melanogastrus,Gorgeous Sunbird,"Taxon melanogastrus is treated as a species separate from Cinnyris pulchellus based on an abrupt transition in male plumage (belly color), the absence of intermediate phenotypes, and apparent vocal differences (Boesman 2016m). However, a formal bioacoustic analysis, and evidence from genetics or behavior, would be informative.",beasun3,avibase-375BAF53,ebd,FALSE,native,3100,1969-07-07,2026-06-29,LC,https://datazone.birdlife.org/species/factsheet/103800445,https://birdsoftheworld.org/bow/species/beasun3/,,,,,,,,,,,,,,,,,,,,,,,,,FALSE
28719,avibase-5AC9F737,Passeriformes,Nectariniidae,Spiderhunters and Sunbirds,Cinnyris mariquensis,Marico Sunbird,,marsun2,avibase-5AC9F737,ebd,FALSE,native,7820,1969-07-08,2026-06-30,LC,https://datazone.birdlife.org/species/factsheet/22718003,https://birdsoftheworld.org/bow/species/marsun2/,,,,,,,,,,,,,,,,,,,,,,,,,FALSE
28727,avibase-4C428439,Passeriformes,Nectariniidae,Spiderhunters and Sunbirds,Cinnyris erythrocercus,Red-chested Sunbird,,recsun2,avibase-4C428439,ebd,FALSE,native,1308,1973-10-10,2026-06-26,LC,https://datazone.birdlife.org/species/factsheet/22717994,https://birdsoftheworld.org/bow/species/recsun2/,,,,,,,,,,,,,,,,,,,,,,,,,FALSE
28728,avibase-7C822074,Passeriformes,Nectariniidae,Spiderhunters and Sunbirds,Cinnyris nectarinioides,Black-bellied Sunbird,,bkbsun1,avibase-7C822074,ebd,FALSE,native,2367,1973-02-22,2026-06-11,LC,https://datazone.birdlife.org/species/factsheet/22718043,https://birdsoftheworld.org/bow/species/bkbsun1/,,,,,,,,,,,,,,,,,,,,,,,,,FALSE
28731,avibase-71C72002,Passeriformes,Nectariniidae,Spiderhunters and Sunbirds,Cinnyris bifasciatus,Purple-banded Sunbird,,pubsun4,avibase-71C72002,ebd,FALSE,native,1943,1956-05-11,2026-06-30,LC,https://datazone.birdlife.org/species/factsheet/103801419,https://birdsoftheworld.org/bow/species/pubsun4/,,,,,,,,,,,,,,,,,,,,,,,,,FALSE
28734,avibase-17DE4B1F,Passeriformes,Nectariniidae,Spiderhunters and Sunbirds,Cinnyris tsavoensis,Tsavo Sunbird,,tsasun1,avibase-17DE4B1F,ebd,FALSE,native,1313,1970-08-03,2026-06-30,LC,https://datazone.birdlife.org/species/factsheet/103801517,https://birdsoftheworld.org/bow/species/tsasun1/,,,,,,,,,,,,,,,,,,,,,,,,,FALSE
28735,avibase-9CDA630C,Passeriformes,Nectariniidae,Spiderhunters and Sunbirds,Cinnyris chalcomelas,Violet-breasted Sunbird,,vibsun2,avibase-9CDA630C,ebd,FALSE,native,76,1973-10-04,2026-05-25,LC,https://datazone.birdlife.org/species/factsheet/22718012,https://birdsoftheworld.org/bow/species/vibsun2/,,,,,,,,,,,,,,,,,,,,,,,,,FALSE
28737,avibase-693FC6FD,Passeriformes,Nectariniidae,Spiderhunters and Sunbirds,Cinnyris bouvieri,Orange-tufted Sunbird,,ortsun3,avibase-693FC6FD,ebd,FALSE,native,166,1981-11-18,2026-02-17,LC,https://datazone.birdlife.org/species/factsheet/22717846,https://birdsoftheworld.org/bow/species/ortsun3/,,,,,,,,,,,,,,,,,,,,,,,,,FALSE
28741,avibase-688582BF,Passeriformes,Nectariniidae,Spiderhunters and Sunbirds,Cinnyris habessinicus,Abyssinian Sunbird,"Taxon hellmayri (polytypic, including kinneari) is treated as a species separate from Cinnyris habessinicus based on differences in male and female plumages, larger size, and reportedly different vocalizations (Shirihai & Svensson 2018). Formal bioacoustic and genetic analyses would be informative.",shisun3,avibase-688582BF,ebd,FALSE,native,794,1969-08-01,2026-06-15,LC,https://datazone.birdlife.org/species/factsheet/103803926,https://birdsoftheworld.org/bow/species/shisun3/,,,,,,,,,,,,,,,,,,,,,,,,,FALSE
28752,avibase-7C8BC7CF,Passeriformes,Nectariniidae,Spiderhunters and Sunbirds,Cinnyris superbus,Superb Sunbird,,supsun2,avibase-7C8BC7CF,ebd,FALSE,native,8,1990-12-02,2021-07-12,LC,https://datazone.birdlife.org/species/factsheet/22718035,https://birdsoftheworld.org/bow/species/supsun2/,,,,,,,,,,,,,,,,,,,,,,,,,FALSE
28762,avibase-8E9E45B5,Passeriformes,Nectariniidae,Spiderhunters and Sunbirds,Cinnyris venustus,Variable Sunbird,,varsun2,avibase-8E9E45B5;avibase-B48D417F;avibase-BD3BFD8A;avibase-D81AC961,ebd,FALSE,native,26314,1965-10-25,2026-06-30,LC,https://datazone.birdlife.org/species/factsheet/22717826,https://birdsoftheworld.org/bow/species/varsun2/,,,,,,,,,,,,,,,,,,,,,,,,,FALSE
28773,avibase-1F21FFE9,Passeriformes,Nectariniidae,Spiderhunters and Sunbirds,Cinnyris cupreus,Copper Sunbird,,copsun2,avibase-1F21FFE9,ebd,FALSE,native,694,1973-09-05,2026-06-26,LC,https://datazone.birdlife.org/species/factsheet/22717945,https://birdsoftheworld.org/bow/species/copsun2/,,,,,,,,,,,,,,,,,,,,,,,,,FALSE
28891,avibase-C7708C70,Passeriformes,Ploceidae,Weavers and Allies,Amblyospiza albifrons,Thick-billed Weaver,,growea1,avibase-C7708C70,ebd,FALSE,native,6615,1953-04-05,2026-06-29,LC,https://datazone.birdlife.org/species/factsheet/22719260,https://birdsoftheworld.org/bow/species/growea1/,,,,,,,,,,,,,,,,,,,,,,,,,FALSE
28903,avibase-FD2FEFFD,Passeriformes,Ploceidae,Weavers and Allies,Histurgops ruficauda,Rufous-tailed Weaver,,rutwea1,avibase-FD2FEFFD,ebd,FALSE,native,548,1988-08-31,2026-06-27,LC,https://datazone.birdlife.org/species/factsheet/22718711,https://birdsoftheworld.org/bow/species/rutwea1/,,,,,,,,,,,,,,,,,,,,,,,,,FALSE
28905,avibase-C90890A3,Passeriformes,Ploceidae,Weavers and Allies,Sporopipes frontalis,Speckle-fronted Weaver,,spfwea1,avibase-C90890A3,ebd,FALSE,native,6260,1965-10-25,2026-06-30,LC,https://datazone.birdlife.org/species/factsheet/22718680,https://birdsoftheworld.org/bow/species/spfwea1/,,,,,,,,,,,,,,,,,,,,,,,,,FALSE
28914,avibase-65856D49,Passeriformes,Ploceidae,Weavers and Allies,Pseudonigrita cabanisi,Black-capped Social Weaver,,bcswea1,avibase-65856D49,ebd,FALSE,native,4061,1966-10-01,2026-06-30,LC,https://datazone.birdlife.org/species/factsheet/22718725,https://birdsoftheworld.org/bow/species/bcswea1/,,,,,,,,,,,,,,,,,,,,,,,,,FALSE
28915,avibase-573C3683,Passeriformes,Ploceidae,Weavers and Allies,Pseudonigrita arnaudi,Grey-capped Social Weaver,,gyhsow1,avibase-573C3683,ebd,FALSE,native,7182,1965-10-25,2026-06-30,LC,https://datazone.birdlife.org/species/factsheet/22718718,https://birdsoftheworld.org/bow/species/gyhsow1/,,,,,,,,,,,,,,,,,,,,,,,,,FALSE
28920,avibase-94C71DF6,Passeriformes,Ploceidae,Weavers and Allies,Plocepasser mahali,White-browed Sparrow-Weaver,,wbswea1,avibase-3FD65FF2;avibase-94C71DF6,ebd,FALSE,native,33073,1965-10-25,2026-06-30,LC,https://datazone.birdlife.org/species/factsheet/22718690,https://birdsoftheworld.org/bow/species/wbswea1/,,,,,,,,,,,,,,,,,,,,,,,,,FALSE
28925,avibase-2C504059,Passeriformes,Ploceidae,Weavers and Allies,Plocepasser superciliosus,Chestnut-crowned Sparrow-Weaver,,ccswea1,avibase-2C504059,ebd,FALSE,native,375,1984-04-12,2026-05-26,LC,https://datazone.birdlife.org/species/factsheet/22718695,https://birdsoftheworld.org/bow/species/ccswea1/,,,,,,,,,,,,,,,,,,,,,,,,,FALSE
28927,avibase-5011E123,Passeriformes,Ploceidae,Weavers and Allies,Plocepasser donaldsoni,Donaldson Smith's Sparrow-Weaver,,dsswea1,avibase-5011E123,ebd,FALSE,native,3273,1970-08-09,2026-06-30,LC,https://datazone.birdlife.org/species/factsheet/22718706,https://birdsoftheworld.org/bow/species/dsswea1/,,,,,,,,,,,,,,,,,,,,,,,,,FALSE
28929,avibase-00B07B12,Passeriformes,Ploceidae,Weavers and Allies,Dinemellia dinemelli,White-headed Buffalo Weaver,,whbwea1,avibase-00B07B12,ebd,FALSE,native,15151,1966-10-01,2026-06-30,LC,https://datazone.birdlife.org/species/factsheet/22718674,https://birdsoftheworld.org/bow/species/whbwea1/,,,,,,,,,,,,,,,,,,,,,,,,,FALSE
28933,avibase-864D4A4F,Passeriformes,Ploceidae,Weavers and Allies,Bubalornis albirostris,White-billed Buffalo Weaver,,wbbwea1,avibase-864D4A4F,ebd,FALSE,native,1390,1976-10-30,2026-06-27,LC,https://datazone.birdlife.org/species/factsheet/22718662,https://birdsoftheworld.org/bow/species/wbbwea1/,,,,,,,,,,,,,,,,,,,,,,,,,FALSE
28934,avibase-9EB53638,Passeriformes,Ploceidae,Weavers and Allies,Bubalornis niger,Red-billed Buffalo Weaver,,rbbwea1,avibase-9EB53638,ebd,FALSE,native,8089,1969-07-08,2026-06-30,LC,https://datazone.birdlife.org/species/factsheet/22718668,https://birdsoftheworld.org/bow/species/rbbwea1/,,,,,,,,,,,,,,,,,,,,,,,,,FALSE
28940,avibase-BE1FE156,Passeriformes,Ploceidae,Weavers and Allies,Ploceus baglafecht,Baglafecht Weaver,,bagwea1,avibase-34568918;avibase-73FB8B7A;avibase-BE1FE156;avibase-EBB67E1A,ebd,FALSE,native,29772,1965-10-25,2026-06-30,LC,https://datazone.birdlife.org/species/factsheet/22718761,https://birdsoftheworld.org/bow/species/bagwea1/,,,,,,,,,,,,,,,,,,,,,,,,,FALSE
28952,avibase-1373D324,Passeriformes,Ploceidae,Weavers and Allies,Ploceus luteolus,Little Weaver,,litwea1,avibase-1373D324,ebd,FALSE,native,2347,1973-08-24,2026-06-30,LC,https://datazone.birdlife.org/species/factsheet/22718779,https://birdsoftheworld.org/bow/species/litwea1/,,,,,,,,,,,,,,,,,,,,,,,,,FALSE
28955,avibase-36C24C3D,Passeriformes,Ploceidae,Weavers and Allies,Ploceus pelzelni,Slender-billed Weaver,,slbwea1,avibase-36C24C3D,ebd,FALSE,native,1039,1971-08-08,2026-06-26,LC,https://datazone.birdlife.org/species/factsheet/22718770,https://birdsoftheworld.org/bow/species/slbwea1/,,,,,,,,,,,,,,,,,,,,,,,,,FALSE
28960,avibase-55997100,Passeriformes,Ploceidae,Weavers and Allies,Ploceus nigricollis,Black-necked Weaver,"Taxon brachypterus (monotypic, with po treated as a synonym of brachypterus) is treated as a species distinct from Ploceus nigricollis (polytypic, with melanoxanthus) based on differences in plumage, bare parts color, and limited intergradation across a narrow zone of contact. Available genetic data (De Silva et al. 2019) are uninformative.",bknwea2,avibase-55997100,ebd,FALSE,native,3977,1971-09-05,2026-06-30,LC,https://datazone.birdlife.org/species/factsheet/103811662,https://birdsoftheworld.org/bow/species/bknwea2/,,,,,,,,,,,,,,,,,,,,,,,,,FALSE
28963,avibase-CA4839B2,Passeriformes,Ploceidae,Weavers and Allies,Ploceus ocularis,Spectacled Weaver,,spewea1,avibase-3FC23978;avibase-797FD302;avibase-CA4839B2,ebd,FALSE,native,11529,1961-04-10,2026-06-30,LC,https://datazone.birdlife.org/species/factsheet/22718787,https://birdsoftheworld.org/bow/species/spewea1/,,,,,,,,,,,,,,,,,,,,,,,,,FALSE
28967,avibase-B38CE692,Passeriformes,Ploceidae,Weavers and Allies,Ploceus melanogaster,Black-billed Weaver,,blbwea1,avibase-AE3ADDBA;avibase-B38CE692,ebd,FALSE,native,1578,1969-09-09,2026-06-29,LC,https://datazone.birdlife.org/species/factsheet/22718795,https://birdsoftheworld.org/bow/species/blbwea1/,,,,,,,,,,,,,,,,,,,,,,,,,FALSE
28973,avibase-86BEAFA6,Passeriformes,Ploceidae,Weavers and Allies,Ploceus subaureus,Eastern Golden Weaver,,afgwea1,avibase-86BEAFA6,ebd,FALSE,native,2814,1969-06-15,2026-06-30,LC,https://datazone.birdlife.org/species/factsheet/22718811,https://birdsoftheworld.org/bow/species/afgwea1/,,,,,,,,,,,,,,,,,,,,,,,,,FALSE
28976,avibase-2D86B0D2,Passeriformes,Ploceidae,Weavers and Allies,Ploceus xanthops,Holub's Golden Weaver,,hogwea1,avibase-2D86B0D2,ebd,FALSE,native,7200,1953-03-29,2026-06-30,LC,https://datazone.birdlife.org/species/factsheet/22718818,https://birdsoftheworld.org/bow/species/hogwea1/,,,,,,,,,,,,,,,,,,,,,,,,,FALSE
28977,avibase-2C42345F,Passeriformes,Ploceidae,Weavers and Allies,Ploceus aurantius,Orange Weaver,,orawea1,avibase-2C42345F,ebd,FALSE,native,1,1984-11-25,1984-11-25,LC,https://datazone.birdlife.org/species/factsheet/22718833,https://birdsoftheworld.org/bow/species/orawea1/,,,,,,,,,,TRUE,,,,,,,,,,,,,,,FALSE
28980,avibase-F40197D6,Passeriformes,Ploceidae,Weavers and Allies,Ploceus bojeri,Golden Palm Weaver,,gopwea1,avibase-F40197D6,ebd,FALSE,native,3932,1969-06-15,2026-06-30,LC,https://datazone.birdlife.org/species/factsheet/22718837,https://birdsoftheworld.org/bow/species/gopwea1/,,,,,,,,,,,,,,,,,,,,,,,,,FALSE
28981,avibase-2379E3EB,Passeriformes,Ploceidae,Weavers and Allies,Ploceus castaneiceps,Taveta Weaver,,tagwea1,avibase-2379E3EB,ebd,FALSE,native,1557,1969-08-22,2026-06-27,LC,https://datazone.birdlife.org/species/factsheet/22718841,https://birdsoftheworld.org/bow/species/tagwea1/,,,,,,,,,,,,,,,,,,,,,,,,,FALSE
28987,avibase-F9FB0226,Passeriformes,Ploceidae,Weavers and Allies,Ploceus castanops,Northern Brown-throated Weaver,,nbtwea1,avibase-F9FB0226,ebd,FALSE,native,859,1973-10-11,2026-06-26,LC,https://datazone.birdlife.org/species/factsheet/22718850,https://birdsoftheworld.org/bow/species/nbtwea1/,,,,,,,,,,,,,,,,,,,,,,,,,FALSE
28990,avibase-6A84BDB8,Passeriformes,Ploceidae,Weavers and Allies,Ploceus taeniopterus,Northern Masked Weaver,,nomwea1,avibase-6A84BDB8,ebd,FALSE,native,1788,1973-09-22,2026-06-25,LC,https://datazone.birdlife.org/species/factsheet/22718871,https://birdsoftheworld.org/bow/species/nomwea1/,,,,,,,,,,,,,,,,,,,,,,,,,FALSE
28993,avibase-E069A0BB,Passeriformes,Ploceidae,Weavers and Allies,Ploceus intermedius,Lesser Masked Weaver,,lesmaw1,avibase-E069A0BB,ebd,FALSE,native,7529,1973-02-16,2026-06-30,LC,https://datazone.birdlife.org/species/factsheet/22718783,https://birdsoftheworld.org/bow/species/lesmaw1/,,,,,,,,,,,,,,,,,,,,,,,,,FALSE
28998,avibase-FC6C191F,Passeriformes,Ploceidae,Weavers and Allies,Ploceus vitellinus,Vitelline Masked Weaver,,vimwea1,avibase-FC6C191F,ebd,FALSE,native,6567,1966-10-01,2026-06-29,LC,https://datazone.birdlife.org/species/factsheet/22718882,https://birdsoftheworld.org/bow/species/vimwea1/,,,,,,,,,,,,,,,,,,,,,,,,,FALSE
29006,avibase-D8E67602,Passeriformes,Ploceidae,Weavers and Allies,Ploceus heuglini,Heuglin's Masked Weaver,,hemwea1,avibase-D8E67602,ebd,FALSE,native,116,1980-12-23,2026-05-25,LC,https://datazone.birdlife.org/species/factsheet/22718865,https://birdsoftheworld.org/bow/species/hemwea1/,,,,,,,,,,,,,,,,,,,,,,,,,FALSE
29008,avibase-4DC2B23C,Passeriformes,Ploceidae,Weavers and Allies,Ploceus spekei,Speke's Weaver,,spewea2,avibase-4DC2B23C,ebd,FALSE,native,11460,1961-12-09,2026-06-30,LC,https://datazone.birdlife.org/species/factsheet/22718929,https://birdsoftheworld.org/bow/species/spewea2/,,,,,,,,,,,,,,,,,,,,,,,,,FALSE
29011,avibase-20D915AD,Passeriformes,Ploceidae,Weavers and Allies,Ploceus nigerrimus,Vieillot's Black Weaver,Taxon castaneofuscus is tentatively treated as specifically distinct from Ploceus nigerrimus based on differences in male plumage. Further research is required; available genetic data (De Silva et al. 2019) are uninformative and the presence of a narrow hybrid zone requires investigation.,viewea3,avibase-20D915AD,ebd,FALSE,native,1857,1971-07-25,2026-06-28,LC,https://datazone.birdlife.org/species/factsheet/103812246,https://birdsoftheworld.org/bow/species/viewea3/,,,,,,,,,,,,,,,,,,,,,,,,,FALSE
29012,avibase-E8AA9E1C,Passeriformes,Ploceidae,Weavers and Allies,Ploceus cucullatus,Village Weaver,,vilwea1,avibase-2E6CDA96;avibase-6523C1F4;avibase-E8AA9E1C,ebd,FALSE,native,17308,1969-06-15,2026-06-30,LC,https://datazone.birdlife.org/species/factsheet/22718921,https://birdsoftheworld.org/bow/species/vilwea1/,,,,,,,,,,,,,,,,,,,,,,,,,FALSE
29022,avibase-341298B9,Passeriformes,Ploceidae,Weavers and Allies,Ploceus weynsi,Weyns's Weaver,,weywea1,avibase-341298B9,ebd,FALSE,native,1,2010-10-25,2010-10-25,LC,https://datazone.birdlife.org/species/factsheet/22718941,https://birdsoftheworld.org/bow/species/weywea1/,,,,,,,,,,,,,,TRUE,,,,,,,,,,,FALSE
29023,avibase-2A2CC7B3,Passeriformes,Ploceidae,Weavers and Allies,Ploceus golandi,Kilifi Weaver,,clawea1,avibase-2A2CC7B3,ebd,FALSE,native,433,1983-08-25,2026-06-26,EN,https://datazone.birdlife.org/species/factsheet/22718945,https://birdsoftheworld.org/bow/species/clawea1/,,,TRUE,,,,,,,,,,,,,,,,,,,,,,FALSE
29024,avibase-2E4A97D9,Passeriformes,Ploceidae,Weavers and Allies,Ploceus dichrocephalus,Juba Weaver,,salwea1,avibase-2E4A97D9,ebd,FALSE,native,1,1997-04-20,1997-04-20,LC,https://datazone.birdlife.org/species/factsheet/22718956,https://birdsoftheworld.org/bow/species/salwea1/,,,,,,,,,,,,,,,,,,,,,,,,,FALSE
29025,avibase-19D053B3,Passeriformes,Ploceidae,Weavers and Allies,Ploceus melanocephalus,Black-headed Weaver,,blhwea1,avibase-19D053B3,ebd,FALSE,native,1024,1973-10-11,2026-06-26,LC,https://datazone.birdlife.org/species/factsheet/22718949,https://birdsoftheworld.org/bow/species/blhwea1/,,,,,,,,,,,,,,,,,,,,,,,,,FALSE
29031,avibase-DF0759C0,Passeriformes,Ploceidae,Weavers and Allies,Ploceus jacksoni,Golden-backed Weaver,,gobwea1,avibase-DF0759C0,ebd,FALSE,native,2716,1973-02-16,2026-06-24,LC,https://datazone.birdlife.org/species/factsheet/22718966,https://birdsoftheworld.org/bow/species/gobwea1/,,,,,,,,,,,,,,,,,,,,,,,,,FALSE
29032,avibase-01BFAE61,Passeriformes,Ploceidae,Weavers and Allies,Ploceus rubiginosus,Chestnut Weaver,,chewea1,avibase-01BFAE61;avibase-9E23E84E;avibase-FFEE3236,ebd,FALSE,native,6750,1969-07-07,2026-06-30,LC,https://datazone.birdlife.org/species/factsheet/22718975,https://birdsoftheworld.org/bow/species/chewea1/,,TRUE,,,,,,,,,,,,,,,,,,,,,,,FALSE
29039,avibase-BE85C81E,Passeriformes,Ploceidae,Weavers and Allies,Ploceus tricolor,Yellow-mantled Weaver,,yemwea1,avibase-BE85C81E,ebd,FALSE,native,1,1965-06-15,1965-06-15,LC,https://datazone.birdlife.org/species/factsheet/22718983,https://birdsoftheworld.org/bow/species/yemwea1/,,,,TRUE,,,,,,TRUE,,,,,,,,,,,,,,,FALSE
29046,avibase-70312286,Passeriformes,Ploceidae,Weavers and Allies,Ploceus bicolor,Dark-backed Weaver,,forwea1,avibase-70312286,ebd,FALSE,native,3754,1973-03-02,2026-06-29,LC,https://datazone.birdlife.org/species/factsheet/22719017,https://birdsoftheworld.org/bow/species/forwea1/,,,,,,,,,,,,,,,,,,,,,,,,,FALSE
29054,avibase-C649EA57,Passeriformes,Ploceidae,Weavers and Allies,Ploceus insignis,Brown-capped Weaver,,brcwea1,avibase-C649EA57,ebd,FALSE,native,3933,1925-07-01,2026-06-29,LC,https://datazone.birdlife.org/species/factsheet/22719040,https://birdsoftheworld.org/bow/species/brcwea1/,,,,,,,,,,,,,,,,,,,,,,,,,FALSE
29086,avibase-0405CA69,Passeriformes,Ploceidae,Weavers and Allies,Pachyphantes superciliosus,Compact Weaver,Taxon superciliosus is placed in the monotypic genus Pachyphantes based on its compact morphology and distinctive nest (Wolters 1970). Mitochondrial DNA data (De Silva et al. 2019) appear to confirm Pachyphantes as monotypic.,comwea1,avibase-0405CA69,ebd,FALSE,native,145,1983-09-12,2026-06-30,LC,https://datazone.birdlife.org/species/factsheet/22719054,https://birdsoftheworld.org/bow/species/comwea1/,,,,,,,,,,,,,,,,,,,,,,,,,FALSE
29088,avibase-9387DC41,Passeriformes,Ploceidae,Weavers and Allies,Quelea cardinalis,Cardinal Quelea,,carque1,avibase-9387DC41,ebd,FALSE,native,1134,1974-07-12,2026-06-26,LC,https://datazone.birdlife.org/species/factsheet/22719120,https://birdsoftheworld.org/bow/species/carque1/,,,,,,,,,,,,,,,,,,,,,,,,,FALSE
29091,avibase-F8041931,Passeriformes,Ploceidae,Weavers and Allies,Quelea erythrops,Red-headed Quelea,,rehque1,avibase-F8041931,ebd,FALSE,native,59,1973-03-01,2026-06-02,LC,https://datazone.birdlife.org/species/factsheet/22719124,https://birdsoftheworld.org/bow/species/rehque1/,,TRUE,,,,,,,,,,,,,,,,,,,,,,,FALSE
29092,avibase-2B6DE136,Passeriformes,Ploceidae,Weavers and Allies,Quelea quelea,Red-billed Quelea,,rebque1,avibase-2B6DE136,ebd,FALSE,native,11822,1966-03-31,2026-06-30,LC,https://datazone.birdlife.org/species/factsheet/22719128,https://birdsoftheworld.org/bow/species/rebque1/,,TRUE,,,,,,,,,,,,,,,,,,,,,,,FALSE
29111,avibase-3D122849,Passeriformes,Ploceidae,Weavers and Allies,Euplectes franciscanus,Northern Red Bishop,,orabis1,avibase-3D122849,ebd,FALSE,native,438,1977-08-24,2026-06-26,LC,https://datazone.birdlife.org/species/factsheet/22719181,https://birdsoftheworld.org/bow/species/orabis1/,,,,,,,,,,,,,,,,,,,,,,,,,FALSE
29114,avibase-95F08BC3,Passeriformes,Ploceidae,Weavers and Allies,Euplectes orix,Southern Red Bishop,,redbis,avibase-95F08BC3,ebd,FALSE,native,1006,1969-07-08,2026-06-30,LC,https://datazone.birdlife.org/species/factsheet/22719186,https://birdsoftheworld.org/bow/species/redbis/,,,,,,,,,,,,,,,,,,,,,,,,,FALSE
29115,avibase-A31AC101,Passeriformes,Ploceidae,Weavers and Allies,Euplectes nigroventris,Zanzibar Red Bishop,,zanbis1,avibase-A31AC101,ebd,FALSE,native,2037,1972-04-05,2026-06-29,LC,https://datazone.birdlife.org/species/factsheet/22719191,https://birdsoftheworld.org/bow/species/zanbis1/,,,,,,,,,,,,,,,,,,,,,,,,,FALSE
29116,avibase-7B414273,Passeriformes,Ploceidae,Weavers and Allies,Euplectes hordeaceus,Black-winged Red Bishop,,blwbis1,avibase-7B414273,ebd,FALSE,native,637,1975-07-11,2026-06-27,LC,https://datazone.birdlife.org/species/factsheet/22719176,https://birdsoftheworld.org/bow/species/blwbis1/,,,,,,,,,,,,,,,,,,,,,,,,,FALSE
29119,avibase-CC7862AF,Passeriformes,Ploceidae,Weavers and Allies,Euplectes gierowii,Black Bishop,,blabis1,avibase-CC7862AF,ebd,FALSE,native,370,1980-04-26,2026-06-26,LC,https://datazone.birdlife.org/species/factsheet/22719172,https://birdsoftheworld.org/bow/species/blabis1/,,,,,,,,,,,,,,,,,,,,,,,,,FALSE
29123,avibase-4A58452B,Passeriformes,Ploceidae,Weavers and Allies,Euplectes afer,Yellow-crowned Bishop,,yecbis,avibase-4A58452B,ebd,FALSE,native,1509,1953-07-14,2026-06-26,LC,https://datazone.birdlife.org/species/factsheet/22719164,https://birdsoftheworld.org/bow/species/yecbis/,,,,,,,,,,,,,,,,,,,,,,,,,FALSE
29128,avibase-95A724BE,Passeriformes,Ploceidae,Weavers and Allies,Euplectes diadematus,Fire-fronted Bishop,,fifbis1,avibase-95A724BE,ebd,FALSE,native,356,1975-12-06,2026-05-09,LC,https://datazone.birdlife.org/species/factsheet/22719168,https://birdsoftheworld.org/bow/species/fifbis1/,,,,,,,,,,,,,,,,,,,,,,,,,FALSE
29130,avibase-97A73D9F,Passeriformes,Ploceidae,Weavers and Allies,Euplectes capensis,Yellow Bishop,,yelbis1,avibase-0188C7DA;avibase-97A73D9F,ebd,FALSE,native,7316,1970-07-08,2026-06-25,LC,https://datazone.birdlife.org/species/factsheet/22719200,https://birdsoftheworld.org/bow/species/yelbis1/,,,,,,,,,,,,,,,,,,,,,,,,,FALSE
29137,avibase-749E7B3C,Passeriformes,Ploceidae,Weavers and Allies,Euplectes albonotatus,White-winged Widowbird,,whwwid1,avibase-749E7B3C,ebd,FALSE,native,5865,1965-10-25,2026-06-29,LC,https://datazone.birdlife.org/species/factsheet/22719223,https://birdsoftheworld.org/bow/species/whwwid1/,,,,,,,,,,,,,,,,,,,,,,,,,FALSE
29141,avibase-F5E0EA0D,Passeriformes,Ploceidae,Weavers and Allies,Euplectes macroura,Yellow-mantled Widowbird,,yeswid2,avibase-4167B45D;avibase-4ED105CA;avibase-F5E0EA0D,ebd,FALSE,native,2142,1977-03-31,2026-06-23,LC,https://datazone.birdlife.org/species/factsheet/22719209,https://birdsoftheworld.org/bow/species/yeswid2/,,,,,,,,,,,,,,,,,,,,,,,,,FALSE
29145,avibase-6A1F6033,Passeriformes,Ploceidae,Weavers and Allies,Euplectes laticauda,Red-cowled Widowbird,"Taxon laticauda (polytypic, including suahelicus) is split from Euplectes ardens (monotypic) based on differences in plumage, molts, and tail length. A genetic analysis dominated by mitochondrial DNA data places E. l. suahelicus as a divergent sister lineage to E. ardens (Prager et al. 2008) in support of this treatment; as nominate E. laticauda was not included in the analysis, further genetic work is desirable.",recwid2,avibase-6A1F6033,ebd,FALSE,native,4284,1952-12-01,2026-06-30,LC,https://datazone.birdlife.org/species/factsheet/103810956,https://birdsoftheworld.org/bow/species/recwid2/,,,,,,,,,,,,,,,,,,,,,,,,,FALSE
29148,avibase-26618AA1,Passeriformes,Ploceidae,Weavers and Allies,Euplectes ardens,Red-collared Widowbird,"Taxon laticauda (polytypic, including suahelicus) is split from Euplectes ardens (monotypic) based on differences in plumage, molts, and tail length. A genetic analysis dominated by mitochondrial DNA data places E. l. suahelicus as a divergent sister lineage to E. ardens (Prager et al. 2008) in support of this treatment; as nominate E. laticauda was not included in the analysis, further genetic work is desirable.",recwid3,avibase-26618AA1,ebd,FALSE,native,1,1919-03-21,1919-03-21,LC,https://datazone.birdlife.org/species/factsheet/103810858,https://birdsoftheworld.org/bow/species/recwid3/,,,,,,,,,,,,,,,,,,,,,,,,,FALSE
29149,avibase-B08FF959,Passeriformes,Ploceidae,Weavers and Allies,Euplectes axillaris,Fan-tailed Widowbird,,fatwid1,avibase-B08FF959,ebd,FALSE,native,3430,1971-08-08,2026-06-28,LC,https://datazone.birdlife.org/species/factsheet/22719204,https://birdsoftheworld.org/bow/species/fatwid1/,,,,,,,,,,,,,,,,,,,,,,,,,FALSE
29155,avibase-59E7ABE5,Passeriformes,Ploceidae,Weavers and Allies,Euplectes hartlaubi,Marsh Widowbird,,marwid1,avibase-59E7ABE5,ebd,FALSE,native,75,1977-08-11,2026-05-09,LC,https://datazone.birdlife.org/species/factsheet/22719233,https://birdsoftheworld.org/bow/species/marwid1/,,,,,,,,,,,,,,,,,,,,,,,,,FALSE
29159,avibase-3153FE22,Passeriformes,Ploceidae,Weavers and Allies,Euplectes progne,Long-tailed Widowbird,,lotwid1,avibase-3153FE22,ebd,FALSE,native,2136,1953-02-15,2026-06-15,LC,https://datazone.birdlife.org/species/factsheet/22719244,https://birdsoftheworld.org/bow/species/lotwid1/,,,,,,,,,,,,,,,,,,,,,,,,TRUE,FALSE
29163,avibase-87071086,Passeriformes,Ploceidae,Weavers and Allies,Euplectes jacksoni,Jackson's Widowbird,,jacwid1,avibase-87071086,ebd,FALSE,native,2794,1961-04-09,2026-06-21,LC,https://datazone.birdlife.org/species/factsheet/22719249,https://birdsoftheworld.org/bow/species/jacwid1/,,,,,,,,,,,,,,,,,,,,,,,,,FALSE
29165,avibase-ECE36984,Passeriformes,Ploceidae,Weavers and Allies,Anaplectes jubaensis,Red Weaver,Taxon jubaensis is treated as a monotypic species separate from Anaplectes rubriceps (polytypic) based on plumage differences. Taxon leuconotos is retained as a subspecies of A. rubriceps based on plumage similarities and the presence of a broad zone of hybridization between them.,rehwea3,avibase-ECE36984,ebd,FALSE,native,1,1990-09-23,1990-09-23,LC,https://datazone.birdlife.org/species/factsheet/103812651,https://birdsoftheworld.org/bow/species/rehwea3/,,,,,,,,,,,,,,,,,,,,,,,,,FALSE
29166,avibase-4D19099B,Passeriformes,Ploceidae,Weavers and Allies,Anaplectes rubriceps,Red-headed Weaver,Taxon jubaensis is treated as a monotypic species separate from Anaplectes rubriceps (polytypic) based on plumage differences. Taxon leuconotos is retained as a subspecies of A. rubriceps based on plumage similarities and the presence of a broad zone of hybridization between them.,rehwea1,avibase-4B8D1BAD;avibase-4D19099B,ebd,FALSE,native,6587,1965-10-25,2026-06-30,NE,,https://birdsoftheworld.org/bow/species/rehwea1/,,,,,,,,,,,,,,,,,,,,,,,,,FALSE
29183,avibase-960B56F2,Passeriformes,Ploceidae,Weavers and Allies,Malimbus rubricollis,Red-headed Malimbe,,rehmal1,avibase-960B56F2,ebd,FALSE,native,1003,1971-07-25,2026-06-25,LC,https://datazone.birdlife.org/species/factsheet/22719108,https://birdsoftheworld.org/bow/species/rehmal1/,,,,,,,,,,,,,,,,,,,,,,,,,FALSE
29191,avibase-C97A5C39,Passeriformes,Viduidae,Whydahs and Indigobirds,Anomalospiza imberbis,Cuckoo-finch,,parwea1,avibase-C97A5C39,ebd,FALSE,native,578,1982-02-12,2026-06-23,LC,https://datazone.birdlife.org/species/factsheet/22719254,https://birdsoftheworld.org/bow/species/parwea1/,,,,,,,,,,,,,,,,,,,,,,,,,FALSE
29193,avibase-ACF0F1A2,Passeriformes,Viduidae,Whydahs and Indigobirds,Vidua paradisaea,Long-tailed Paradise Whydah,,eapwhy1,avibase-ACF0F1A2,ebd,FALSE,native,3079,1953-09-15,2026-06-30,LC,https://datazone.birdlife.org/species/factsheet/22720012,https://birdsoftheworld.org/bow/species/eapwhy1/,,,,,,,,,,,,,,,,,,,,,,,,,FALSE
29194,avibase-C1A42CCA,Passeriformes,Viduidae,Whydahs and Indigobirds,Vidua obtusa,Broad-tailed Paradise Whydah,,btpwhy1,avibase-C1A42CCA,ebd,FALSE,native,3,1953-03-29,2025-03-17,LC,https://datazone.birdlife.org/species/factsheet/22720020,https://birdsoftheworld.org/bow/species/btpwhy1/,,,,,,,,,,,,,,,,,,,,,,,,,FALSE
29200,avibase-673E66F0,Passeriformes,Viduidae,Whydahs and Indigobirds,Vidua macroura,Pin-tailed Whydah,,pitwhy,avibase-673E66F0,ebd,FALSE,native,15644,1969-07-01,2026-06-30,LC,https://datazone.birdlife.org/species/factsheet/22719988,https://birdsoftheworld.org/bow/species/pitwhy/,,,,,,,,,,,,,,,,,,,,,,,,,FALSE
29201,avibase-8D05A048,Passeriformes,Viduidae,Whydahs and Indigobirds,Vidua hypocherina,Steel-blue Whydah,,stbwhy1,avibase-8D05A048,ebd,FALSE,native,736,1973-08-24,2026-05-30,LC,https://datazone.birdlife.org/species/factsheet/22719972,https://birdsoftheworld.org/bow/species/stbwhy1/,,,,,,,,,,,,,,,,,,,,,,,,,FALSE
29203,avibase-424B857C,Passeriformes,Viduidae,Whydahs and Indigobirds,Vidua fischeri,Straw-tailed Whydah,,sttwhy1,avibase-424B857C,ebd,FALSE,native,2285,1973-02-23,2026-06-30,LC,https://datazone.birdlife.org/species/factsheet/22719977,https://birdsoftheworld.org/bow/species/sttwhy1/,,,,,,,,,,,,,,,,,,,,,,,,,FALSE
29204,avibase-BA01A793,Passeriformes,Viduidae,Whydahs and Indigobirds,Vidua chalybeata,Village Indigobird,,vilind,avibase-BA01A793,ebd,FALSE,native,5336,1969-07-10,2026-06-30,LC,https://datazone.birdlife.org/species/factsheet/22719936,https://birdsoftheworld.org/bow/species/vilind/,,,,,,,,,,,,,,,,,,,,,,,,,FALSE
29212,avibase-2AA13F1D,Passeriformes,Viduidae,Whydahs and Indigobirds,Vidua purpurascens,Purple Indigobird,,purind1,avibase-2AA13F1D,ebd,FALSE,native,45,1997-10-19,2026-01-08,LC,https://datazone.birdlife.org/species/factsheet/22719962,https://birdsoftheworld.org/bow/species/purind1/,,,,,,,,,,,,,,,,,,,,,,,,,FALSE
29213,avibase-49EF9657,Passeriformes,Viduidae,Whydahs and Indigobirds,Vidua funerea,Dusky Indigobird,,varind1,avibase-49EF9657,ebd,FALSE,native,13,2012-03-02,2025-11-19,LC,https://datazone.birdlife.org/species/factsheet/22736178,https://birdsoftheworld.org/bow/species/varind1/,,,,,,,,,,,,,,TRUE,,,,,,,,,,,FALSE
29267,avibase-7D6F12FE,Passeriformes,Estrildidae,"Munias, Parrotfinches, Waxbills, and Allies",Spermestes griseicapilla,Grey-headed Silverbill,,gyhsil1,avibase-7D6F12FE,ebd,FALSE,native,1751,1965-10-25,2026-06-30,LC,https://datazone.birdlife.org/species/factsheet/22719778,https://birdsoftheworld.org/bow/species/gyhsil1/,,,,,,,,,,,,,,,,,,,,,,,,,FALSE
29268,avibase-142E4CB7,Passeriformes,Estrildidae,"Munias, Parrotfinches, Waxbills, and Allies",Spermestes cucullata,Bronze Mannikin,,broman1,avibase-142E4CB7,ebd,FALSE,native,16212,1969-06-15,2026-06-30,LC,https://datazone.birdlife.org/species/factsheet/22719782,https://birdsoftheworld.org/bow/species/broman1/,,,,,,,,,,,,,,,,,,,,,,,,,FALSE
29271,avibase-64E386FE,Passeriformes,Estrildidae,"Munias, Parrotfinches, Waxbills, and Allies",Spermestes fringilloides,Magpie Mannikin,,magman1,avibase-64E386FE,ebd,FALSE,native,27,1989-12-12,2024-12-23,LC,https://datazone.birdlife.org/species/factsheet/22719801,https://birdsoftheworld.org/bow/species/magman1/,,,,,,,,,,,,,,,,,,,,,,,,,FALSE
29272,avibase-E358EC8A,Passeriformes,Estrildidae,"Munias, Parrotfinches, Waxbills, and Allies",Spermestes bicolor,Black-and-white Mannikin,Taxon nigriceps (polytypic) is treated as conspecific with Spermestes bicolor (polytypic) based on available evidence. Reports of parapatry have not been confirmed and genetic data are limited (Arnaiz-Villena et al. 2009; Olsson & Alström 2020); further research needed.,bawman1,avibase-21C4CE6A;avibase-A02BCF5E;avibase-E358EC8A,ebd,FALSE,native,5587,1970-07-27,2026-06-30,LC,https://datazone.birdlife.org/species/factsheet/105968860,https://birdsoftheworld.org/bow/species/bawman1/,,,,,,,,,,,,,,,,,,,,,,,,,FALSE
29281,avibase-FC6A9CD0,Passeriformes,Estrildidae,"Munias, Parrotfinches, Waxbills, and Allies",Euodice cantans,African Silverbill,,afrsil1,avibase-FC6A9CD0,ebd,FALSE,native,1560,1973-02-23,2026-06-28,LC,https://datazone.birdlife.org/species/factsheet/22719761,https://birdsoftheworld.org/bow/species/afrsil1/,,,,,,,,,,,,,,,,,,,,,,,,,FALSE
29419,avibase-B9BE800C,Passeriformes,Estrildidae,"Munias, Parrotfinches, Waxbills, and Allies",Coccopygia quartinia,Yellow-bellied Waxbill,,yebwax2,avibase-B9BE800C,ebd,FALSE,native,2641,1938-11-01,2026-06-30,LC,https://datazone.birdlife.org/species/factsheet/103815089,https://birdsoftheworld.org/bow/species/yebwax2/,,,,,,,,,,,,,,,,,,,,,,,,,FALSE
29426,avibase-1A6B766A,Passeriformes,Estrildidae,"Munias, Parrotfinches, Waxbills, and Allies",Mandingoa nitidula,Green Twinspot,,grbtwi1,avibase-1A6B766A,ebd,FALSE,native,302,1920-10-31,2026-06-25,LC,https://datazone.birdlife.org/species/factsheet/22719354,https://birdsoftheworld.org/bow/species/grbtwi1/,,,,,,,,,,,,,,,,,,,,,,,,,FALSE
29434,avibase-98B15EE7,Passeriformes,Estrildidae,"Munias, Parrotfinches, Waxbills, and Allies",Cryptospiza salvadorii,Abyssinian Crimsonwing,,abcwin1,avibase-98B15EE7,ebd,FALSE,native,856,1925-07-01,2026-06-14,LC,https://datazone.birdlife.org/species/factsheet/22719364,https://birdsoftheworld.org/bow/species/abcwin1/,,,,,,,,,,,,,,,,,,,,,,,,,FALSE
29449,avibase-F3B46894,Passeriformes,Estrildidae,"Munias, Parrotfinches, Waxbills, and Allies",Nigrita fusconotus,White-breasted Nigrita,,whbneg2,avibase-F3B46894,ebd,FALSE,native,567,1982-12-22,2026-06-29,LC,https://datazone.birdlife.org/species/factsheet/22719278,https://birdsoftheworld.org/bow/species/whbneg2/,,,,,,,,,,,,,,,,,,,,,,,,,FALSE
29456,avibase-B15F4C49,Passeriformes,Estrildidae,"Munias, Parrotfinches, Waxbills, and Allies",Nigrita canicapillus,Grey-headed Nigrita,,gyhneg1,avibase-B15F4C49,ebd,FALSE,native,3134,1925-07-01,2026-06-29,LC,https://datazone.birdlife.org/species/factsheet/22719298,https://birdsoftheworld.org/bow/species/gyhneg1/,,,,,,,,,,,,,,,,,,,,,,,,,FALSE
29469,avibase-842FF43C,Passeriformes,Estrildidae,"Munias, Parrotfinches, Waxbills, and Allies",Brunhilda erythronotos,Black-faced Waxbill,,blcwax1,avibase-842FF43C,ebd,FALSE,native,1427,1972-08-15,2026-06-30,LC,https://datazone.birdlife.org/species/factsheet/22719604,https://birdsoftheworld.org/bow/species/blcwax1/,,,,,,,,,,,,,,,,,,,,,,,,,FALSE
29472,avibase-50BF77FB,Passeriformes,Estrildidae,"Munias, Parrotfinches, Waxbills, and Allies",Brunhilda charmosyna,Black-cheeked Waxbill,,rerwax1,avibase-50BF77FB,ebd,FALSE,native,1163,1969-07-14,2026-06-21,LC,https://datazone.birdlife.org/species/factsheet/22719609,https://birdsoftheworld.org/bow/species/rerwax1/,,,,,,,,,,,,,,,,,,,,,,,,,FALSE
29482,avibase-2680F124,Passeriformes,Estrildidae,"Munias, Parrotfinches, Waxbills, and Allies",Estrilda nonnula,Black-crowned Waxbill,,blcwax2,avibase-2680F124,ebd,FALSE,native,671,1971-03-30,2026-06-26,LC,https://datazone.birdlife.org/species/factsheet/22719589,https://birdsoftheworld.org/bow/species/blcwax2/,,,,,,,,,,,,,,,,,,,,,,,,,FALSE
29486,avibase-C38DEB1A,Passeriformes,Estrildidae,"Munias, Parrotfinches, Waxbills, and Allies",Estrilda kandti,Kandt's Waxbill,,kanwax1,avibase-C38DEB1A,ebd,FALSE,native,938,1972-08-21,2026-06-20,LC,https://datazone.birdlife.org/species/factsheet/103813616,https://birdsoftheworld.org/bow/species/kanwax1/,,,,,,,,,,,,,,,,,,,,,,,,,FALSE
29495,avibase-1066028B,Passeriformes,Estrildidae,"Munias, Parrotfinches, Waxbills, and Allies",Estrilda paludicola,Fawn-breasted Waxbill,"Taxon ochrogaster (monotypic) is treated as a subspecies of Estrilda paludicola (polytypic) based on available evidence. Although ochrogaster differs from nominate in plumage, tail length, and voice, differences from other taxa are less clear. Further research, including genetic data, is needed, as multiple species may be present.",fabwax1,avibase-1066028B;avibase-7EF4005E,ebd,FALSE,native,336,1971-08-09,2026-06-26,LC,https://datazone.birdlife.org/species/factsheet/22719548,https://birdsoftheworld.org/bow/species/fabwax1/,,,,,,,,,,,,,,,,,,,,,,,,,FALSE
29503,avibase-61CB98C0,Passeriformes,Estrildidae,"Munias, Parrotfinches, Waxbills, and Allies",Estrilda astrild,Common Waxbill,,comwax,avibase-61CB98C0,ebd,FALSE,native,11636,1965-10-25,2026-06-30,LC,https://datazone.birdlife.org/species/factsheet/22719574,https://birdsoftheworld.org/bow/species/comwax/,,,,,,,,,,,,,,,,,,,,,,,,,FALSE
29519,avibase-D30DC715,Passeriformes,Estrildidae,"Munias, Parrotfinches, Waxbills, and Allies",Estrilda troglodytes,Black-rumped Waxbill,,bkrwax,avibase-D30DC715,ebd,FALSE,native,104,1986-08-06,2026-02-15,LC,https://datazone.birdlife.org/species/factsheet/22719570,https://birdsoftheworld.org/bow/species/bkrwax/,,,,,,,,,,,,,,,,,,,,,,,,,FALSE
29521,avibase-6DD8F10F,Passeriformes,Estrildidae,"Munias, Parrotfinches, Waxbills, and Allies",Estrilda rhodopyga,Crimson-rumped Waxbill,,crrwax1,avibase-6DD8F10F,ebd,FALSE,native,4673,1967-10-18,2026-06-29,LC,https://datazone.birdlife.org/species/factsheet/22719562,https://birdsoftheworld.org/bow/species/crrwax1/,,,,,,,,,,,,,,,,,,,,,,,,,FALSE
29525,avibase-EF6293B7,Passeriformes,Estrildidae,"Munias, Parrotfinches, Waxbills, and Allies",Paludipasser locustella,Locust Finch,,locust3,avibase-EF6293B7,ebd,FALSE,native,5,1990-08-31,2007-07-21,LC,https://datazone.birdlife.org/species/factsheet/22719645,https://birdsoftheworld.org/bow/species/locust3/,,,,,,,,,,,,,,,,,,,,,,,,,FALSE
29529,avibase-8E5252EB,Passeriformes,Estrildidae,"Munias, Parrotfinches, Waxbills, and Allies",Ortygospiza atricollis,Quailfinch,,quailf1,avibase-8E5252EB;avibase-B8DC9636,ebd,FALSE,native,2699,1969-07-07,2026-06-30,LC,https://datazone.birdlife.org/species/factsheet/22735955,https://birdsoftheworld.org/bow/species/quailf1/,,,,,,,,,,,,,,,,,,,,,,,,,FALSE
29543,avibase-CDDA63E0,Passeriformes,Estrildidae,"Munias, Parrotfinches, Waxbills, and Allies",Amadina fasciata,Cut-throat Finch,,cutthr1,avibase-CDDA63E0,ebd,FALSE,native,3788,1969-07-07,2026-06-30,LC,https://datazone.birdlife.org/species/factsheet/22719927,https://birdsoftheworld.org/bow/species/cutthr1/,,,,,,,,,,,,,,,,,,,,,,,,,FALSE
29550,avibase-ECC40D44,Passeriformes,Estrildidae,"Munias, Parrotfinches, Waxbills, and Allies",Amandava subflava,Orange-breasted Waxbill,,zebwax2,avibase-ECC40D44,ebd,FALSE,native,363,1980-08-02,2026-06-26,LC,https://datazone.birdlife.org/species/factsheet/22719624,https://birdsoftheworld.org/bow/species/zebwax2/,,,,,,,,,,,,,,,,,,,,,,,,,FALSE
29559,avibase-DE689967,Passeriformes,Estrildidae,"Munias, Parrotfinches, Waxbills, and Allies",Granatina ianthinogaster,Purple Grenadier,,purgre2,avibase-DE689967,ebd,FALSE,native,17735,1965-10-25,2026-06-30,LC,https://datazone.birdlife.org/species/factsheet/22719504,https://birdsoftheworld.org/bow/species/purgre2/,,,,,,,,,,,,,,,,,,,,,,,,,FALSE
29565,avibase-EAE77D96,Passeriformes,Estrildidae,"Munias, Parrotfinches, Waxbills, and Allies",Uraeginthus bengalus,Red-cheeked Cordon-bleu,,reccor,avibase-EAE77D96,ebd,FALSE,native,25566,1962-07-15,2026-06-30,LC,https://datazone.birdlife.org/species/factsheet/22719493,https://birdsoftheworld.org/bow/species/reccor/,,,,,,,,,,,,,,,,,,,,,,,,,FALSE
29570,avibase-5CAE6778,Passeriformes,Estrildidae,"Munias, Parrotfinches, Waxbills, and Allies",Uraeginthus cyanocephalus,Blue-capped Cordon-bleu,,blccor1,avibase-5CAE6778,ebd,FALSE,native,2929,1952-12-15,2026-06-30,LC,https://datazone.birdlife.org/species/factsheet/22719499,https://birdsoftheworld.org/bow/species/blccor1/,,,,,,,,,,,,,,,,,,,,,,,,,FALSE
29574,avibase-2CC91390,Passeriformes,Estrildidae,"Munias, Parrotfinches, Waxbills, and Allies",Pyrenestes ostrinus,Black-bellied Seedcracker,,blbsee1,avibase-2CC91390,ebd,FALSE,native,2,1990-12-22,1991-09-02,LC,https://datazone.birdlife.org/species/factsheet/22719384,https://birdsoftheworld.org/bow/species/blbsee1/,,,,,,,,,,TRUE,,,,,,,,,,,,,,,FALSE
29581,avibase-46A1FC77,Passeriformes,Estrildidae,"Munias, Parrotfinches, Waxbills, and Allies",Spermophaga ruficapilla,Red-headed Bluebill,,rehblu1,avibase-46A1FC77,ebd,FALSE,native,1235,1915-02-03,2026-06-29,LC,https://datazone.birdlife.org/species/factsheet/22719403,https://birdsoftheworld.org/bow/species/rehblu1/,,,,,,,,,,,,,,,,,,,,,,,,,FALSE
29585,avibase-01A3BE3C,Passeriformes,Estrildidae,"Munias, Parrotfinches, Waxbills, and Allies",Pytilia melba,Green-winged Pytilia,,grwpyt1,avibase-01A3BE3C,ebd,FALSE,native,4274,1970-08-06,2026-06-30,LC,https://datazone.birdlife.org/species/factsheet/22719344,https://birdsoftheworld.org/bow/species/grwpyt1/,,,,,,,,,,,,,,,,,,,,,,,,,FALSE
29594,avibase-6A1ED1C2,Passeriformes,Estrildidae,"Munias, Parrotfinches, Waxbills, and Allies",Pytilia afra,Orange-winged Pytilia,,orwpyt1,avibase-6A1ED1C2,ebd,FALSE,native,120,1901-01-01,2026-05-09,LC,https://datazone.birdlife.org/species/factsheet/22719340,https://birdsoftheworld.org/bow/species/orwpyt1/,,,,,,,,,,,,,,,,,,,,,,,,,FALSE
29602,avibase-50490520,Passeriformes,Estrildidae,"Munias, Parrotfinches, Waxbills, and Allies",Hypargos niveoguttatus,Red-throated Twinspot,,pettwi1,avibase-50490520,ebd,FALSE,native,479,1888-09-11,2026-06-07,LC,https://datazone.birdlife.org/species/factsheet/22719411,https://birdsoftheworld.org/bow/species/pettwi1/,,,,,,,,,,,,,,,,,,,,,,,,,FALSE
29611,avibase-BD7558AD,Passeriformes,Estrildidae,"Munias, Parrotfinches, Waxbills, and Allies",Clytospiza monteiri,Brown Twinspot,,brotwi1,avibase-BD7558AD,ebd,FALSE,native,37,1989-07-12,2026-04-23,LC,https://datazone.birdlife.org/species/factsheet/22719407,https://birdsoftheworld.org/bow/species/brotwi1/,,,,,,,,,,,,,,,,,,,,,,,,,FALSE
29613,avibase-B4A4E4BF,Passeriformes,Estrildidae,"Munias, Parrotfinches, Waxbills, and Allies",Lagonosticta senegala,Red-billed Firefinch,,rebfir2,avibase-B4A4E4BF,ebd,FALSE,native,21157,1969-07-08,2026-06-30,LC,https://datazone.birdlife.org/species/factsheet/22719440,https://birdsoftheworld.org/bow/species/rebfir2/,,,,,,,,,,,,,,,,,,,,,,,,,FALSE
29621,avibase-43FE4788,Passeriformes,Estrildidae,"Munias, Parrotfinches, Waxbills, and Allies",Lagonosticta rufopicta,Bar-breasted Firefinch,,babfir1,avibase-43FE4788,ebd,FALSE,native,556,1984-02-12,2026-06-30,LC,https://datazone.birdlife.org/species/factsheet/22719428,https://birdsoftheworld.org/bow/species/babfir1/,,,,,,,,,,,,,,,,,,,,,,,,,FALSE
29624,avibase-27012CC9,Passeriformes,Estrildidae,"Munias, Parrotfinches, Waxbills, and Allies",Lagonosticta rara,Black-bellied Firefinch,,blbfir1,avibase-27012CC9,ebd,FALSE,native,173,1986-08-06,2026-06-30,LC,https://datazone.birdlife.org/species/factsheet/22719444,https://birdsoftheworld.org/bow/species/blbfir1/,,,,,,,,,,,,,,,,,,,,,,,,,FALSE
29631,avibase-A6034D7F,Passeriformes,Estrildidae,"Munias, Parrotfinches, Waxbills, and Allies",Lagonosticta rubricata,African Firefinch,"Taxon landanae (monotypic) is treated as a subspecies of Lagonosticta rubricata (polytypic), as it is only known to differ in bill color and size (Payne 2004).",afffin,avibase-A6034D7F,ebd,FALSE,native,2438,1969-07-07,2026-06-30,LC,https://datazone.birdlife.org/species/factsheet/22731403,https://birdsoftheworld.org/bow/species/afffin/,,,,,,,,,,,,,,,,,,,,,,,,,FALSE
29638,avibase-871F32D9,Passeriformes,Estrildidae,"Munias, Parrotfinches, Waxbills, and Allies",Lagonosticta rhodopareia,Jameson's Firefinch,,jamfir1,avibase-871F32D9,ebd,FALSE,native,398,1970-08-03,2026-06-24,LC,https://datazone.birdlife.org/species/factsheet/103812687,https://birdsoftheworld.org/bow/species/jamfir1/,,,,,,,,,,,,,,,,,,,,,,,,,FALSE
29731,avibase-FCD72CEE,Passeriformes,Passeridae,Snowfinches and Old World Sparrows,Gymnoris pyrgita,Yellow-spotted Bush Sparrow,,yespet1,avibase-FCD72CEE,ebd,FALSE,native,8106,1970-07-08,2026-06-30,LC,https://datazone.birdlife.org/species/factsheet/22718290,https://birdsoftheworld.org/bow/species/yespet1/,,,,,,,,,,,,,,,,,,,,,,,,,FALSE
29744,avibase-E10D0809,Passeriformes,Passeridae,Snowfinches and Old World Sparrows,Passer griseus,Northern Grey-headed Sparrow,,gyhspa1,avibase-E10D0809,ebd,FALSE,native,5637,1965-10-25,2026-06-30,LC,https://datazone.birdlife.org/species/factsheet/22718230,https://birdsoftheworld.org/bow/species/gyhspa1/,,,,,,,,,,,,,,,,,,,,,,,,,FALSE
29748,avibase-F375B25B,Passeriformes,Passeridae,Snowfinches and Old World Sparrows,Passer swainsonii,Swainson's Sparrow,,swaspa2,avibase-F375B25B,ebd,FALSE,native,49,2007-08-17,2026-05-20,LC,https://datazone.birdlife.org/species/factsheet/22718237,https://birdsoftheworld.org/bow/species/swaspa2/,,,,,,,,,,,,,,,,,,,,,,,,,FALSE
29749,avibase-DB4998D1,Passeriformes,Passeridae,Snowfinches and Old World Sparrows,Passer gongonensis,Parrot-billed Sparrow,,pabspa1,avibase-DB4998D1,ebd,FALSE,native,12903,1952-11-15,2026-06-30,LC,https://datazone.birdlife.org/species/factsheet/22718243,https://birdsoftheworld.org/bow/species/pabspa1/,,,,,,,,,,,,,,,,,,,,,,,,,FALSE
29750,avibase-2B55E679,Passeriformes,Passeridae,Snowfinches and Old World Sparrows,Passer suahelicus,Swahili Sparrow,,swaspa1,avibase-2B55E679,ebd,FALSE,native,1341,1974-12-26,2026-06-20,LC,https://datazone.birdlife.org/species/factsheet/22718249,https://birdsoftheworld.org/bow/species/swaspa1/,,,,,,,,,,,,,,,,,,,,,,,,,FALSE
29760,avibase-D8F2F78B,Passeriformes,Passeridae,Snowfinches and Old World Sparrows,Passer eminibey,Chestnut Sparrow,,chespa1,avibase-D8F2F78B,ebd,FALSE,native,5319,1970-08-09,2026-06-29,LC,https://datazone.birdlife.org/species/factsheet/22718286,https://birdsoftheworld.org/bow/species/chespa1/,,,,,,,,,,,,,,,,,,,,,,,,,FALSE
29765,avibase-DBAB527C,Passeriformes,Passeridae,Snowfinches and Old World Sparrows,Passer rufocinctus,Kenya Sparrow,,kerspa2,avibase-DBAB527C,ebd,FALSE,native,20266,1965-10-25,2026-06-30,LC,https://datazone.birdlife.org/species/factsheet/22718206,https://birdsoftheworld.org/bow/species/kerspa2/,,,,,,,,,,,,,,,,,,,,,,,,,FALSE
29766,avibase-126E0CFA,Passeriformes,Passeridae,Snowfinches and Old World Sparrows,Passer shelleyi,Shelley's Sparrow,,shrspa1,avibase-126E0CFA,ebd,FALSE,native,72,2017-03-26,2026-05-09,LC,https://datazone.birdlife.org/species/factsheet/22736010,https://birdsoftheworld.org/bow/species/shrspa1/,,,,,,,,,,,,,,,,,,,,,,,,,FALSE
29803,avibase-1D25E0DB,Passeriformes,Passeridae,Snowfinches and Old World Sparrows,Passer castanopterus,Somali Sparrow,,somspa1,avibase-1D25E0DB,ebd,FALSE,native,320,1973-08-26,2026-05-20,LC,https://datazone.birdlife.org/species/factsheet/22718187,https://birdsoftheworld.org/bow/species/somspa1/,,,,,,,,,,,,,,,,,,,,,,,,,FALSE
29807,avibase-240E3390,Passeriformes,Passeridae,Snowfinches and Old World Sparrows,Passer domesticus,House Sparrow,,houspa,avibase-240E3390;avibase-57816EB6;avibase-C71FD145,ebd,FALSE,naturalized,12629,1966-01-29,2026-06-30,LC,https://datazone.birdlife.org/species/factsheet/103818789,https://birdsoftheworld.org/bow/species/houspa/,,,,,,,,,,,,,,,,,,,,,,,,,FALSE
29826,avibase-4F2CC293,Passeriformes,Motacillidae,Wagtails and Pipits,Motacilla capensis,Cape Wagtail,,capwag1,avibase-4F2CC293,ebd,FALSE,native,2291,1963-06-22,2026-06-28,LC,https://datazone.birdlife.org/species/factsheet/22718371,https://birdsoftheworld.org/bow/species/capwag1/,,,,,,,,,,,,,,,,,,,,,,,,,FALSE
29830,avibase-747B3A52,Passeriformes,Motacillidae,Wagtails and Pipits,Motacilla clara,Mountain Wagtail,,mouwag1,avibase-747B3A52,ebd,FALSE,native,4097,1961-04-06,2026-06-29,LC,https://datazone.birdlife.org/species/factsheet/22718397,https://birdsoftheworld.org/bow/species/mouwag1/,,,,,,,,,,,,,,,,,,,,,,,,,FALSE
29834,avibase-AE073221,Passeriformes,Motacillidae,Wagtails and Pipits,Motacilla cinerea,Grey Wagtail,,grywag,avibase-AE073221,ebd,FALSE,native,823,1971-01-04,2026-04-11,LC,https://datazone.birdlife.org/species/factsheet/22718392,https://birdsoftheworld.org/bow/species/grywag/,,,,,,,,,,,,TRUE,,,,,,,,,,,,,FALSE
29838,avibase-5983D677,Passeriformes,Motacillidae,Wagtails and Pipits,Motacilla flava,Western Yellow Wagtail,,eaywag1,avibase-008B89FA;avibase-2064577F;avibase-2A3F24F8;avibase-34DA7F52;avibase-5983D677;avibase-876F7E82;avibase-8995B8DE;avibase-9CAAD123;avibase-C0876FE9;avibase-E7634E0C,ebd,FALSE,native,8855,1961-04-06,2026-05-25,LC,https://datazone.birdlife.org/species/factsheet/103822349,https://birdsoftheworld.org/bow/species/eaywag1/,,,,,,,,,,,,TRUE,,,,,,,,,,,,,FALSE
29857,avibase-CE7D41A6,Passeriformes,Motacillidae,Wagtails and Pipits,Motacilla aguimp,African Pied Wagtail,,afpwag1,avibase-CE7D41A6,ebd,FALSE,native,37725,1965-10-25,2026-06-30,LC,https://datazone.birdlife.org/species/factsheet/22718366,https://birdsoftheworld.org/bow/species/afpwag1/,,,,,,,,,,,,,,,,,,,,,,,,,FALSE
29861,avibase-400E032C,Passeriformes,Motacillidae,Wagtails and Pipits,Motacilla alba,White Wagtail,,whiwag,avibase-400E032C;avibase-80A3185D,ebd,FALSE,native,89,1971-04-10,2026-05-09,LC,https://datazone.birdlife.org/species/factsheet/22718348,https://birdsoftheworld.org/bow/species/whiwag/,,,,,,,,,,,,TRUE,,,,,,,,,,,,,FALSE
29874,avibase-B9104F62,Passeriformes,Motacillidae,Wagtails and Pipits,Tmetothylacus tenellus,Golden Pipit,,golpip1,avibase-B9104F62,ebd,FALSE,native,3348,1952-11-25,2026-06-30,LC,https://datazone.birdlife.org/species/factsheet/22718401,https://birdsoftheworld.org/bow/species/golpip1/,TRUE,,,,,,,,,,,,,,,,,,,,,,,,FALSE
29878,avibase-FED54E53,Passeriformes,Motacillidae,Wagtails and Pipits,Macronyx sharpei,Sharpe's Longclaw,"Taxon ruficollis is transferred from Madanga to Anthus (Anthus ruficollis) based on analysis of multilocus DNA data and morphology (Alström et al. 2015b), while taxon bocagii is transferred from Amaurocichla to Motacilla (as Motacilla bocagii) based on multilocus DNA (Alström et al. 2015b) and genome-wide (Harris et al. 2018b) genetic evidence. For reasons of taxonomic stability, taxon chloris is placed in Hemimacronyx pending further research. Mitochondrial-dominated DNA data suggest that chloris is closely related to Macronyx croceus and M. capensis (Pietersen et al. 2019), which are embedded within Anthus. Similarly, taxon sharpei is placed in Macronyx instead of Hemimacronyx, pending further research. A comprehensive genetic review of genera Anthus, Macronyx, Hemimacronyx, and Tmetothylacus is needed.",shalon1,avibase-FED54E53,ebd,FALSE,native,1016,1925-07-01,2026-05-29,EN,https://datazone.birdlife.org/species/factsheet/22718436,https://birdsoftheworld.org/bow/species/shalon1/,,,TRUE,,,,,,,,,,,,,,,,,,,,,,FALSE
29882,avibase-0D9BFED1,Passeriformes,Motacillidae,Wagtails and Pipits,Macronyx croceus,Yellow-throated Longclaw,,yetlon1,avibase-0D9BFED1,ebd,FALSE,native,11876,1961-04-03,2026-06-30,LC,https://datazone.birdlife.org/species/factsheet/22718405,https://birdsoftheworld.org/bow/species/yetlon1/,,,,,,,,,,,,,,,,,,,,,,,,,FALSE
29890,avibase-F774B577,Passeriformes,Motacillidae,Wagtails and Pipits,Macronyx aurantiigula,Pangani Longclaw,,panlon1,avibase-F774B577,ebd,FALSE,native,2811,1962-07-18,2026-06-30,LC,https://datazone.birdlife.org/species/factsheet/22718428,https://birdsoftheworld.org/bow/species/panlon1/,,,,,,,,,,,,,,,,,,,,,,,,,FALSE
29891,avibase-70129CB1,Passeriformes,Motacillidae,Wagtails and Pipits,Macronyx ameliae,Rosy-throated Longclaw,,rotlon1,avibase-70129CB1,ebd,FALSE,native,3164,1953-09-08,2026-06-27,LC,https://datazone.birdlife.org/species/factsheet/22718423,https://birdsoftheworld.org/bow/species/rotlon1/,,,,,,,,,,,,,,,,,,,,,,,,,FALSE
29900,avibase-250CDA58,Passeriformes,Motacillidae,Wagtails and Pipits,Anthus campestris,Tawny Pipit,,tawpip1,avibase-250CDA58,ebd,FALSE,native,9,1978-12-03,2026-03-30,LC,https://datazone.birdlife.org/species/factsheet/22718501,https://birdsoftheworld.org/bow/species/tawpip1/,,,,,,,,,,,,TRUE,,,,,,,,,,,,,FALSE
29904,avibase-ECFF22D2,Passeriformes,Motacillidae,Wagtails and Pipits,Anthus similis,Long-billed Pipit,"Taxon nicholsoni (polytypic) is treated as a species separate from Anthus similis based on non-monophyly and deep divergence in mitochondrial DNA data (Finch et al. 2013; Pietersen et al. 2019). Furthermore, the two species are widely separated with the intervening habitat occupied by a related species without intergradation. However, vocalizations appear to be similar or identical and there are no compelling plumage differences. Further study of the whole similis group is desirable.",lobpip1,avibase-28BE1D24;avibase-429FF689;avibase-ECFF22D2,ebd,FALSE,native,2184,1973-07-19,2026-06-30,NE,,https://birdsoftheworld.org/bow/species/lobpip1/,,,,,,,,,,,,,,,,,,,,,,,,,FALSE
29951,avibase-D8A51184,Passeriformes,Motacillidae,Wagtails and Pipits,Anthus melindae,Malindi Pipit,,malpip1,avibase-D8A51184,ebd,FALSE,native,1100,1973-10-02,2026-06-30,LC,https://datazone.birdlife.org/species/factsheet/22718497,https://birdsoftheworld.org/bow/species/malpip1/,,,,,,,,,,,,,,,,,,,,,,,,,FALSE
29954,avibase-ECC3F122,Passeriformes,Motacillidae,Wagtails and Pipits,Anthus leucophrys,Plain-backed Pipit,,plbpip1,avibase-ECC3F122,ebd,FALSE,native,6454,1969-07-08,2026-06-30,LC,https://datazone.birdlife.org/species/factsheet/22718485,https://birdsoftheworld.org/bow/species/plbpip1/,,,,,,,,,,,,,,,,,,,,,,,,,FALSE
29964,avibase-0D7CC717,Passeriformes,Motacillidae,Wagtails and Pipits,Anthus cinnamomeus,African Pipit,,afrpip1,avibase-0D7CC717;avibase-CE117986,ebd,FALSE,native,13689,1969-07-08,2026-06-30,LC,https://datazone.birdlife.org/species/factsheet/103821565,https://birdsoftheworld.org/bow/species/afrpip1/,,,,,,,,,,,,,,,,,,,,,,,,,FALSE
29987,avibase-C69E0E28,Passeriformes,Motacillidae,Wagtails and Pipits,Anthus lineiventris,Striped Pipit,,strpip1,avibase-C69E0E28,ebd,FALSE,native,425,1978-08-02,2026-06-29,LC,https://datazone.birdlife.org/species/factsheet/22718448,https://birdsoftheworld.org/bow/species/strpip1/,,,,,,,,,,,,,,,,,,,,,,,,,FALSE
29989,avibase-19489268,Passeriformes,Motacillidae,Wagtails and Pipits,Anthus sokokensis,Sokoke Pipit,,sokpip1,avibase-19489268,ebd,FALSE,native,901,1973-10-02,2026-06-20,EN,https://datazone.birdlife.org/species/factsheet/22718542,https://birdsoftheworld.org/bow/species/sokpip1/,,,,,,,,,,,,,,,,,,,,,,,,,FALSE
29993,avibase-4C7B3D81,Passeriformes,Motacillidae,Wagtails and Pipits,Anthus caffer,Bushveld Pipit,,buspip1,avibase-4C7B3D81,ebd,FALSE,native,98,1909-07-09,2026-06-08,LC,https://datazone.birdlife.org/species/factsheet/22718536,https://birdsoftheworld.org/bow/species/buspip1/,,,,,,,,,,,,,,,,,,,,,,,,,FALSE
30032,avibase-365F5E97,Passeriformes,Motacillidae,Wagtails and Pipits,Anthus trivialis,Tree Pipit,,trepip,avibase-365F5E97,ebd,FALSE,native,2205,1961-04-08,2026-05-09,LC,https://datazone.birdlife.org/species/factsheet/22718546,https://birdsoftheworld.org/bow/species/trepip/,,,,,,,,,,,,TRUE,,,,,,,,,,,,,FALSE
30038,avibase-319D044A,Passeriformes,Motacillidae,Wagtails and Pipits,Anthus cervinus,Red-throated Pipit,,retpip,avibase-319D044A,ebd,FALSE,native,797,1971-03-31,2026-04-09,LC,https://datazone.birdlife.org/species/factsheet/22718560,https://birdsoftheworld.org/bow/species/retpip/,,,,,,,,,,,,TRUE,,,,,,,,,,,,,FALSE
30466,avibase-80B649D4,Passeriformes,Fringillidae,"Finches, Euphonias, and Allies",Linurgus olivaceus,Oriole Finch,,orifin1,avibase-80B649D4,ebd,FALSE,native,290,1925-07-01,2026-05-09,LC,https://datazone.birdlife.org/species/factsheet/22720319,https://birdsoftheworld.org/bow/species/orifin1/,,,,,,,,,,,,,,,,,,,,,,,,,FALSE
30476,avibase-169B483C,Passeriformes,Fringillidae,"Finches, Euphonias, and Allies",Crithagra mozambica,Yellow-fronted Canary,,yefcan,avibase-169B483C,ebd,FALSE,native,8349,1972-04-03,2026-06-30,LC,https://datazone.birdlife.org/species/factsheet/22720181,https://birdsoftheworld.org/bow/species/yefcan/,,,,,,,,,,,,,,,,,,,,,,,,,FALSE
30487,avibase-D419E3A5,Passeriformes,Fringillidae,"Finches, Euphonias, and Allies",Crithagra citrinelloides,African Citril,,afrcit1,avibase-D419E3A5,ebd,FALSE,native,9114,1969-10-31,2026-06-30,LC,https://datazone.birdlife.org/species/factsheet/22720084,https://birdsoftheworld.org/bow/species/afrcit1/,,,,,,,,,,,,,,,,,,,,,,,,,FALSE
30490,avibase-5108E1D3,Passeriformes,Fringillidae,"Finches, Euphonias, and Allies",Crithagra frontalis,Western Citril,,wescit1,avibase-5108E1D3,ebd,FALSE,native,62,1997-10-04,2026-01-24,LC,https://datazone.birdlife.org/species/factsheet/22720091,https://birdsoftheworld.org/bow/species/wescit1/,,,,,,,,,,,,,,,,,,,,,,,,,FALSE
30491,avibase-C978ABCC,Passeriformes,Fringillidae,"Finches, Euphonias, and Allies",Crithagra hyposticta,Southern Citril,,soucit1,avibase-C978ABCC,ebd,FALSE,native,1657,1977-08-11,2026-06-30,LC,https://datazone.birdlife.org/species/factsheet/22720098,https://birdsoftheworld.org/bow/species/soucit1/,,,,,,,,,,,,,,,,,,,,,,,,,FALSE
30497,avibase-5E456730,Passeriformes,Fringillidae,"Finches, Euphonias, and Allies",Crithagra koliensis,Papyrus Canary,,papcan1,avibase-5E456730,ebd,FALSE,native,247,1973-10-11,2026-06-04,LC,https://datazone.birdlife.org/species/factsheet/22720109,https://birdsoftheworld.org/bow/species/papcan1/,,,,,,,,,,,,,,,,,,,,,,,,,FALSE
30503,avibase-D12CDD0F,Passeriformes,Fringillidae,"Finches, Euphonias, and Allies",Crithagra atrogularis,Black-throated Canary,,bltcan1,avibase-D12CDD0F,ebd,FALSE,native,143,1982-12-18,2026-06-03,LC,https://datazone.birdlife.org/species/factsheet/22731333,https://birdsoftheworld.org/bow/species/bltcan1/,,,,,,,,,,TRUE,,,,,,,,,,,,,,,FALSE
30510,avibase-69EB514A,Passeriformes,Fringillidae,"Finches, Euphonias, and Allies",Crithagra reichenowi,Reichenow's Seedeater,,reisee2,avibase-69EB514A,ebd,FALSE,native,12715,1971-04-18,2026-06-30,LC,https://datazone.birdlife.org/species/factsheet/22720154,https://birdsoftheworld.org/bow/species/reisee2/,,,,,,,,,,,,,,,,,,,,,,,,,FALSE
30513,avibase-90C937E4,Passeriformes,Fringillidae,"Finches, Euphonias, and Allies",Crithagra dorsostriata,White-bellied Canary,,whbcan1,avibase-90C937E4,ebd,FALSE,native,6992,1970-08-03,2026-06-30,LC,https://datazone.birdlife.org/species/factsheet/22720197,https://birdsoftheworld.org/bow/species/whbcan1/,,,,,,,,,,,,,,,,,,,,,,,,,FALSE
30519,avibase-0CEB2DA6,Passeriformes,Fringillidae,"Finches, Euphonias, and Allies",Crithagra donaldsoni,Northern Grosbeak-Canary,,norgrc1,avibase-0CEB2DA6,ebd,FALSE,native,131,1973-08-26,2026-05-09,LC,https://datazone.birdlife.org/species/factsheet/22720185,https://birdsoftheworld.org/bow/species/norgrc1/,,,,,,,,,,,,,,,,,,,,,,,,,FALSE
30520,avibase-F3618305,Passeriformes,Fringillidae,"Finches, Euphonias, and Allies",Crithagra buchanani,Southern Grosbeak-Canary,,sougrc1,avibase-F3618305,ebd,FALSE,native,736,1980-10-06,2026-06-20,LC,https://datazone.birdlife.org/species/factsheet/22720191,https://birdsoftheworld.org/bow/species/sougrc1/,,,,,,,,,,,,,,,,,,,,,,,,,FALSE
30521,avibase-53A5E91F,Passeriformes,Fringillidae,"Finches, Euphonias, and Allies",Crithagra sulphurata,Brimstone Canary,,brican1,avibase-53A5E91F,ebd,FALSE,native,8266,1952-11-15,2026-06-30,LC,https://datazone.birdlife.org/species/factsheet/22720205,https://birdsoftheworld.org/bow/species/brican1/,,,,,,,,,,,,,,,,,,,,,,,,,FALSE
30535,avibase-580A93C2,Passeriformes,Fringillidae,"Finches, Euphonias, and Allies",Crithagra striolata,Streaky Seedeater,Taxon whytii is treated as a monotypic species separate from Crithagra striolata based on differences in plumage and divergence in mitochondrial-dominated DNA data (Nguembock et al. 2009). Further research would be informative.,strsee1,avibase-580A93C2,ebd,FALSE,native,19141,1965-10-25,2026-06-30,NE,,https://birdsoftheworld.org/bow/species/strsee1/,,,,,,,,,,,,,,,,,,,,,,,,,FALSE
30539,avibase-8E8B3DB9,Passeriformes,Fringillidae,"Finches, Euphonias, and Allies",Crithagra burtoni,Thick-billed Seedeater,,thbsee1,avibase-8E8B3DB9,ebd,FALSE,native,2531,1925-07-01,2026-06-26,LC,https://datazone.birdlife.org/species/factsheet/22720267,https://birdsoftheworld.org/bow/species/thbsee1/,,,,,,,,,,,,,,,,,,,,,,,,TRUE,FALSE
30552,avibase-115CB3F4,Passeriformes,Fringillidae,"Finches, Euphonias, and Allies",Crithagra canicapilla,West African Seedeater,,sthsee3,avibase-115CB3F4,ebd,FALSE,native,5,1900-08-15,2006-05-20,LC,https://datazone.birdlife.org/species/factsheet/103761640,https://birdsoftheworld.org/bow/species/sthsee3/,,,,,,,,,,,,,,TRUE,,,,,,,,,,,FALSE
30562,avibase-FB84DF4D,Passeriformes,Fringillidae,"Finches, Euphonias, and Allies",Crithagra striatipectus,Stripe-breasted Seedeater,"Taxon striatipectus is treated as a monotypic species separate from Crithagra reichardi based on subtle differences in plumage and behavior, combined with differences in ecology; also reported to differ vocally (Stevenson & Fanshawe 2002). A comprehensive genetic review would be informative.",reisee3,avibase-FB84DF4D,ebd,FALSE,native,167,1890-07-08,2026-05-23,LC,https://datazone.birdlife.org/species/factsheet/103761521,https://birdsoftheworld.org/bow/species/reisee3/,,,,,,,,,,,,,,,,,,,,,,,,,FALSE
30664,avibase-DCFFEEC1,Passeriformes,Fringillidae,"Finches, Euphonias, and Allies",Serinus flavivertex,Yellow-crowned Canary,,yeccan1,avibase-DCFFEEC1,ebd,FALSE,native,3255,1972-08-21,2026-06-26,LC,https://datazone.birdlife.org/species/factsheet/22732947,https://birdsoftheworld.org/bow/species/yeccan1/,,,,,,,,,,,,,,,,,,,,,,,,,FALSE
30755,avibase-D1C1A026,Passeriformes,Emberizidae,Old World Buntings,Emberiza flaviventris,Golden-breasted Bunting,,gobbun1,avibase-D1C1A026,ebd,FALSE,native,4659,1971-04-14,2026-06-30,LC,https://datazone.birdlife.org/species/factsheet/22720972,https://birdsoftheworld.org/bow/species/gobbun1/,,,,,,,,,,,,,,,,,,,,,,,,,FALSE
30760,avibase-72386016,Passeriformes,Emberizidae,Old World Buntings,Emberiza poliopleura,Somali Bunting,,sombun1,avibase-72386016,ebd,FALSE,native,3006,1973-02-22,2026-06-25,LC,https://datazone.birdlife.org/species/factsheet/22720977,https://birdsoftheworld.org/bow/species/sombun1/,,,,,,,,,,,,,,,,,,,,,,,,,FALSE
30761,avibase-BB11EE7F,Passeriformes,Emberizidae,Old World Buntings,Emberiza affinis,Brown-rumped Bunting,,brrbun1,avibase-BB11EE7F,ebd,FALSE,native,3,1987-10-12,2017-11-27,LC,https://datazone.birdlife.org/species/factsheet/22720982,https://birdsoftheworld.org/bow/species/brrbun1/,,,,,,,,,,,,,,TRUE,,,,,,,,,,,FALSE
30785,avibase-CDF4A106,Passeriformes,Emberizidae,Old World Buntings,Emberiza striolata,Striolated Bunting,,houbun2,avibase-CDF4A106,ebd,FALSE,native,65,1989-01-30,2026-05-27,LC,https://datazone.birdlife.org/species/factsheet/22735007,https://birdsoftheworld.org/bow/species/houbun2/,,,,,,,,,,,,,,,,,,,,,,,,,FALSE
30789,avibase-17E7F90B,Passeriformes,Emberizidae,Old World Buntings,Emberiza goslingi,Gosling's Bunting,"Taxon septemstriata is treated as conspecific with Emberiza tahapisi, although its status as a valid taxon remains unresolved. The single specimen included in the genetic study of Olsson et al. (2013b) had the plumage of tahapisi but the mitochondrial DNA of E. goslingi; further research needed.",gosbun1,avibase-17E7F90B,ebd,FALSE,native,10,2022-05-02,2022-05-05,NE,,https://birdsoftheworld.org/bow/species/gosbun1/,,,,,,,,,,,,,,,,,,,,,,,,,FALSE
30790,avibase-0C571D99,Passeriformes,Emberizidae,Old World Buntings,Emberiza tahapisi,Cinnamon-breasted Bunting,"Taxon septemstriata is treated as conspecific with Emberiza tahapisi, although its status as a valid taxon remains unresolved. The single specimen included in the genetic study of Olsson et al. (2013b) had the plumage of tahapisi but the mitochondrial DNA of E. goslingi; further research needed.",cibbun1,avibase-0C571D99,ebd,FALSE,native,3132,1970-08-06,2026-06-30,NE,,https://birdsoftheworld.org/bow/species/cibbun1/,,,,,,,,,,,,,,,,,,,,,,,,,FALSE
30881,avibase-47210561,Passeriformes,Emberizidae,Old World Buntings,Emberiza hortulana,Ortolan Bunting,,ortbun1,avibase-47210561,ebd,FALSE,native,13,1986-01-07,2025-12-04,LC,https://datazone.birdlife.org/species/factsheet/22720916,https://birdsoftheworld.org/bow/species/ortbun1/,,,,,,,,,,,,TRUE,,,,,,,,,,,,,FALSE
