ID,Sequence,SAFRING_No,avibase_id,ADU_No,Odr,Family,Genus,Species,Common_family,Common_group,Common_species,Split status,UO comment,BL comment,,
2579,196,0,,0,,,Unknown,Unknown,,Unknown,Unknown,,,,,
2290,2,1,avibase-2247CB05,1,Struthioniformes,Struthionidae,Struthio,camelus,Ostriches,Ostrich,Common,,,,,
2234,1041,2,avibase-9B183BDD,3,Ciconiiformes,Spheniscidae,Spheniscus,demersus,Penguins,Penguin,African,,,,,
1008,1033,3,avibase-4023CC81,4,Ciconiiformes,Spheniscidae,Eudyptes,chrysocome,Penguins,Penguin,Southern Rockhopper,split,"Retire, Change to Western Rock Hopper Penguin #14916 should  and to #14917  Eudyptes filholi Eastern Rock Hopper Penguin",,,
1966,944,4,avibase-8F269702,6,Ciconiiformes,Podicipedidae,Podiceps,cristatus,Grebes,Grebe,Great Crested,,,,,
1968,946,5,avibase-32DCEC14,7,Ciconiiformes,Podicipedidae,Podiceps,nigricollis,Grebes,Grebe,Black-necked,,,,,
2334,948,6,avibase-71682A47,8,Ciconiiformes,Podicipedidae,Tachybaptus,ruficollis,Grebes,Grebe,Little,,,,,
2382,1120,8,avibase-F9CBC9EB,12,Ciconiiformes,Diomedeidae,Thalassarche,melanophris,Albatrosses,Albatross,Black-browed,,,,,
2380,1118,9,avibase-0E4475F6,13,Ciconiiformes,Diomedeidae,Thalassarche,chrysostoma,Albatrosses,Albatross,Grey-headed,,,,,
1814,1085,12,avibase-4976BF1D,15,Ciconiiformes,Diomedeidae,Phoebetria,fusca,Albatrosses,Albatross,Sooty,,,,,
1429,1065,13,avibase-C1706A8B,17,Ciconiiformes,Procellariidae,Macronectes,giganteus,"Petrels, Shearwaters",Giant Petrel,Southern,,,,,
884,1051,14,avibase-AAC2D613,21,Ciconiiformes,Procellariidae,Daption,capense,"Petrels, Shearwaters",Petrel,Cape,,,,,
1102,1060,15,avibase-10C2881A,19,Ciconiiformes,Procellariidae,Fulmarus,glacialoides,"Petrels, Shearwaters",Fulmar,Southern,,,,,
2095,1098,16,avibase-508E7E59,23,Ciconiiformes,Procellariidae,Pterodroma,macroptera,"Petrels, Shearwaters",Petrel,Great-winged,,,,,
2092,1095,18,avibase-23865D25,26,Ciconiiformes,Procellariidae,Pterodroma,incerta,"Petrels, Shearwaters",Petrel,Atlantic,,,,,
2097,1100,19,avibase-12286A1E,24,Ciconiiformes,Procellariidae,Pterodroma,mollis,"Petrels, Shearwaters",Petrel,Soft-plumaged,,,,,
1183,1062,20,avibase-68D6A13A,28,Ciconiiformes,Procellariidae,Halobaena,caerulea,"Petrels, Shearwaters",Petrel,Blue,,,,,
1745,1079,21,avibase-93860B9B,29,Ciconiiformes,Procellariidae,Pachyptila,vittata,"Petrels, Shearwaters",Prion,Broad-billed,,,,,
1742,1072,22,avibase-105C306C,892,Ciconiiformes,Procellariidae,Pachyptila,desolata,"Petrels, Shearwaters",Prion,Antarctic,,,,,
2024,1088,24,avibase-843C1B86,33,Ciconiiformes,Procellariidae,Procellaria,cinerea,"Petrels, Shearwaters",Petrel,Grey,,,,,
236,1105,25,avibase-8B879DFA,35,Ciconiiformes,Procellariidae,Ardenna,gravis,,Shearwater,Great,,,,,
424,1048,26,avibase-710BB4E6,34,Ciconiiformes,Procellariidae,Calonectris,borealis,"Petrels, Shearwaters",Shearwater,Cory's,,retire and replace by 10702,not in use,,
2110,1101,27,avibase-0205EDC6,39,Ciconiiformes,Procellariidae,Puffinus,assimilis,"Petrels, Shearwaters",Shearwater,Little,,,,,
2111,1107,28,avibase-6DA05B66,40,Ciconiiformes,Procellariidae,Puffinus,bailloni,"Petrels, Shearwaters",Shearwater,Tropical,,,,,
237,1106,29,avibase-1725B07D,37,Ciconiiformes,Procellariidae,Ardenna,grisea,,Shearwater,Sooty,,,,,
1219,1063,30,avibase-E1638A37,42,Ciconiiformes,Hydrobatidae,Hydrobates,pelagicus,Northern Storm Petrels,Storm Petrel,European,,I think we shall keep Storm Petrel in Common_group. Therefore I moved Diving below. This is more logic,,,
1666,1069,31,avibase-C5FB15C6,43,Ciconiiformes,Hydrobatidae,Oceanodroma,leucorhoa,,Storm Petrel,Leach's,,,,,
1011,1036,32,avibase-5EA37AA8,0,Ciconiiformes,Spheniscidae,Eudyptes,robustus,Penguins,Penguin,Snares,,,,,
1664,1067,33,avibase-D295D249,44,Ciconiiformes,Hydrobatidae,Oceanites,oceanicus,Austral Storm Petrels,Storm Petrel,Wilson's,,,,,
1777,1081,34,avibase-E9DF118E,0,Ciconiiformes,Hydrobatidae,Pelagodroma,marina,Austral Storm Petrels,Storm Petrel,White-faced,,,,,
1116,1061,35,avibase-F5C74C92,0,Ciconiiformes,Hydrobatidae,Garrodia,nereis,Austral Storm Petrels,Storm Petrel,Grey-backed ,,,,,
1096,1058,36,avibase-ACE8EADE,46,Ciconiiformes,Hydrobatidae,Fregetta,tropica,Austral Storm Petrels,Storm Petrel,Black-bellied,,,,,
1095,1057,37,avibase-224E1093,45,Ciconiiformes,Hydrobatidae,Fregetta,grallaria,Austral Storm Petrels,Storm Petrel,White-bellied,,,,,
1779,1083,38,avibase-8A40716A,0,Procellariiformes,Pelecanoididae,Pelecanoides,urinatrix,"Petrels, Shearwaters",Diving Petrel,Common,,Moved Diving to Common_group,,,
1797,952,39,avibase-C412CD62,47,Ciconiiformes,Phaethontidae,Phaethon,rubricauda,Tropicbirds,Tropicbird,Red-tailed,,,,,
1796,951,40,avibase-1D07B501,48,Ciconiiformes,Phaethontidae,Phaethon,lepturus,Tropicbirds,Tropicbird,White-tailed,,,,,
1782,1017,41,avibase-8D24E93C,50,Ciconiiformes,Pelecanidae,Pelecanus,rufescens,Pelicans,Pelican,Pink-backed,,,,,
1781,1016,42,avibase-8BAFB01E,49,Ciconiiformes,Pelecanidae,Pelecanus,onocrotalus,Pelicans,Pelican,Great White,,,,,
1569,956,43,avibase-13610344,54,Ciconiiformes,Sulidae,Morus,serrator,"Gannets, Boobies",Gannet,Australasian,,,,,
1568,954,44,avibase-775E93D7,53,Ciconiiformes,Sulidae,Morus,capensis,"Gannets, Boobies",Gannet,Cape,,,,,
2294,957,45,avibase-22D1B4A2,51,Ciconiiformes,Sulidae,Sula,dactylatra,"Gannets, Boobies",Booby,Masked,,,,,
2295,958,46,avibase-5EC21767,52,Ciconiiformes,Sulidae,Sula,leucogaster,"Gannets, Boobies",Booby,Brown,,,,,
1801,967,47,avibase-B38FDD3E,55,Ciconiiformes,Phalacrocoracidae,Phalacrocorax,lucidus,"Cormorants, Shags",Cormorant,White-breasted,,,,,
1799,966,48,avibase-AE61BF48,56,Ciconiiformes,Phalacrocoracidae,Phalacrocorax,capensis,"Cormorants, Shags",Cormorant,Cape,,,,,
1802,969,49,avibase-37D2AC51,57,Ciconiiformes,Phalacrocoracidae,Phalacrocorax,neglectus,"Cormorants, Shags",Cormorant,Bank,,,,,
1530,961,50,avibase-E255DCE1,58,Ciconiiformes,Phalacrocoracidae,Microcarbo,africanus,,Cormorant,Reed,,,,,
1531,968,51,avibase-446E8F9D,59,Ciconiiformes,Phalacrocoracidae,Microcarbo,coronatus,,Cormorant,Crowned,,,,,
123,960,52,avibase-5C7936A7,60,Ciconiiformes,Anhingidae,Anhinga,rufa,"Anhingas, Darters",Darter,African,,,,,
1094,1030,53,avibase-788EBCAB,61,Ciconiiformes,Fregatidae,Fregata,minor,Frigatebirds,Frigatebird,Great,,,,,
229,973,54,avibase-6429024D,62,Ciconiiformes,Ardeidae,Ardea,cinerea,"Herons, Bitterns",Heron,Grey,,,,,
233,976,55,avibase-25A648FE,63,Ciconiiformes,Ardeidae,Ardea,melanocephala,"Herons, Bitterns",Heron,Black-headed,,,,,
230,974,56,avibase-C7888A15,64,Ciconiiformes,Ardeidae,Ardea,goliath,"Herons, Bitterns",Heron,Goliath,,,,,
234,977,57,avibase-3395DCF1,65,Ciconiiformes,Ardeidae,Ardea,purpurea,"Herons, Bitterns",Heron,Purple,,,,,
228,984,58,avibase-49D9148A,66,Ciconiiformes,Ardeidae,Ardea,alba,"Herons, Bitterns",Egret,Great,,,,,
935,989,59,avibase-4713982B,67,Ciconiiformes,Ardeidae,Egretta,garzetta,"Herons, Bitterns",Egret,Little,,,,,
348,982,61,avibase-AB1CB216,71,Ciconiiformes,Ardeidae,Ardea,ibis,"Herons, Bitterns",Egret,Western Cattle,,Changed genus to Ardea,Done,,
241,979,62,avibase-CE73EBD7,72,Ciconiiformes,Ardeidae,Ardeola,ralloides,"Herons, Bitterns",Heron,Squacco,,,,,
373,983,63,avibase-78B4A393,74,Ciconiiformes,Ardeidae,Butorides,striata,"Herons, Bitterns",Heron,Striated,,,,,
932,986,64,avibase-74853F89,69,Ciconiiformes,Ardeidae,Egretta,ardesiaca,"Herons, Bitterns",Heron,Black,,,,,
242,980,65,avibase-AEB2DA9B,75,Ciconiiformes,Ardeidae,Ardeola,rufiventris,"Herons, Bitterns",Heron,Rufous-bellied,,,,,
1274,996,66,avibase-87EEBD3E,79,Ciconiiformes,Ardeidae,Ixobrychus,sturmii,"Herons, Bitterns",Bittern,Dwarf,,,,,
1272,994,67,avibase-7AAD57AC,78,Ciconiiformes,Ardeidae,Ixobrychus,minutus,"Herons, Bitterns",Bittern,Little,,,,,
1466,1037,68,avibase-9DF07165,0,Ciconiiformes,Spheniscidae,Megadyptes,antipodes,Penguins,Penguin,Yellow-eyed,,,,,
1663,997,69,avibase-6BB94D7E,76,Ciconiiformes,Ardeidae,Nycticorax,nycticorax,"Herons, Bitterns",Night Heron,Black-crowned,,,,,
1147,993,70,avibase-3C12AA44,77,Ciconiiformes,Ardeidae,Gorsachius,leuconotus,"Herons, Bitterns",Night Heron,White-backed,,,,,
317,981,71,avibase-0F42F11A,80,Ciconiiformes,Ardeidae,Botaurus,stellaris,"Herons, Bitterns",Bittern,Eurasian,,,,,
2204,999,72,avibase-FC10F6ED,81,Ciconiiformes,Scopidae,Scopus,umbretta,Hamerkop,,Hamerkop,,,,,
1372,1024,73,avibase-03C0F97C,89,Ciconiiformes,Ciconiidae,Leptoptilos,crumenifer,Storks,Stork,Marabou,,,,,
121,1018,74,avibase-0F14ECE4,87,Ciconiiformes,Ciconiidae,Anastomus,lamelligerus,Storks,Openbill,African,,,,,
971,1023,75,avibase-3D155653,88,Ciconiiformes,Ciconiidae,Ephippiorhynchus,senegalensis,Storks,Stork,Saddle-billed,,,,,
1594,1025,76,avibase-4F92C892,90,Ciconiiformes,Ciconiidae,Mycteria,ibis,Storks,Stork,Yellow-billed,,,,,
589,1019,78,avibase-26CD0319,85,Ciconiiformes,Ciconiidae,Ciconia,abdimii,Storks,Stork,Abdim's,,,,,
592,1022,79,avibase-E2817DAE,84,Ciconiiformes,Ciconiidae,Ciconia,nigra,Storks,Stork,Black,,,,,
590,1020,80,avibase-28825494,83,Ciconiiformes,Ciconiidae,Ciconia,ciconia,Storks,Stork,White,,,,,
2396,1013,81,avibase-550DE745,91,Ciconiiformes,Threskiornithidae,Threskiornis,aethiopicus,"Ibises, Spoonbills",Ibis,African Sacred,,,,,
1132,1007,82,avibase-645134D3,92,Ciconiiformes,Threskiornithidae,Geronticus,calvus,"Ibises, Spoonbills",Ibis,Southern Bald,,,,,
1890,1012,83,avibase-D4540F88,93,Ciconiiformes,Threskiornithidae,Plegadis,falcinellus,"Ibises, Spoonbills",Ibis,Glossy,,,,,
314,1004,84,avibase-CAFBA217,94,Ciconiiformes,Threskiornithidae,Bostrychia,hagedash,"Ibises, Spoonbills",Ibis,Hadada,,,,,
1877,1010,85,avibase-F86BB1D3,95,Ciconiiformes,Threskiornithidae,Platalea,alba,"Ibises, Spoonbills",Spoonbill,African,,,,,
1817,1001,86,avibase-0F9B5174,96,Ciconiiformes,Phoenicopteridae,Phoenicopterus,roseus,Flamingos,Flamingo,Greater,,,,,
1816,1000,87,avibase-B06A9079,97,Ciconiiformes,Phoenicopteridae,Phoeniconaias,minor,,Flamingo,Lesser,,,,,
1889,113,88,avibase-EB01B24C,116,Anseriformes,Anatidae,Plectropterus,gambensis,"Ducks, Geese and Swans",Goose,Spur-winged,,,,,
81,62,89,avibase-DA2F24E3,102,Anseriformes,Anatidae,Alopochen,aegyptiaca,"Ducks, Geese and Swans",Goose,Egyptian,,,,,
2337,116,90,avibase-D9DEA77E,103,Anseriformes,Anatidae,Tadorna,cana,"Ducks, Geese and Swans",Shelduck, South African,,,,,
2175,115,91,avibase-3948131B,115,Anseriformes,Anatidae,Sarkidiornis,melanotos,"Ducks, Geese and Swans",Duck,Knob-billed,,,,,
1644,109,92,avibase-EC7C1618,114,Anseriformes,Anatidae,Nettapus,auritus,"Ducks, Geese and Swans",Goose,African Pygmy ,,,,,
105,67,93,avibase-ED4CE8E7,111,Anseriformes,Anatidae,Anas,clypeata,,Shoveler,Northern,,,,,
117,77,94,avibase-4670CF43,112,Anseriformes,Anatidae,Anas,smithii,,Shoveler,Cape,,,,,
118,78,95,avibase-1EAFAD9F,105,Anseriformes,Anatidae,Anas,sparsa,"Ducks, Geese and Swans",Duck,African Black,,,,,
120,80,96,avibase-7F64AD87,104,Anseriformes,Anatidae,Anas,undulata,"Ducks, Geese and Swans",Duck,Yellow-billed,,,,,
107,70,97,avibase-8F6876AC,108,Anseriformes,Anatidae,Anas,erythrorhyncha,"Ducks, Geese and Swans",Teal,Red-billed,,,,,
103,66,98,avibase-25DA0F41,106,Anseriformes,Anatidae,Anas,capensis,"Ducks, Geese and Swans",Teal,Cape,,,,,
109,72,99,avibase-FA831F65,107,Anseriformes,Anatidae,Anas,hottentota,,Teal,Blue-billed,,,,,
891,59,100,avibase-A534AFEA,99,Anseriformes,Dendrocygnidae,Dendrocygna,viduata,"Ducks, Geese and Swans",Duck,White-faced Whistling,,,,,
890,58,101,avibase-9A60617E,100,Anseriformes,Dendrocygnidae,Dendrocygna,bicolor,"Ducks, Geese and Swans",Duck,Fulvous Whistling,,,,,
1642,107,102,avibase-36C0242E,113,Anseriformes,Anatidae,Netta,erythrophthalma,"Ducks, Geese and Swans",Pochard,Southern,,,,,
1738,112,103,avibase-1C2F4E80,117,Anseriformes,Anatidae,Oxyura,maccoa,"Ducks, Geese and Swans",Duck,Maccoa,,,,,
2391,60,104,avibase-2EEDACD5,101,Anseriformes,Dendrocygnidae,Thalassornis,leuconotus,"Ducks, Geese and Swans",Duck,White-backed,,,,,
2173,914,105,avibase-DCBCCEB8,118,Falconiformes,Sagittariidae,Sagittarius,serpentarius,Secretarybird,,Secretarybird,,,,,
1167,881,106,avibase-F85BEEB4,122,Falconiformes,Accipitridae,Gyps,coprotheres,"Kites, Hawks and Eagles",Vulture,Cape,,,,,
1166,880,107,avibase-0419DDC2,123,Falconiformes,Accipitridae,Gyps,africanus,"Kites, Hawks and Eagles",Vulture,White-backed,,,,,
2412,911,108,avibase-672EA454,124,Falconiformes,Accipitridae,Torgos,tracheliotos,,Vulture,Lappet-faced,,,,,
2429,912,109,avibase-93D7EC56,125,Falconiformes,Accipitridae,Trigonoceps,occipitalis,"Kites, Hawks and Eagles",Vulture,White-headed,,,,,
1608,900,110,avibase-131038AD,121,Falconiformes,Accipitridae,Necrosyrtes,monachus,"Kites, Hawks and Eagles",Vulture,Hooded,,,,,
1625,901,111,avibase-6D3480A6,120,Falconiformes,Accipitridae,Neophron,percnopterus,"Kites, Hawks and Eagles",Vulture,Egyptian,,,,,
1165,879,112,avibase-14885C18,147,Falconiformes,Accipitridae,Gypohierax,angolensis,"Kites, Hawks and Eagles",Vulture,Palm-nut,,,,,
1067,934,113,avibase-47E58408,171,Falconiformes,Falconidae,Falco,peregrinus,"Caracaras, Falcons",Falcon,Peregrine,,,,,
1055,921,114,avibase-3D3808E3,172,Falconiformes,Falconidae,Falco,biarmicus,"Caracaras, Falcons",Falcon,Lanner,,,,,
1071,938,115,avibase-E91E287A,173,Falconiformes,Falconidae,Falco,subbuteo,"Caracaras, Falcons",Hobby,Eurasian,,,,,
1060,926,116,avibase-F56A73BF,174,Falconiformes,Falconidae,Falco,cuvierii,"Caracaras, Falcons",Hobby,African,,,,,
1057,923,117,avibase-6A64EFCB,178,Falconiformes,Falconidae,Falco,chicquera,"Caracaras, Falcons",Falcon,Red-necked,,,,,
1374,965,118,,0,Ciconiiformes,Phalacrocoracidae,Leucocarbo,campbelli,,Shag,Campbell,,,,,
1052,918,119,avibase-E6137E65,180,Falconiformes,Falconidae,Falco,amurensis,"Caracaras, Falcons",Falcon,Amur,,,,,
1073,940,120,avibase-997A9437,179,Falconiformes,Falconidae,Falco,vespertinus,"Caracaras, Falcons",Falcon,Red-footed,,,,,
1061,927,121,avibase-CA34C05A,185,Falconiformes,Falconidae,Falco,dickinsoni,"Caracaras, Falcons",Kestrel,Dickinson's,,,,,
1069,936,122,avibase-2E4DAA13,182,Falconiformes,Falconidae,Falco,rupicoloides,"Caracaras, Falcons",Kestrel,Greater,,,,,
1070,937,123,avibase-465E7C9F,181,Falconiformes,Falconidae,Falco,rupicolus,,Kestrel,Rock,,,,,
1068,935,124,avibase-D1069C26,0,Falconiformes,Falconidae,Falco,punctatus,"Caracaras, Falcons",Kestrel,Mauritius,,,,,
1064,931,125,avibase-BECA271F,183,Falconiformes,Falconidae,Falco,naumanni,"Caracaras, Falcons",Kestrel,Lesser,,,,,
1995,942,126,avibase-3B52D2B8,186,Falconiformes,Falconidae,Polihierax,semitorquatus,"Caracaras, Falcons",Falcon,Pygmy,,,,,
271,847,127,avibase-648936C0,128,Falconiformes,Accipitridae,Aviceda,cuculoides,"Kites, Hawks and Eagles",Cuckoo-Hawk,African,,,,,
1535,0,128,avibase-7D34E8B4,126,Falconiformes,Accipitridae,Milvus,migrans,,Kite,Black,,How do we handle this two!! Retire Duplicate #14189,,,
1534,896,129,avibase-EE9C6A5E,888,Falconiformes,Accipitridae,Milvus,aegyptius,,Kite,Yellow-billed,,,,,
939,876,130,avibase-97C47F3E,127,Falconiformes,Accipitridae,Elanus,caeruleus,"Kites, Hawks and Eagles",Kite,Black-winged,,,,,
1428,891,131,avibase-DAE4C523,129,Falconiformes,Accipitridae,Macheiramphus,alcinus,"Kites, Hawks and Eagles",Hawk,Bat,,,,,
1787,903,132,avibase-ED5A7E8F,130,Falconiformes,Accipitridae,Pernis,apivorus,"Kites, Hawks and Eagles",Buzzard,European Honey,,,,,
227,845,133,avibase-14F13C32,131,Falconiformes,Accipitridae,Aquila,verreauxii,"Kites, Hawks and Eagles",Eagle,Verreaux's,,,,,
225,843,134,avibase-F6D547B2,132,Falconiformes,Accipitridae,Aquila,rapax,"Kites, Hawks and Eagles",Eagle,Tawny,,,,,
224,840,135,avibase-A635F565,133,Falconiformes,Accipitridae,Aquila,nipalensis,"Kites, Hawks and Eagles",Eagle,Steppe,,,,,
710,842,136,avibase-C2565B65,134,Falconiformes,Accipitridae,Clanga,pomarina,,Eagle,Lesser Spotted,,,,,
1195,846,137,avibase-535F3C99,135,Falconiformes,Accipitridae,Hieraaetus,wahlbergi,,Eagle,Wahlberg's,,,,,
1398,890,138,avibase-14B9664A,139,Falconiformes,Accipitridae,Lophaetus,occipitalis,"Kites, Hawks and Eagles",Eagle,Long-crested,,,,,
1194,841,139,avibase-4B8CC285,136,Falconiformes,Accipitridae,Hieraaetus,pennatus,,Eagle,Booted,,,,,
1193,887,140,avibase-7DF00403,138,Falconiformes,Accipitridae,Hieraaetus,ayresii,,Hawk-Eagle,Ayres's,,,,,
226,844,141,avibase-9A418C45,137,Falconiformes,Accipitridae,Aquila,spilogaster,"Kites, Hawks and Eagles",Hawk-Eagle,African,,,,,
1994,905,142,avibase-FDA2E4A3,140,Falconiformes,Accipitridae,Polemaetus,bellicosus,"Kites, Hawks and Eagles",Eagle,Martial,,,,,
2255,909,143,avibase-1E3B3515,141,Falconiformes,Accipitridae,Stephanoaetus,coronatus,"Kites, Hawks and Eagles",Eagle,Crowned,,,,,
1280,889,144,avibase-3EEB66ED,154,Falconiformes,Accipitridae,Kaupifalco,monogrammicus,"Kites, Hawks and Eagles",Buzzard,Lizard,,,,,
643,865,145,avibase-6904D83F,142,Falconiformes,Accipitridae,Circaetus,cinereus,"Kites, Hawks and Eagles",Snake Eagle,Brown,,,,,
646,862,146,avibase-BF553D32,143,Falconiformes,Accipitridae,Circaetus,pectoralis,"Kites, Hawks and Eagles",Snake Eagle,Black-chested,,,,,
644,866,147,avibase-9F2839A9,144,Falconiformes,Accipitridae,Circaetus,fasciolatus,"Kites, Hawks and Eagles",Snake Eagle,Southern Banded,,,,,
642,864,148,avibase-4327F813,145,Falconiformes,Accipitridae,Circaetus,cinerascens,"Kites, Hawks and Eagles",Snake Eagle,Western Banded,,,,,
1181,885,149,avibase-A19B0CF4,148,Falconiformes,Accipitridae,Haliaeetus,vocifer,"Kites, Hawks and Eagles",Fish Eagle,African,,,,,
1164,878,150,avibase-81DB7410,119,Falconiformes,Accipitridae,Gypaetus,barbatus,"Kites, Hawks and Eagles",Vulture,Bearded,,,,,
2364,910,151,avibase-6CBD8724,146,Falconiformes,Accipitridae,Terathopius,ecaudatus,"Kites, Hawks and Eagles",,Bateleur,,,,,
371,851,152,avibase-22031845,152,Falconiformes,Accipitridae,Buteo,rufofuscus,"Kites, Hawks and Eagles",Buzzard,Jackal,,,,,
363,853,153,avibase-D41EDD2E,153,Falconiformes,Accipitridae,Buteo,augur,"Kites, Hawks and Eagles",Buzzard,Augur,,,,,
367,857,154,avibase-3C6D4915,149,Falconiformes,Accipitridae,Buteo,buteo,,Buzzard,Common,,,,,
372,852,155,avibase-C2AD2E83,150,Falconiformes,Accipitridae,Buteo,trizonatus,"Kites, Hawks and Eagles",Buzzard,Forest,,,,,
14,832,156,avibase-EC0E680F,155,Falconiformes,Accipitridae,Accipiter,rufiventris,"Kites, Hawks and Eagles",Sparrowhawk,Rufous-breasted,,,,,
13,831,157,avibase-BAE91683,156,Falconiformes,Accipitridae,Accipiter,ovampensis,"Kites, Hawks and Eagles",Sparrowhawk,Ovambo,,,,,
11,829,158,avibase-CE1CF6FD,157,Falconiformes,Accipitridae,Accipiter,minullus,"Kites, Hawks and Eagles",Sparrowhawk,Little,,,,,
10,828,159,avibase-819AB823,158,Falconiformes,Accipitridae,Accipiter,melanoleucus,"Kites, Hawks and Eagles",Sparrowhawk,Black,,,,,
15,833,160,avibase-CD18635A,160,Falconiformes,Accipitridae,Accipiter,tachiro,"Kites, Hawks and Eagles",Goshawk,African,,,,,
2,819,161,avibase-1A0ECB6E,159,Falconiformes,Accipitridae,Accipiter,badius,"Kites, Hawks and Eagles",,Shikra,,,,,
1532,895,162,avibase-922DE9C1,161,Falconiformes,Accipitridae,Micronisus,gabar,,Goshawk,Gabar,,,,,
1500,894,163,avibase-D2AFD39B,163,Falconiformes,Accipitridae,Melierax,metabates,"Kites, Hawks and Eagles",Goshawk,Dark Chanting,,,,,
1012,1035,164,avibase-01A11B3A,0,Ciconiiformes,Spheniscidae,Eudyptes,schlegeli,,Penguin,Royal,,,,,
1499,893,165,avibase-389FFA09,162,Falconiformes,Accipitridae,Melierax,canorus,"Kites, Hawks and Eagles",Goshawk,Pale Chanting,,,,,
648,868,166,avibase-E2A19474,164,Falconiformes,Accipitridae,Circus,aeruginosus,"Kites, Hawks and Eagles",Harrier,Western Marsh,,,,,
654,874,167,avibase-2A2C169B,165,Falconiformes,Accipitridae,Circus,ranivorus,"Kites, Hawks and Eagles",Harrier,African Marsh,,,,,
650,870,168,avibase-22647E26,167,Falconiformes,Accipitridae,Circus,macrourus,"Kites, Hawks and Eagles",Harrier,Pallid,,,,,
652,872,169,avibase-A41CD4E7,168,Falconiformes,Accipitridae,Circus,maurus,"Kites, Hawks and Eagles",Harrier,Black,,,,,
653,873,170,avibase-63B6412E,166,Falconiformes,Accipitridae,Circus,pygargus,"Kites, Hawks and Eagles",Harrier,Montagu's,,,,,
1998,907,171,avibase-C505EA72,169,Falconiformes,Accipitridae,Polyboroides,typus,"Kites, Hawks and Eagles",Harrier-Hawk,African,,,,,
1748,902,172,avibase-1327AC55,170,Falconiformes,Accipitridae,Pandion,haliaetus,Ospreys,Osprey,Western,,,,,
453,15,173,avibase-ECD7C1D8,188,Galliformes,Phasianidae,Campocolinus,coqui,Pheasants and allies,Francolin,Coqui,,,,,
1718,11,174,avibase-8004C7E5,189,Galliformes,Phasianidae,Ortygornis,sephaena,Pheasants and allies,Francolin,Crested,,,,,
2580,10,175,avibase-66EC1A85,0,Galliformes,Phasianidae,Dendroperdix,rovuma,,Francolin,Kirk's,,,,,
2196,43,176,avibase-21616639,190,Galliformes,Phasianidae,Scleroptila,afra,,Francolin,Grey-winged,,,,,
2201,48,177,avibase-A15F6836,191,Galliformes,Phasianidae,Scleroptila,shelleyi,Pheasants and allies,Francolin,Shelley's,,,,,
2199,45,178,avibase-B49935ED,192,Galliformes,Phasianidae,Scleroptila,levaillantii,Pheasants and allies,Francolin,Red-winged,,,,,
2198,46,179,avibase-8E833C63,193,Galliformes,Phasianidae,Scleroptila,gutturalis,,Francolin,Orange River,,,,,
238,1109,180,avibase-E94A7272,41,Ciconiiformes,Procellariidae,Ardenna,pacifica,,Shearwater,Wedge-tailed,,,,,
2057,23,181,avibase-6405CD29,195,Galliformes,Phasianidae,Pternistis,capensis,Pheasants and allies,Spurfowl,Cape,,,,,
2052,18,182,avibase-9E356E43,194,Galliformes,Phasianidae,Pternistis,adspersus,Pheasants and allies,Spurfowl,Red-billed,,,,,
2068,35,183,avibase-A7002FF6,196,Galliformes,Phasianidae,Pternistis,natalensis,Pheasants and allies,Spurfowl,Natal,,,,,
2062,28,184,avibase-56FA0FE6,197,Galliformes,Phasianidae,Pternistis,hartlaubi,Pheasants and allies,Spurfowl,Hartlaub's,,,,,
2073,40,185,avibase-721FFBD4,199,Galliformes,Phasianidae,Pternistis,swainsonii,Pheasants and allies,Spurfowl,Swainson's,,,,,
2093,1096,187,avibase-B829AC03,0,Ciconiiformes,Procellariidae,Pterodroma,inexpectata,"Petrels, Shearwaters",Petrel,Mottled,,,,,
2053,19,188,avibase-5FA94F66,198,Galliformes,Phasianidae,Pternistis,afer,Pheasants and allies,Spurfowl,Red-necked,,,,,
789,8,189,avibase-CAFE345D,200,Galliformes,Phasianidae,Coturnix,coturnix,Pheasants and allies,Quail,Common,,,,,
790,9,190,avibase-0CA903BB,201,Galliformes,Phasianidae,Coturnix,delegorguei,Pheasants and allies,Quail,Harlequin,,,,,
1050,7,191,avibase-CAA45AC6,202,Galliformes,Phasianidae,Excalfactoria,adansonii,,Quail,Blue,,,,,
1662,56,192,avibase-1044B438,203,Galliformes,Numididae,Numida,meleagris,Guineafowl,Guineafowl,Helmeted,,,,,
1155,55,193,avibase-35D60F12,204,Galliformes,Numididae,Guttera,pucherani,Guineafowl,Guineafowl,Crested,,,,,
2481,123,196,avibase-0DA8BB90,205,Turniciformes,Turnicidae,Turnix,sylvaticus,Buttonquail,Buttonquail,Common,,,,,
2145,619,197,avibase-5B443EDE,210,Gruiformes,Rallidae,Rallus,caerulescens,"Rails, Crakes and Coots",Rail,African,,,,,
801,604,198,avibase-7E257242,211,Gruiformes,Rallidae,Crex,crex,"Rails, Crakes and Coots",Crake,Corn,,,,,
802,603,199,avibase-09A0F2EB,212,Gruiformes,Rallidae,Crex,egregia,,Crake,African,,,,,
41,597,200,avibase-13967506,216,Gruiformes,Rallidae,Aenigmatolimnas,marginalis,,Crake,Striped,,,,,
2003,616,201,avibase-460708F9,214,Gruiformes,Rallidae,Porzana,porzana,"Rails, Crakes and Coots",Crake,Spotted,,,,,
2551,617,202,avibase-8DB143EB,215,Gruiformes,Rallidae,Zaporina,pusilla,,Crake,Baillon's,,,,,
2550,598,203,avibase-148F0B01,213,Gruiformes,Rallidae,Zaporina,flavirostra,,Crake,Black,,,,,
2177,623,204,avibase-534D524C,222,Gruiformes,Rallidae,Sarothrura,ayresi,"Rails, Crakes and Coots",Flufftail,White-winged,,,,,
2183,629,205,avibase-10B56544,217,Gruiformes,Rallidae,Sarothrura,rufa,"Rails, Crakes and Coots",Flufftail,Red-chested,,,,,
2179,625,206,avibase-E75BA92C,218,Gruiformes,Rallidae,Sarothrura,elegans,"Rails, Crakes and Coots",Flufftail,Buff-spotted,,,,,
2176,622,207,avibase-D4A066EA,221,Gruiformes,Rallidae,Sarothrura,affinis,"Rails, Crakes and Coots",Flufftail,Striped,,,,,
2000,613,208,avibase-865C039E,223,Gruiformes,Rallidae,Porphyrio,madagascariensis,,Swamphen,African,,,,,
1999,614,209,avibase-53288666,224,Gruiformes,Rallidae,Porphyrio,alleni,"Rails, Crakes and Coots",Gallinule,Allen's,,,,,
1113,609,210,avibase-8F82FF8C,226,Gruiformes,Rallidae,Gallinula,chloropus,"Rails, Crakes and Coots",Moorhen,Common,,,,,
1749,608,211,avibase-A927C1AE,227,Gruiformes,Rallidae,Paragallinula,angulata,"Rails, Crakes and Coots",Moorhen,Lesser,,,,,
1100,607,212,avibase-53235FDC,228,Gruiformes,Rallidae,Fulica,cristata,"Rails, Crakes and Coots",Coot,Red-knobbed,,,,,
1964,596,213,avibase-46DECAEE,229,Gruiformes,Heliornithidae,Podica,senegalensis,Finfoots,Finfoot,African,,,,,
283,592,214,avibase-D10CAC5D,209,Gruiformes,Gruidae,Balearica,regulorum,Cranes,Crane,Grey Crowned,,,,,
1150,593,215,avibase-38963CAC,207,Gruiformes,Gruidae,Grus,carunculata,Cranes,Crane,Wattled,,,,,
1152,590,216,avibase-361AC269,208,Gruiformes,Gruidae,Grus,paradisea,Cranes,Crane,Blue,,,,,
244,570,217,avibase-4FC41CA0,230,Gruiformes,Otididae,Ardeotis,kori,Bustards,Bustard,Kori,,,,,
1628,586,218,avibase-FB9132DC,232,Gruiformes,Otididae,Neotis,ludwigii,Bustards,Bustard,Ludwig's,,,,,
1626,584,219,avibase-4FDBC0CB,231,Gruiformes,Otididae,Neotis,denhami,Bustards,Bustard,Denham's,,,,,
1036,583,220,avibase-199B6280,235,Gruiformes,Otididae,Eupodotis,vigorsii,,Korhaan,Karoo,,,,,
1034,580,221,avibase-303DD648,236,Gruiformes,Otididae,Eupodotis,rueppelii,,Korhaan,Rüppell's,,,,,
1035,582,222,avibase-3B287014,233,Gruiformes,Otididae,Eupodotis,senegalensis,Bustards,Bustard,White-bellied,,,,,
1032,576,223,avibase-501B3D62,234,Gruiformes,Otididae,Eupodotis,caerulescens,Bustards,Korhaan,Blue,,,,,
1408,581,224,avibase-02BE4F8A,237,Gruiformes,Otididae,Lophotis,ruficrista,Bustards,Korhaan,Red-crested,,,,,
1388,579,227,avibase-562F4456,238,Gruiformes,Otididae,Lissotis,melanogaster,Bustards,Bustard,Black-bellied,,,,,
38,696,228,avibase-D16D486D,240,Charadriiformes,Jacanidae,Actophilornis,africanus,Jacanas,Jacana,African,,,,,
1533,698,229,avibase-29B03FAE,241,Charadriiformes,Jacanidae,Microparra,capensis,Jacanas,Jacana,Lesser,,,,,
2168,695,230,avibase-7516E687,242,Charadriiformes,Rostratulidae,Rostratula,benghalensis,Painted-snipes,Painted-snipe,Greater,,,,,
1170,720,231,avibase-C078081E,244,Charadriiformes,Haematopodidae,Haematopus,moquini,Oystercatchers,Oystercatcher,African,,,,,
245,650,232,avibase-DC3050A9,262,Charadriiformes,Scolopacidae,Arenaria,interpres,"Sandpipers, Snipes",Turnstone,Ruddy,,,,,
543,709,233,avibase-EDA37B7C,245,Charadriiformes,Charadriidae,Charadrius,hiaticula,Plovers,Plover,Common Ringed,,,,,
546,712,234,avibase-66DA1FB3,250,Charadriiformes,Charadriidae,Charadrius,mongolus,Plovers,Plover,Siberian Sand,,,,,
545,711,235,avibase-214B3533,246,Charadriiformes,Charadriidae,Anarhynchus,marginatus,Plovers,Plover,White-fronted,,"Anarhynchus marginatus, new Genus",,,
548,713,236,avibase-61F0E581,247,Charadriiformes,Charadriidae,Anarhynchus,pallidus,Plovers,Plover,Chestnut-banded,,"Anarhynchus pallidus, new Genus",,,
549,714,237,avibase-0F0DCC2F,248,Charadriiformes,Charadriidae,Anarhynchus,pecuarius,Plovers,Plover,Kittlitz's,,"Anarhynchus pecuarius, new Genus",,,
552,717,238,avibase-8DAF86A1,249,Charadriiformes,Charadriidae,Anarhynchus,tricollaris,Plovers,Plover,Three-banded,,"Thinornis tricollaris, new Genus",,,
544,710,239,avibase-98B9C10B,251,Charadriiformes,Charadriidae,Anarhynchus,leschenaultii,Plovers,Plover,Greater Sand,,"Anarhynchus leschenaultii, new Genus",,,
540,706,240,avibase-264D0351,252,Charadriiformes,Charadriidae,Anarhynchus,asiaticus,Plovers,Plover,Caspian,,"Anarhynchus asiaticus, new Genus",,,
1962,726,241,avibase-27903EF7,254,Charadriiformes,Charadriidae,Pluvialis,squatarola,Plovers,Plover,Grey,,,,,
2510,730,242,avibase-D0FA8EBE,255,Charadriiformes,Charadriidae,Vanellus,coronatus,Plovers,Lapwing,Crowned,,,,,
2516,736,243,avibase-83D95620,257,Charadriiformes,Charadriidae,Vanellus,melanopterus,Plovers,Lapwing,Black-winged,,,,,
2514,734,244,avibase-42D3918F,256,Charadriiformes,Charadriidae,Vanellus,lugubris,Plovers,Lapwing,Senegal,,,,,
2509,729,245,avibase-2F23EDC6,258,Charadriiformes,Charadriidae,Vanellus,armatus,Plovers,Lapwing,Blacksmith,,,,,
2508,728,246,avibase-C4EC6263,259,Charadriiformes,Charadriidae,Vanellus,albiceps,Plovers,Lapwing,White-crowned,,,,,
2517,737,247,avibase-074251A3,260,Charadriiformes,Charadriidae,Vanellus,senegallus,Plovers,Lapwing,African Wattled,,,,,
2511,731,248,avibase-F7D5320E,261,Charadriiformes,Charadriidae,Vanellus,crassirostris,Plovers,Lapwing,Long-toed,,,,,
1110,667,249,avibase-BCCD5840,285,Charadriiformes,Scolopacidae,Gallinago,media,"Sandpipers, Snipes",Snipe,Great,,,,,
1111,668,250,avibase-831FC147,286,Charadriiformes,Scolopacidae,Gallinago,nigripennis,"Sandpipers, Snipes",Snipe,African,,,,,
408,655,251,avibase-143A681C,272,Charadriiformes,Scolopacidae,Calidris,ferruginea,"Sandpipers, Snipes",Sandpiper,Curlew,,,,,
405,653,252,avibase-1F1AD154,278,Charadriiformes,Scolopacidae,Calidris,bairdii,"Sandpipers, Snipes",Sandpiper,Baird's,,,,,
412,659,253,avibase-9936FF4A,274,Charadriiformes,Scolopacidae,Calidris,minuta,"Sandpipers, Snipes",Stint,Little,,,,,
406,654,254,avibase-B5CE8FAD,271,Charadriiformes,Scolopacidae,Calidris,canutus,"Sandpipers, Snipes",Knot,Red,,,,,
403,651,255,avibase-06B9BD24,281,Charadriiformes,Scolopacidae,Calidris,alba,"Sandpipers, Snipes",,Sanderling,,,,,
413,681,256,avibase-2DABF98F,284,Charadriiformes,Scolopacidae,Calidris,pugnax,,,Ruff,,,,,
2549,694,257,avibase-6D5992EE,263,Charadriiformes,Scolopacidae,Xenus,cinereus,"Sandpipers, Snipes",Sandpiper,Terek,,,,,
36,648,258,avibase-8548B07E,264,Charadriiformes,Scolopacidae,Actitis,hypoleucos,"Sandpipers, Snipes",Sandpiper,Common,,,,,
2435,689,259,avibase-A7B17EFC,265,Charadriiformes,Scolopacidae,Tringa,ochropus,"Sandpipers, Snipes",Sandpiper,Green,,,,,
2430,684,260,avibase-0895DD84,267,Charadriiformes,Scolopacidae,Tringa,erythropus,"Sandpipers, Snipes",Redshank,Spotted,,,,,
2438,692,261,avibase-D6BFC73A,268,Charadriiformes,Scolopacidae,Tringa,totanus,"Sandpipers, Snipes",Redshank,Common,,,,,
2437,691,262,avibase-15CF9352,269,Charadriiformes,Scolopacidae,Tringa,stagnatilis,"Sandpipers, Snipes",Sandpiper,Marsh,,,,,
2434,688,263,avibase-18B415D2,270,Charadriiformes,Scolopacidae,Tringa,nebularia,"Sandpipers, Snipes",Greenshank,Common,,,,,
2432,686,264,avibase-8E67DC5F,266,Charadriiformes,Scolopacidae,Tringa,glareola,"Sandpipers, Snipes",Sandpiper,Wood,,,,,
1382,674,265,avibase-454B5CD5,287,Charadriiformes,Scolopacidae,Limosa,limosa,"Sandpipers, Snipes",Godwit,Black-tailed,,,,,
1381,673,266,avibase-9A684C99,288,Charadriiformes,Scolopacidae,Limosa,lapponica,"Sandpipers, Snipes",Godwit,Bar-tailed,,,,,
1658,676,267,avibase-3BB5CBA6,289,Charadriiformes,Scolopacidae,Numenius,arquata,"Sandpipers, Snipes",Curlew,Eurasian,,,,,
1660,677,268,avibase-082F3A63,290,Charadriiformes,Scolopacidae,Numenius,phaeopus,"Sandpipers, Snipes",Whimbrel,Eurasian,,,,,
2149,727,269,avibase-C73ED2F5,294,Charadriiformes,Recurvirostridae,Recurvirostra,avosetta,"Stilts, Avocets",Avocet,Pied,,,,,
1196,722,270,avibase-3CAEB7CE,295,Charadriiformes,Recurvirostridae,Himantopus,himantopus,"Stilts, Avocets",Stilt,Black-winged,,,,,
1804,679,271,avibase-18A19380,291,Charadriiformes,Scolopacidae,Phalaropus,fulicarius,,Phalarope,Red,,,,,
1805,680,272,avibase-E6F3BA54,292,Charadriiformes,Scolopacidae,Phalaropus,lobatus,"Sandpipers, Snipes",Phalarope,Red-necked,,,,,
922,746,273,avibase-C3E33FEB,296,Charadriiformes,Dromadidae,Dromas,ardeola,Crab-plover,,Crab-plover,,,,,
361,704,274,avibase-96CCAFEE,298,Charadriiformes,Burhinidae,Burhinus,vermiculatus,"Stone-curlews, Thick-knees",Thick-knee,Water,,,,,
358,701,275,avibase-862F6F04,297,Charadriiformes,Burhinidae,Burhinus,capensis,"Stone-curlews, Thick-knees",Thick-knee,Spotted,,,,,
866,743,276,avibase-5FBB9662,299,Charadriiformes,Glareolidae,Cursorius,rufus,"Coursers, Pratincoles",Courser,Burchell's,,,,,
868,745,277,avibase-7A841F83,300,Charadriiformes,Glareolidae,Cursorius,temminckii,"Coursers, Pratincoles",Courser,Temminck's,,,,,
2157,754,278,avibase-C130193B,301,Charadriiformes,Glareolidae,Rhinoptilus,africanus,"Coursers, Pratincoles",Courser,Double-banded,,,,,
2159,756,279,avibase-29D50ED5,302,Charadriiformes,Glareolidae,Rhinoptilus,cinctus,"Coursers, Pratincoles",Courser,Three-banded,,,,,
2158,755,280,avibase-F5145338,303,Charadriiformes,Glareolidae,Rhinoptilus,chalcopterus,"Coursers, Pratincoles",Courser,Bronze-winged,,,,,
1139,752,281,avibase-D56ABB4E,304,Charadriiformes,Glareolidae,Glareola,pratincola,"Coursers, Pratincoles",Pratincole,Collared,,,,,
1136,749,282,avibase-E1F6A875,305,Charadriiformes,Glareolidae,Glareola,nordmanni,"Coursers, Pratincoles",Pratincole,Black-winged,,,,,
1137,750,283,avibase-95820ED1,306,Charadriiformes,Glareolidae,Glareola,nuchalis,"Coursers, Pratincoles",Pratincole,Rock,,,,,
2259,797,284,avibase-39086887,307,Charadriiformes,Laridae,Stercorarius,parasiticus,Skuas,Jaeger,Parasitic,,,,,
2260,798,285,avibase-7CB8F5B7,309,Charadriiformes,Laridae,Stercorarius,pomarinus,Skuas,Jaeger,Pomarine,,,,,
2256,762,286,avibase-4D5D2BC3,310,Charadriiformes,Laridae,Stercorarius,antarcticus,Skuas,Skua,Subantarctic,,,,,
1364,779,287,avibase-E6536E4E,312,Charadriiformes,Laridae,Larus,dominicanus,"Gulls, Terns and Skimmers",Gull,Kelp,,,,,
578,777,288,avibase-6EB497FA,315,Charadriiformes,Laridae,Chroicocephalus,cirrocephalus,"Gulls, Terns and Skimmers",Gull,Grey-headed,,,,,
580,783,289,avibase-5941F453,316,Charadriiformes,Laridae,Chroicocephalus,hartlaubii,"Gulls, Terns and Skimmers",Gull,Hartlaub's,,,,,
1221,804,290,avibase-BC06BC0D,322,Charadriiformes,Laridae,Hydroprogne,caspia,,Tern,Caspian,,,,,
2264,807,291,avibase-4D2FF6F1,327,Charadriiformes,Laridae,Sterna,hirundo,"Gulls, Terns and Skimmers",Tern,Common,,,,,
2269,817,292,avibase-E9C409B5,329,Charadriiformes,Laridae,Sterna,vittata,"Gulls, Terns and Skimmers",Tern,Antarctic,,,,,
2263,805,293,avibase-74236837,330,Charadriiformes,Laridae,Sterna,dougallii,"Gulls, Terns and Skimmers",Tern,Roseate,,,,,
2265,811,294,avibase-BDC5CF80,328,Charadriiformes,Laridae,Sterna,paradisaea,"Gulls, Terns and Skimmers",Tern,Arctic,,,,,
1704,806,295,avibase-3E7F825D,332,Charadriiformes,Laridae,Onychoprion,fuscatus,,Tern,Sooty,,,,,
2389,813,296,avibase-04B49AE7,326,Charadriiformes,Laridae,Thalasseus,sandvicensis,,Tern,Sandwich,,,,,
2385,802,297,avibase-D01CDECD,325,Charadriiformes,Laridae,Thalasseus,bengalensis,,Tern,Lesser Crested,,,,,
2386,803,298,avibase-526978C4,324,Charadriiformes,Laridae,Thalasseus,bergii,,Tern,Greater Crested,,,,,
2271,799,299,avibase-17310BF0,335,Charadriiformes,Laridae,Sternula,albifrons,,Tern,Little,,,,,
2272,801,300,avibase-9F9A13D8,334,Charadriiformes,Laridae,Sternula,balaenarum,,Tern,Damara,,,,,
125,759,301,avibase-C67DCF31,0,Charadriiformes,Laridae,Anous,minutus,"Gulls, Terns and Skimmers",Noddy,Black,,,,,
1156,769,302,avibase-05C7074B,0,Charadriiformes,Laridae,Gygis,alba,"Gulls, Terns and Skimmers",Tern,White,,,,,
126,760,303,avibase-A070171E,340,Charadriiformes,Laridae,Anous,stolidus,"Gulls, Terns and Skimmers",Noddy,Brown,,,,,
562,766,304,avibase-43CAAEE3,339,Charadriiformes,Laridae,Chlidonias,leucopterus,"Gulls, Terns and Skimmers",Tern,White-winged,,,,,
561,765,305,avibase-7AB4E42B,338,Charadriiformes,Laridae,Chlidonias,hybrida,"Gulls, Terns and Skimmers",Tern,Whiskered,,,,,
2171,795,306,avibase-907B1140,343,Charadriiformes,Laridae,Rynchops,flavirostris,"Gulls, Terns and Skimmers",Skimmer,African,,,,,
2083,642,307,avibase-AAEF597A,344,Charadriiformes,Pteroclidae,Pterocles,namaqua,Sandgrouse,Sandgrouse,Namaqua,,,,,
2077,636,308,avibase-176A4101,345,Charadriiformes,Pteroclidae,Pterocles,burchelli,Sandgrouse,Sandgrouse,Burchell's,,,,,
2081,640,309,avibase-8B6EA5FA,346,Charadriiformes,Pteroclidae,Pterocles,gutturalis,Sandgrouse,Sandgrouse,Yellow-throated,,,,,
2076,635,310,avibase-54059277,347,Charadriiformes,Pteroclidae,Pterocles,bicinctus,Sandgrouse,Sandgrouse,Double-banded,,,,,
726,530,311,avibase-A6EA9F02,349,Columbiformes,Columbidae,Columba,guinea,"Pigeons, Doves",Pigeon,Speckled,,,,,
724,528,312,avibase-EEDB8253,350,Columbiformes,Columbidae,Columba,arquatrix,"Pigeons, Doves",Pigeon,African Olive,,,,,
725,529,313,avibase-870E4DDA,351,Columbiformes,Columbidae,Columba,delegorguei,"Pigeons, Doves",Pigeon,Eastern Bronze-naped,,,,,
2284,553,314,avibase-9888B3AE,352,Columbiformes,Columbidae,Streptopelia,semitorquata,"Pigeons, Doves",Dove,Red-eyed,,,,,
2279,547,315,avibase-70BD722B,353,Columbiformes,Columbidae,Streptopelia,decipiens,"Pigeons, Doves",Dove,Mourning Collared,,,,,
2277,545,316,avibase-AB937AEB,354,Columbiformes,Columbidae,Streptopelia,capicola,"Pigeons, Doves",Dove,Ring-necked,,,,,
2237,554,317,avibase-B2D6AB06,355,Columbiformes,Columbidae,Spilopelia,senegalensis,,Dove,Laughing,,,,,
1669,544,318,avibase-DDC2CC92,356,Columbiformes,Columbidae,Oena,capensis,"Pigeons, Doves",Dove,Namaqua,,,,,
2486,566,319,avibase-7308278F,359,Columbiformes,Columbidae,Turtur,tympanistria,"Pigeons, Doves",Dove,Tambourine,,,,,
2483,563,320,avibase-23D5FC36,357,Columbiformes,Columbidae,Turtur,afer,"Pigeons, Doves",Wood-Dove,Blue-spotted,,,,,
2485,565,321,avibase-BDF442F2,358,Columbiformes,Columbidae,Turtur,chalcospilos,"Pigeons, Doves",Wood-Dove,Emerald-spotted,,,,,
728,525,322,avibase-EE40DDB6,360,Columbiformes,Columbidae,Columba,larvata,"Pigeons, Doves",Dove,Lemon,,,,,
2419,558,323,avibase-00146574,361,Columbiformes,Columbidae,Treron,calvus,"Pigeons, Doves",Pigeon,African Green,,,,,
1638,534,324,avibase-469B7EC8,0,Columbiformes,Columbidae,Nesoenas,mayeri,,Pigeon,Pink,,,,,
1989,385,327,avibase-0ECD9D58,364,Psittaciformes,Psittacidae,Poicephalus,meyeri,African & New World Parrots,Parrot,Meyer's,,,,,
1985,381,328,avibase-4A039821,363,Psittaciformes,Psittacidae,Poicephalus,cryptoxanthus,African & New World Parrots,Parrot,Brown-headed,,,,,
1991,387,329,avibase-E37F25F7,365,Psittaciformes,Psittacidae,Poicephalus,rueppellii,African & New World Parrots,Parrot,Rüppell's,,,,,
55,373,330,avibase-31C03CB8,367,Psittaciformes,Psittacidae,Agapornis,roseicollis,African & New World Parrots,Lovebird,Rosy-faced,,,,,
52,367,331,avibase-DAB4D2A2,369,Psittaciformes,Psittacidae,Agapornis,nigrigenis,African & New World Parrots,Lovebird,Black-cheeked,,,,,
51,370,332,avibase-3EBFC893,368,Psittaciformes,Psittacidae,Agapornis,lilianae,African & New World Parrots,Lovebird,Lilian's,,,,,
1115,430,337,avibase-76E45A19,371,Musophagiformes,Musophagidae,Gallirex,porphyreolophus,Turacos,Turaco,Purple-crested,,,,,
2352,435,338,avibase-22952180,950,Musophagiformes,Musophagidae,Tauraco,schalowi,Turacos,Turaco,Schalow's,,,,,
803,425,339,avibase-DEBCA587,373,Musophagiformes,Musophagidae,Crinifer,concolor,Turacos,Go-away-bird,Grey,,,,,
856,349,340,avibase-B3D2C3C5,374,Cuculiformes,Cuculidae,Cuculus,canorus,Cuckoos,Cuckoo,Common,,,,,
858,351,341,avibase-66931B3F,375,Cuculiformes,Cuculidae,Cuculus,gularis,Cuckoos,Cuckoo,African,,,,,
861,354,343,avibase-26A34DA5,377,Cuculiformes,Cuculidae,Cuculus,solitarius,Cuckoos,Cuckoo,Red-chested,,,,,
857,350,344,avibase-EDB84334,378,Cuculiformes,Cuculidae,Cuculus,clamosus,Cuckoos,Cuckoo,Black,,,,,
1739,355,345,avibase-2AD52363,383,Cuculiformes,Cuculidae,Pachycoccyx,audeberti,Cuckoos,Cuckoo,Thick-billed,,,,,
706,338,346,avibase-3D67C56A,380,Cuculiformes,Cuculidae,Clamator,glandarius,Cuckoos,Cuckoo,Great Spotted,,,,,
708,337,347,avibase-3C8C3A31,381,Cuculiformes,Cuculidae,Clamator,levaillantii,Cuckoos,Cuckoo,Levaillant's,,,,,
707,336,348,avibase-BF0A0954,382,Cuculiformes,Cuculidae,Clamator,jacobinus,Cuckoos,Cuckoo,Jacobin,,,,,
583,333,350,avibase-1B309CB5,384,Cuculiformes,Cuculidae,Chrysococcyx,cupreus,Cuckoos,Cuckoo,African Emerald,,,,,
585,335,351,avibase-1FACD210,385,Cuculiformes,Cuculidae,Chrysococcyx,klaas,Cuckoos,Cuckoo,Klaas's,,,,,
582,332,352,avibase-0482FA7E,386,Cuculiformes,Cuculidae,Chrysococcyx,caprius,Cuckoos,Cuckoo,Diederik,,,,,
495,360,353,avibase-DB09507D,388,Cuculiformes,Centropodidae,Centropus,grillii,Cuckoos,Coucal,Black,,,,,
494,359,354,avibase-DD7B1DD7,389,Cuculiformes,Centropodidae,Centropus,cupreicaudus,Cuckoos,Coucal,Coppery-tailed,,,,,
498,363,355,avibase-4A83155B,390,Cuculiformes,Centropodidae,Centropus,senegalensis,Cuckoos,Coucal,Senegal,,,,,
472,513,357,avibase-FB96690D,0,Strigiformes,Caprimulgidae,Caprimulgus,poliocephalus,Nightjars,Nightjar,Montane,,,,,
526,330,358,avibase-3A46A20C,387,Cuculiformes,Cuculidae,Ceuthmochares,australis,Cuckoos,Malkoha,Green,,,,,
2488,447,359,avibase-CFD6F275,392,Strigiformes,Tytonidae,Tyto,alba,Barn Owls,Owl,Western Barn ,,,,,
2489,448,360,avibase-B21A37E7,393,Strigiformes,Tytonidae,Tyto,capensis,Barn Owls,Owl,African Grass ,,,,,
262,452,361,avibase-83E21A84,395,Strigiformes,Strigidae,Asio,capensis,Owls,Owl,Marsh,,,,,
2289,493,362,avibase-2E6575A8,394,Strigiformes,Strigidae,Strix,woodfordii,Owls,Owl,African Wood ,,,,,
1734,474,363,avibase-AE130644,396,Strigiformes,Strigidae,Otus,senegalensis,Owls,Scops Owl,African,,,,,
2103,486,364,avibase-023D6E38,397,Strigiformes,Strigidae,Ptilopsis,granti,,Owl,Southern White-faced,,,,,
1144,469,365,avibase-70CB00EC,398,Strigiformes,Strigidae,Glaucidium,perlatum,Owls,Owlet,Pearl-spotted,,,,,
1143,467,366,avibase-77FEB897,399,Strigiformes,Strigidae,Glaucidium,capense,Owls,Owlet,African Barred,,,,,
341,461,367,avibase-3CD0F535,400,Strigiformes,Strigidae,Bubo,capensis,Owls,Eagle-Owl,Cape,,,,,
338,459,368,avibase-DC8CC91D,401,Strigiformes,Strigidae,Bubo,africanus,Owls,Eagle-Owl,Spotted,,,,,
343,463,369,avibase-EBD3129B,402,Strigiformes,Strigidae,Bubo,lacteus,Owls,Eagle-Owl,Verreaux's,,,,,
2207,489,370,avibase-034B2A6A,403,Strigiformes,Strigidae,Scotopelia,peli,Owls,Owl,Pel's Fishing ,,,,,
461,504,371,avibase-80D4B0FE,404,Strigiformes,Caprimulgidae,Caprimulgus,europaeus,Nightjars,Nightjar,European,,,,,
475,516,372,avibase-05E2FB2A,406,Strigiformes,Caprimulgidae,Caprimulgus,rufigena,Nightjars,Nightjar,Rufous-cheeked,,,,,
471,512,373,avibase-7E3578A2,405,Strigiformes,Caprimulgidae,Caprimulgus,pectoralis,Nightjars,Nightjar,Fiery-necked,,,,,
479,518,374,avibase-E3C780D6,408,Strigiformes,Caprimulgidae,Caprimulgus,tristigma,Nightjars,Nightjar,Freckled,,,,,
468,510,375,avibase-52E6406E,407,Strigiformes,Caprimulgidae,Caprimulgus,natalensis,Nightjars,Nightjar,Swamp,,,,,
463,506,376,avibase-4FD242D0,409,Strigiformes,Caprimulgidae,Caprimulgus,fossii,Nightjars,Nightjar,Square-tailed,,,,,
480,520,377,avibase-A526534E,410,Strigiformes,Caprimulgidae,Caprimulgus,vexillarius,,Nightjar,Pennant-winged,,,,,
207,398,378,avibase-4E6EF3F9,411,Apodiformes,Apodidae,Apus,apus,Swifts,Swift,Common,,,,,
216,407,379,avibase-332BC664,414,Apodiformes,Apodidae,Apus,pallidus,Swifts,Swift,Pallid,,,,,
209,400,380,avibase-5086F50B,412,Apodiformes,Apodidae,Apus,barbatus,Swifts,Swift,African Black,,,,,
212,403,381,avibase-11507BB3,413,Apodiformes,Apodidae,Apus,bradfieldi,Swifts,Swift,Bradfield's,,,,,
2335,417,382,avibase-91429F78,419,Apodiformes,Apodidae,Tachymarptis,aequatorialis,Swifts,Swift,Mottled,,,,,
213,404,383,avibase-FA9F6019,415,Apodiformes,Apodidae,Apus,caffer,Swifts,Swift,White-rumped,,,,,
214,405,384,avibase-FF79A533,416,Apodiformes,Apodidae,Apus,horus,Swifts,Swift,Horus,,,,,
205,396,385,avibase-D209A90C,417,Apodiformes,Apodidae,Apus,affinis,Swifts,Swift,Little,,,,,
2336,418,386,avibase-FA1CAD29,418,Apodiformes,Apodidae,Tachymarptis,melba,Swifts,Swift,Alpine,,,,,
883,411,387,avibase-DA106373,421,Apodiformes,Apodidae,Cypsiurus,parvus,Swifts,Swift,African Palm,,,,,
2359,420,388,avibase-8ACC245F,422,Apodiformes,Apodidae,Telacanthura,ussheri,Swifts,Spinetail,Mottled,,,,,
1606,412,389,avibase-0D52DFC7,423,Apodiformes,Apodidae,Neafrapus,boehmi,Swifts,Spinetail,Böhm's,,,,,
720,324,390,avibase-1FDDABDB,424,Coliiformes,Coliidae,Colius,striatus,Mousebirds,Mousebird,Speckled,,,,,
718,322,391,avibase-CFDC57C6,425,Coliiformes,Coliidae,Colius,colius,Mousebirds,Mousebird,White-backed,,,,,
2501,325,392,avibase-AB1A85BF,426,Coliiformes,Coliidae,Urocolius,indicus,Mousebirds,Mousebird,Red-faced,,,,,
200,264,393,avibase-7FED5700,427,Trogoniformes,Trogonidae,Apaloderma,narina,Trogons,Trogon,Narina,,,,,
523,300,394,avibase-8205077F,428,Coraciiformes,Cerylidae,Ceryle,rudis,Kingfishers,Kingfisher,Pied,,,,,
1465,301,395,avibase-F51C1C4A,429,Coraciiformes,Dacelonidae,Megaceryle,maxima,,Kingfisher,Giant,,,,,
72,286,396,avibase-F9F5CAB0,430,Coraciiformes,Alcedinidae,Alcedo,semitorquata,Kingfishers,Kingfisher,Half-collared,,,,,
769,283,397,avibase-7149F93D,431,Coraciiformes,Alcedinidae,Corythornis,cristatus,,Kingfisher,Malachite,,,,,
1271,289,398,avibase-C0998BB9,432,Coraciiformes,Alcedinidae,Ispidina,picta,Kingfishers,Pygmy Kingfisher,African,,,,,
1177,296,399,avibase-47E71671,433,Coraciiformes,Dacelonidae,Halcyon,senegalensis,Kingfishers,Kingfisher,Woodland,,,,,
1178,297,400,avibase-1F360691,434,Coraciiformes,Dacelonidae,Halcyon,senegaloides,Kingfishers,Kingfisher,Mangrove,,,,,
1175,294,401,avibase-178B6892,436,Coraciiformes,Dacelonidae,Halcyon,leucocephala,Kingfishers,Kingfisher,Grey-headed,,,,,
1172,291,402,avibase-C5D3CB2A,435,Coraciiformes,Dacelonidae,Halcyon,albiventris,Kingfishers,Kingfisher,Brown-hooded,,,,,
1174,293,403,avibase-AB51824B,437,Coraciiformes,Dacelonidae,Halcyon,chelicuti,Kingfishers,Kingfisher,Striped,,,,,
1510,304,404,avibase-66AA3934,438,Coraciiformes,Meropidae,Merops,apiaster,Bee-eaters,Bee-eater,European,,,,,
1523,316,405,avibase-6EE45113,440,Coraciiformes,Meropidae,Merops,persicus,Bee-eaters,Bee-eater,Blue-cheeked,,,,,
1526,319,406,avibase-AC89B8FF,439,Coraciiformes,Meropidae,Merops,superciliosus,Bee-eaters,Bee-eater,Olive,,,,,
1519,302,407,avibase-B34CB92A,441,Coraciiformes,Meropidae,Merops,nubicoides,Bee-eaters,Bee-eater,Southern Carmine,,,,,
1511,305,408,avibase-30238523,442,Coraciiformes,Meropidae,Merops,boehmi,Bee-eaters,Bee-eater,Böhm's,,,,,
1513,307,409,avibase-38507A80,443,Coraciiformes,Meropidae,Merops,bullockoides,Bee-eaters,Bee-eater,White-fronted,,,,,
1524,317,410,avibase-C0A68CA0,444,Coraciiformes,Meropidae,Merops,pusillus,Bee-eaters,Bee-eater,Little,,,,,
1516,310,411,avibase-910E6D86,445,Coraciiformes,Meropidae,Merops,hirundineus,Bee-eaters,Bee-eater,Swallow-tailed,,,,,
743,269,412,avibase-7451A628,446,Passeriformes,Coraciidae,Coracias,garrulus,Rollers,Roller,European,,,,,
741,267,413,avibase-9E9B6EF9,447,Passeriformes,Coraciidae,Coracias,caudatus,Rollers,Roller,Lilac-breasted,,,,,
745,271,414,avibase-BB456342,448,Passeriformes,Coraciidae,Coracias,spatulatus,Rollers,Roller,Racket-tailed,,,,,
744,270,415,avibase-2624054E,449,Passeriformes,Coraciidae,Coracias,naevius,Rollers,Roller,Purple,,,,,
1045,272,416,avibase-4F01F416,450,Passeriformes,Coraciidae,Eurystomus,glaucurus,Rollers,Roller,Broad-billed,,,,,
903,165,417,avibase-D1F738F4,1002,Piciformes,Picidae,Dendropicos,stierlingi,Woodpeckers,Woodpecker,Stierling's,,,,,
2491,251,418,avibase-E4573453,451,Upupiformes,Upupidae,Upupa,africana,,Hoopoe,African,,,,,
1822,258,419,avibase-28CACA8F,452,Upupiformes,Phoeniculidae,Phoeniculus,purpureus,Wood Hoopoes,Wood Hoopoe,Green,,,,,
1820,256,420,avibase-36EAC210,453,Upupiformes,Phoeniculidae,Phoeniculus,damarensis,Wood Hoopoes,Wood Hoopoe,Violet,,,,,
2155,261,421,avibase-B0DD1318,454,Upupiformes,Rhinopomastidae,Rhinopomastus,cyanomelas,Wood Hoopoes,Scimitarbill,Common,,,,,
376,225,422,avibase-3A4D2B44,455,Coraciiformes,Bucerotidae,Bycanistes,bucinator,Hornbills,Hornbill,Trumpeter,,,,,
375,224,423,avibase-5350D0E8,456,Coraciiformes,Bucerotidae,Bycanistes,brevis,Hornbills,Hornbill,Silvery-cheeked,,,,,
1404,245,424,avibase-0CCD664D,457,Coraciiformes,Bucerotidae,Lophoceros,nasutus,,Hornbill,African Grey,,,,,
2407,243,426,avibase-21A15CDE,459,Coraciiformes,Bucerotidae,Tockus,leucomelas,Hornbills,Hornbill,Southern Yellow-billed,,,,,
1399,231,427,avibase-1FDA0172,460,Coraciiformes,Bucerotidae,Lophoceros,alboterminatus,,Hornbill,Crowned,,,,,
1400,232,428,avibase-336CB959,461,Coraciiformes,Bucerotidae,Lophoceros,bradfieldi,,Hornbill,Bradfield's,,,,,
2408,244,429,avibase-C8898E88,462,Coraciiformes,Bucerotidae,Tockus,monteiri,Hornbills,Hornbill,Monteiro's,,,,,
353,250,430,avibase-4192DE77,463,Bucerotiformes,Bucorvidae,Bucorvus,leadbeateri,Hornbills,Hornbill,Southern Ground,,,,,
1424,191,431,avibase-8C50CB2D,464,Piciformes,Lybiidae,Lybius,torquatus,African Barbets,Barbet,Black-collared,,,,,
2427,220,432,avibase-7AB16C67,465,Piciformes,Lybiidae,Tricholaema,leucomelas,African Barbets,Barbet,Acacia Pied,,,,,
2250,206,433,avibase-6C81D39B,466,Piciformes,Lybiidae,Stactolaema,leucotis,African Barbets,Barbet,White-eared,,,,,
2252,208,434,avibase-5C629518,467,Piciformes,Lybiidae,Stactolaema,whytii,African Barbets,Barbet,Whyte's,,,,,
2251,207,435,avibase-E8BD2A6F,468,Piciformes,Lybiidae,Stactolaema,olivacea,,Barbet,Green,,,,,
1979,200,436,avibase-A4CF3B9E,469,Piciformes,Lybiidae,Pogoniulus,pusillus,African Barbets,Tinkerbird,Southern Red-fronted,split,"Change name to Southern Red-fronted Tinkerbird, #14775 N Red-fronted Tinkerbird is the split",,,
1976,196,437,avibase-2F467821,470,Piciformes,Lybiidae,Pogoniulus,chrysoconus,African Barbets,Tinkerbird,Yellow-fronted,,,,,
1975,195,438,avibase-7749C92B,471,Piciformes,Lybiidae,Pogoniulus,bilineatus,African Barbets,Tinkerbird,Yellow-rumped,,,,,
2417,214,439,avibase-546FA5F2,473,Piciformes,Lybiidae,Trachyphonus,vaillantii,African Barbets,Barbet,Crested,,,,,
1261,126,440,avibase-862749B0,474,Piciformes,Indicatoridae,Indicator,indicator,Honeyguides,Honeyguide,Greater,,,,,
1266,131,441,avibase-7EF4C99C,475,Piciformes,Indicatoridae,Indicator,variegatus,Honeyguides,Honeyguide,Scaly-throated,,,,,
1264,129,442,avibase-E9ED7248,476,Piciformes,Indicatoridae,Indicator,minor,Honeyguides,Honeyguide,Lesser,,,,,
2027,137,443,avibase-8DB3F1A2,478,Piciformes,Indicatoridae,Prodotiscus,regulus,Honeyguides,Honeybird,Brown-backed,,,,,
2028,138,444,avibase-B20CDCE3,479,Piciformes,Indicatoridae,Prodotiscus,zambesiae,Honeyguides,Honeybird,Green-backed,,,,,
1123,168,445,avibase-D1B9D410,480,Piciformes,Picidae,Geocolaptes,olivaceus,Woodpeckers,Woodpecker,Ground,,,,,
440,142,446,avibase-FD3EA943,481,Piciformes,Picidae,Campethera,bennettii,Woodpeckers,Woodpecker,Bennett's,,,,,
439,141,447,avibase-CD2F7C98,483,Piciformes,Picidae,Campethera,abingoni,Woodpeckers,Woodpecker,Golden-tailed,,,,,
446,147,448,avibase-63BE6621,484,Piciformes,Picidae,Campethera,notata,Woodpeckers,Woodpecker,Knysna,,,,,
441,143,449,avibase-F234B7E3,485,Piciformes,Picidae,Campethera,cailliautii,Woodpeckers,Woodpecker,Little Spotted,,,,,
895,158,450,avibase-0A241B83,486,Piciformes,Picidae,Dendropicos,fuscescens,Woodpeckers,Woodpecker,Cardinal,,,,,
575,162,451,avibase-77D82F60,487,Piciformes,Picidae,Chloropicus,namaquus,Woodpeckers,Woodpecker,Bearded,,,,,
898,161,452,avibase-02E004AD,488,Piciformes,Picidae,Dendropicos,griseocephalus,Woodpeckers,Woodpecker,Olive,,,,,
1277,169,453,avibase-93EC5E12,489,Piciformes,Picidae,Jynx,ruficollis,Woodpeckers,Wryneck,Red-throated,,,,,
2226,1125,454,avibase-9EE216F9,490,Passeriformes,Eurylaimidae,Smithornis,capensis,Broadbills,Broadbill,African,,,,,
1875,1122,455,avibase-373286B2,491,Passeriformes,Pittidae,Pitta,angolensis,Pittas,Pitta,African,,,,,
1543,2140,456,avibase-AB507233,492,Passeriformes,Alaudidae,Mirafra,cheniana,Larks,Lark,Melodious,,,,,
1549,2150,457,avibase-86E9D9F4,493,Passeriformes,Alaudidae,Mirafra,passerina,Larks,Lark,Monotonous,,,,,
1537,2134,458,avibase-6A0D6123,494,Passeriformes,Alaudidae,Corypha,africana,Larks,Lark,Rufous-naped,,"Corypha africana, new Genus",,,
392,2128,459,avibase-B14CE06F,497,Passeriformes,Alaudidae,Calendulauda,africanoides,Larks,Lark,Fawn-colored,,,,,
399,2130,460,avibase-DC38D1DA,498,Passeriformes,Alaudidae,Calendulauda,sabota,Larks,Lark,Sabota,,,,,
393,2094,461,avibase-DD338581,4154,Passeriformes,Alaudidae,Calendulauda,albescens,Larks,Lark,Karoo,,,,,
1421,188,462,avibase-03E74ADD,0,Piciformes,Lybiidae,Lybius,minor,,Barbet,Black-backed,,,,,
1105,2119,463,avibase-6CC67AB9,512,Passeriformes,Alaudidae,Galerida,magnirostris,Larks,Lark,Large-billed,,,,,
1873,2157,464,avibase-511C1E5A,505,Passeriformes,Alaudidae,Pinarocorys,nigricans,Larks,Lark,Dusky,,,,,
519,2103,465,avibase-3244C204,501,Passeriformes,Alaudidae,Certhilauda,chuana,Larks,Lark,Short-clawed ,,,,,
2298,2024,467,avibase-7C3026CC,0,Passeriformes,Timaliidae,Curruca,abyssinica,Sylviid Babblers,Babbler,African Hill,,,,,
1552,2153,468,avibase-C49FA9A8,496,Passeriformes,Alaudidae,Amirafra,rufocinnamomea,Larks,Lark,Flappet,,"Amirafra collaris, new Genus",,,
774,1373,469,avibase-CB6410F3,0,Passeriformes,Muscicapidae,Cossypha,anomala,"Chats, Old World Flycatchers (320)",Robin,Olive-flanked Ground,,,,,
2685,1901,470,avibase-13408146,632,Passeriformes,Sylviidae,Acrocephalus,cinnamomeus,Sylviid Babblers,Warbler,Cinnamon Reed,,,,,
1250,1936,471,avibase-E999FD2D,0,Passeriformes,Sylviidae,Iduna,similis,Sylviid Babblers,Yellow Warbler,Mountain,,,,,
2242,2161,472,avibase-53C0293A,509,Passeriformes,Alaudidae,Spizocorys,fringillaris,Larks,Lark,Botha's,,,,,
1192,2123,473,avibase-2B8E5C63,499,Passeriformes,Alaudidae,Heteromirafra,ruddi,Larks,Lark,Rudd's,,,,,
554,2104,474,avibase-D3DAD4C2,506,Passeriformes,Alaudidae,Chersomanes,albofasciata,Larks,Lark,Spike-heeled,,,,,
1901,2447,476,avibase-BE1FE156,0,Passeriformes,Ploceidae,Ploceus,baglafecht,"Weavers, Widowbirds",Weaver,Baglafecht,,,,,
1385,2577,477,avibase-80B649D4,0,Passeriformes,Fringillidae,Linurgus,olivaceus,Finches,Finch,Oriole,,,,,
396,2095,479,avibase-E591A2D7,504,Passeriformes,Alaudidae,Calendulauda,burra,Larks,Lark,Red,,,,,
397,2096,480,avibase-214FC464,503,Passeriformes,Alaudidae,Calendulauda,erythrochlamys,Larks,Lark,Dune,,,,,
93,2084,483,avibase-9E0E6D4E,514,Passeriformes,Alaudidae,Ammomanopsis,grayi,Larks,Lark,Gray's,,,,,
989,2114,484,avibase-9164F314,515,Passeriformes,Alaudidae,Eremopterix,leucotis,Larks,Sparrow-Lark,Chestnut-backed,,,,,
992,2117,485,avibase-86EA668E,516,Passeriformes,Alaudidae,Eremopterix,verticalis,Larks,Sparrow-Lark,Grey-backed,,,,,
986,2112,486,avibase-7391E633,517,Passeriformes,Alaudidae,Eremopterix,australis,Larks,Sparrow-Lark,Black-eared,,,,,
1496,2126,487,avibase-36780791,0,Passeriformes,Alaudidae,Melanocorypha,bimaculata,Larks,Lark,Bimaculated,,,,,
389,2088,488,avibase-FCDA4F09,507,Passeriformes,Alaudidae,Calandrella,cinerea,Larks,Lark,Red-capped,,,,,
2240,2160,490,avibase-1E4143F8,508,Passeriformes,Alaudidae,Spizocorys,conirostris,Larks,Lark,Pink-billed,,,,,
2245,2164,491,avibase-527EE4D4,510,Passeriformes,Alaudidae,Spizocorys,sclateri,Larks,Lark,Sclater's,,,,,
2246,2107,492,avibase-352A5391,511,Passeriformes,Alaudidae,Spizocorys,starki,Larks,Lark,Stark's,,,,,
1212,1639,493,avibase-F93910B4,518,Passeriformes,Hirundinidae,Hirundo,rustica,"Swallows, Martins",Swallow,Barn,,,,,
1204,1623,494,avibase-B418B155,519,Passeriformes,Hirundinidae,Hirundo,angolensis,"Swallows, Martins",Swallow,Angolan,,,,,
1203,1622,495,avibase-E7755BD1,520,Passeriformes,Hirundinidae,Hirundo,albigularis,"Swallows, Martins",Swallow,White-throated,,,,,
1213,1642,496,avibase-B79D6B3D,522,Passeriformes,Hirundinidae,Hirundo,smithii,"Swallows, Martins",Swallow,Wire-tailed,,,,,
1205,1624,497,avibase-CB7FB32A,521,Passeriformes,Hirundinidae,Hirundo,atrocaerulea,"Swallows, Martins",Swallow,Blue,,,,,
1206,1627,498,avibase-0E5AB5F0,523,Passeriformes,Hirundinidae,Hirundo,dimidiata,"Swallows, Martins",Swallow,Pearl-breasted,,,,,
2041,1660,499,avibase-97E7A30B,531,Passeriformes,Hirundinidae,Pseudhirundo,griseopyga,"Swallows, Martins",Swallow,Grey-rumped,,,,,
491,1641,500,avibase-9185D29D,525,Passeriformes,Hirundinidae,Cecropis,senegalensis,"Swallows, Martins",Swallow,Mosque,,,,,
490,1640,501,avibase-958F4A5E,524,Passeriformes,Hirundinidae,Cecropis,semirufa,"Swallows, Martins",Swallow,Red-breasted,,,,,
487,1625,502,avibase-3160A924,526,Passeriformes,Hirundinidae,Cecropis,cucullata,"Swallows, Martins",Swallow,Greater Striped,,,,,
486,1620,503,avibase-5ACC908D,527,Passeriformes,Hirundinidae,Cecropis,abyssinica,"Swallows, Martins",Swallow,Lesser Striped,,,,,
1793,1643,504,avibase-7D1AE743,528,Passeriformes,Hirundinidae,Petrochelidon,spilodera,"Swallows, Martins",Swallow,South African Cliff,,,,,
2106,1629,506,avibase-4C7CE59C,529,Passeriformes,Hirundinidae,Ptyonoprogne,fuligula,"Swallows, Martins",Martin,Large Rock,split,Change name to Large Rock Martin,Unchanged,,
887,1617,507,avibase-30FEC6BE,530,Passeriformes,Hirundinidae,Delichon,urbicum,"Swallows, Martins",House Martin,Common,,,,,
2166,1665,508,avibase-94A1C447,532,Passeriformes,Hirundinidae,Riparia,riparia,"Swallows, Martins",Martin,Sand,,,,,
2165,1664,509,avibase-D2854489,533,Passeriformes,Hirundinidae,Riparia,paludicola,"Swallows, Martins",Martin,Brown-throated,,,,,
1624,1662,510,avibase-1AED683B,534,Passeriformes,Hirundinidae,Neophedina,cincta,"Swallows, Martins",Martin,Banded,,,,,
2039,1657,511,avibase-4AC57370,536,Passeriformes,Hirundinidae,Psalidoprocne,pristoptera,"Swallows, Martins",Saw-wing,Black,,This is the Black Saw-wing that BL has,,,
2038,1652,512,avibase-DF05265E,537,Passeriformes,Hirundinidae,Psalidoprocne,orientalis,"Swallows, Martins",Saw-wing,Eastern,Lumped,"Retire, Lumped with #511",,,
435,1179,513,avibase-F9031A09,538,Passeriformes,Campephagidae,Campephaga,flava,Cuckooshrikes,Cuckooshrike,Black,,,,,
1482,1604,514,avibase-42478D2D,552,Passeriformes,Paridae,Melaniparus,cinerascens,"Tits, Chickadees",Tit,Ashy,,,,,
751,1190,515,avibase-6E682612,539,Passeriformes,Coraciidae,Coracina,pectoralis,Cuckooshrikes,Cuckooshrike,White-breasted,,,,,
747,1186,516,avibase-C7B05F46,540,Passeriformes,Campephagidae,Coracina,caesia,Cuckooshrikes,Cuckooshrike,Grey,,,,,
904,1206,517,avibase-11FE7313,541,Passeriformes,Dicruridae,Dicrurus,adsimilis,Drongos,Drongo,Fork-tailed,,,,,
910,1211,518,avibase-E79026DE,542,Passeriformes,Dicruridae,Dicrurus,ludwigii,Drongos,Drongo,Common Square-tailed,,,,,
1716,1276,519,avibase-92A772BB,543,Passeriformes,Oriolidae,Oriolus,oriolus,"Figbirds, Orioles",Oriole,Eurasian Golden,,,,,
1709,1269,520,avibase-D4866EAE,544,Passeriformes,Oriolidae,Oriolus,auratus,"Figbirds, Orioles",Oriole,African Golden,,,,,
1713,1273,521,avibase-BE62734A,545,Passeriformes,Oriolidae,Oriolus,larvatus,"Figbirds, Orioles",Oriole,Black-headed,,,,,
757,1193,522,avibase-34D538E1,548,Passeriformes,Corvidae,Corvus,albus,"Crows, Jays",Crow,Pied,,,,,
758,1194,523,avibase-562E17AB,547,Passeriformes,Corvidae,Corvus,capensis,"Crows, Jays",Crow,Cape,,,,,
756,1192,524,avibase-EA326EA2,550,Passeriformes,Corvidae,Corvus,albicollis,"Crows, Jays",Raven,White-necked,,,,,
1479,1599,525,avibase-3814F5D0,551,Passeriformes,Paridae,Melaniparus,afer,"Tits, Chickadees",Tit,Grey,,,,,
1486,1608,526,avibase-CC1DF030,553,Passeriformes,Paridae,Melaniparus,griseiventris,"Tits, Chickadees",Tit,Miombo,,,,,
1490,1612,527,avibase-6EF0803B,554,Passeriformes,Paridae,Melaniparus,niger,"Tits, Chickadees",Tit,Southern Black,,,,,
1481,1603,528,avibase-CB39188F,555,Passeriformes,Paridae,Melaniparus,carpi,"Tits, Chickadees",Tit,Carp's,,,,,
1492,1613,529,avibase-A51F9290,556,Passeriformes,Paridae,Melaniparus,rufiventris,"Tits, Chickadees",Tit,Rufous-bellied,,,,,
134,1591,530,avibase-F44BD4BE,558,Passeriformes,Paridae,Anthoscopus,caroli,Penduline Tits,Tit,Grey Penduline,,,,,
136,1593,531,avibase-E6239363,557,Passeriformes,Paridae,Anthoscopus,minutus,Penduline Tits,Tit,Cape Penduline,,,,,
2174,1589,532,avibase-A51A5F84,559,Passeriformes,Certhiidae,Salpornis,salvadori,Treecreepers,Creeper,African Spotted,,,,,
2448,2069,533,avibase-E6576A8D,560,Passeriformes,Leiothrichidae,Turdoides,jardineii,Babblers,Babbler,Arrow-marked,,,,,
2451,2072,534,avibase-3D55152D,561,Passeriformes,Leiothrichidae,Turdoides,melanops,Babblers,Babbler,Black-faced,,,,,
2445,2066,535,avibase-CD65BECB,562,Passeriformes,Leiothrichidae,Turdoides,hartlaubii,Babblers,Babbler,Hartlaub's,,,,,
2442,2063,536,avibase-1481EF1F,563,Passeriformes,Leiothrichidae,Turdoides,bicolor,Babblers,Babbler,Southern Pied,,,,,
2444,2065,537,avibase-7AB9D354,564,Passeriformes,Leiothrichidae,Turdoides,gymnogenys,Babblers,Babbler,Bare-cheeked,,,,,
1874,1475,538,avibase-ECCFBEB5,610,Passeriformes,Muscicapidae,Pinarornis,plumosus,"Chats, Old World Flycatchers (320)",Chat,Boulder,,,,,
17,1897,539,avibase-35C5E4AF,662,Passeriformes,Sylviidae,Achaetops,pycnopygius,Sylviid Babblers,,Rockrunner,,,,,
528,1333,540,avibase-EE344F3D,611,Passeriformes,Chaetopidae,Chaetops,frenatus,Thrushes,Rockjumper,Cape,,,,,
1843,1717,541,avibase-CF1DDF4E,0,Passeriformes,Pycnonotidae,Phyllastrephus,placidus,Bulbuls,Greenbul,Lowland Tiny/Placid,Lumped,"Retire, now lumped with Cabani’s Greenbul Phyllastrephus cabanisi  #1086 as Phyllastrephus cabanisi placidus","Placid Greenbul (#541) removed from Eastern, Western and South-Central Africa lists – users will not be able to log it anymore",,
1386,1973,542,avibase-015542ED,565,Passeriformes,Sylviidae,Lioptilus,nigricapillus,Babblers,Blackcap,Bush,,,,,
2119,1745,543,avibase-6234824B,566,Passeriformes,Pycnonotidae,Pycnonotus,capensis,Bulbuls,Bulbul,Cape,,,,,
2122,1747,544,avibase-9EF3E079,567,Passeriformes,Pycnonotidae,Pycnonotus,nigricans,Bulbuls,Bulbul,African Red-eyed,,,,,
1848,1738,546,avibase-07FD1D4C,569,Passeriformes,Pycnonotidae,Phyllastrephus,terrestris,Bulbuls,Brownbul,Terrestrial,,,,,
1837,1726,547,avibase-3D343275,570,Passeriformes,Pycnonotidae,Phyllastrephus,flavostriatus,Bulbuls,Greenbul,Yellow-streaked,,,,,
1835,1725,548,avibase-FA137697,571,Passeriformes,Pycnonotidae,Phyllastrephus,debilis,Bulbuls,Greenbul,Lowland Tiny,,Change name to Lowland Tiny Greenbul,,,
252,1681,549,avibase-8479F56E,573,Passeriformes,Pycnonotidae,Arizelocichla,milanjensis,Bulbuls,Greenbul,Stripe-cheeked,,,,,
566,1697,550,avibase-D083BB3F,574,Passeriformes,Pycnonotidae,Chlorocichla,flaviventris,Bulbuls,Greenbul,Yellow-bellied,,,,,
122,1675,551,avibase-79A45DAF,572,Passeriformes,Pycnonotidae,Andropadus,importunus,Bulbuls,Greenbul,Sombre,,,,,
2463,1510,552,avibase-5D12DEA5,576,Passeriformes,Turdidae,Turdus,libonyana,Thrushes,Thrush,Kurrichane,,,,,
251,1680,555,avibase-A8A60306,0,Passeriformes,Pycnonotidae,Arizelocichla,masukuensis,Bulbuls,Greenbul,Shelley's,,,,,
1125,1527,556,avibase-45C55FDE,579,Passeriformes,Muscicapidae,Geokichla,gurneyi,Thrushes,Ground Thrush,Orange,,,,,
2464,1480,557,avibase-8C5759C5,580,Passeriformes,Muscicapidae,Turdus,litsitsirupa,,Thrush,Groundscraper,,,,,
1126,1528,558,avibase-60A39CF9,578,Passeriformes,Muscicapidae,Geokichla,guttata,Thrushes,Ground Thrush,Spotted,,,,,
1562,1416,559,avibase-22E11A7D,581,Passeriformes,Muscicapidae,Monticola,rupestris,"Chats, Old World Flycatchers (320)",Rock Thrush,Cape,,Common_group name changed,,,
1559,1413,560,avibase-CCC257D0,582,Passeriformes,Muscicapidae,Monticola,explorator,"Chats, Old World Flycatchers (320)",Rock Thrush,Sentinel,,Common_group name changed,,,
1558,1412,561,avibase-A20D777F,583,Passeriformes,Muscicapidae,Monticola,brevipes,"Chats, Old World Flycatchers (320)",Rock Thrush,Short-toed,,Common_group name and Common_species name changed,,,
1557,1410,562,avibase-57DB5D4E,584,Passeriformes,Muscicapidae,Monticola,angolensis,"Chats, Old World Flycatchers (320)",Rock Thrush,Miombo,,Common_group name and Common_species name changed,,,
1687,1466,563,avibase-DF526047,585,Passeriformes,Muscicapidae,Oenanthe,oenanthe,"Chats, Old World Flycatchers (320)",Wheatear,Northern,,,,,
1601,1465,564,avibase-3B26A7B2,586,Passeriformes,Muscicapidae,Myrmecocichla,monticola,"Chats, Old World Flycatchers (320)",Wheatear,Mountain,,,,,
1040,1686,565,avibase-3413C42C,0,Passeriformes,Pycnonotidae,Eurillas,virens,Bulbuls,Greenbul,Little,,,,,
945,1351,566,avibase-EA459C8C,592,Passeriformes,Muscicapidae,Emarginata,schlegelii,"Chats, Old World Flycatchers (320)",Chat,Karoo,,,,,
508,1358,567,avibase-B68BD0D2,0,Passeriformes,Muscicapidae,Cercotrichas,galactotes,,Scrub Robin,Rufous-tailed,,,,,
1689,1468,568,avibase-E6BD3258,587,Passeriformes,Muscicapidae,Oenanthe,pileata,"Chats, Old World Flycatchers (320)",Wheatear,Capped,,,,,
452,1451,569,avibase-916C5AED,588,Passeriformes,Muscicapidae,Campicoloides,bifasciatus,"Chats, Old World Flycatchers (320)",Chat,Buff-streaked,,,,,
1675,1349,570,avibase-CD8DEBE3,589,Passeriformes,Muscicapidae,Oenanthe,familiaris,"Chats, Old World Flycatchers (320)",Chat,Familiar,,,,,
947,1355,571,avibase-17DEACED,590,Passeriformes,Muscicapidae,Emarginata,tractrac,"Chats, Old World Flycatchers (320)",Chat,Tractrac,,,,,
946,1353,572,avibase-BF0859C5,591,Passeriformes,Muscicapidae,Emarginata,sinuata,"Chats, Old World Flycatchers (320)",Chat,Sickle-winged,,,,,
2392,1501,573,avibase-A62752EE,593,Passeriformes,Muscicapidae,Thamnolaea,cinnamomeiventris,"Chats, Old World Flycatchers (320)",Chat,Mocking Cliff,,,,,
1598,1438,574,avibase-AC5FC9B9,594,Passeriformes,Muscicapidae,Myrmecocichla,arnotti,"Chats, Old World Flycatchers (320)",Chat,Arnot's,,,,,
1599,1441,575,avibase-400A83B9,595,Passeriformes,Muscicapidae,Myrmecocichla,formicivora,"Chats, Old World Flycatchers (320)",Chat,Ant-eating,,,,,
2189,1484,576,avibase-222CAA6E,596,Passeriformes,Muscicapidae,Saxicola,torquatus,"Chats, Old World Flycatchers (320)",Stonechat,African,,,,,
2187,1482,577,avibase-A0EDAEA2,597,Passeriformes,Muscicapidae,Saxicola,rubetra,"Chats, Old World Flycatchers (320)",,Whinchat,,,,,
779,1377,578,avibase-68C54292,598,Passeriformes,Muscicapidae,Cossypha,dichroa,"Chats, Old World Flycatchers (320)",Robin-Chat,Chorister,,,,,
784,1383,579,avibase-3846F8A8,600,Passeriformes,Muscicapidae,Cossypha,natalensis,"Chats, Old World Flycatchers (320)",Robin-Chat,Red-capped,,,,,
781,1380,580,avibase-16BD42DD,599,Passeriformes,Muscicapidae,Cossypha,heuglini,"Chats, Old World Flycatchers (320)",Robin-Chat,White-browed,,,,,
777,1375,581,avibase-A38BABE1,601,Passeriformes,Muscicapidae,Cossypha,caffra,"Chats, Old World Flycatchers (320)",Robin-Chat,Cape,,,,,
782,1381,582,avibase-94932CDC,602,Passeriformes,Muscicapidae,Cossypha,humeralis,"Chats, Old World Flycatchers (320)",Robin-Chat,White-throated,,,,,
507,1357,583,avibase-B796DBCB,614,Passeriformes,Muscicapidae,Tychaedon,coryphoeus,,Scrub Robin,Karoo,,Changed Genus name,,,
515,1365,584,avibase-231FD09E,616,Passeriformes,Muscicapidae,Tychaedon,signata,,Scrub Robin,Brown,,Changed Genus name,,,
514,1364,585,avibase-92908926,617,Passeriformes,Muscicapidae,Tychaedon,quadrivirgata,,Scrub Robin,Bearded,,Changed Genus name,,,
512,1362,586,avibase-C1EF6940,615,Passeriformes,Muscicapidae,Cercotrichas,paena,,Scrub Robin,Kalahari,,,,,
2040,1339,587,avibase-68B8466C,0,Passeriformes,Muscicapidae,Chamaetylas,choloensis,Thrushes,Alethe,Thyolo,,,,,
510,1360,588,avibase-B5B6EC7B,613,Passeriformes,Muscicapidae,Cercotrichas,leucophrys,,Scrub Robin,White-browed,,,,,
1983,1476,589,avibase-230A0342,606,Passeriformes,Muscicapidae,Pogonocichla,stellata,"Chats, Old World Flycatchers (320)",Robin,White-starred,,,,,
2297,1499,590,avibase-3622BD28,607,Passeriformes,Muscicapidae,Swynnertonia,swynnertoni,"Chats, Old World Flycatchers (320)",Robin,Swynnerton's,,,,,
2221,1490,591,avibase-3E4783BA,608,Passeriformes,Muscicapidae,Sheppardia,gunningi,"Chats, Old World Flycatchers (320)",Akalat,East Coast,,,,,
1412,1399,592,avibase-6EC66752,609,Passeriformes,Muscicapidae,Luscinia,luscinia,"Chats, Old World Flycatchers (320)",Nightingale,Thrush,,,,,
586,1366,593,avibase-A0A3B03D,603,Passeriformes,Muscicapidae,Cichladusa,arquata,"Chats, Old World Flycatchers (320)",Thrush,Collared Palm,,,,,
862,2035,594,avibase-14AFBA82,620,Passeriformes,Sylviidae,Curruca,communis,Sylviid Babblers,Whitethroat,Common,,,,,
2303,2033,595,avibase-A6A4FC63,619,Passeriformes,Sylviidae,Curruca,borin,Sylviid Babblers,Warbler,Garden,,,,,
1198,1952,596,avibase-869C978C,625,Passeriformes,Sylviidae,Hippolais,icterina,Sylviid Babblers,Warbler,Icterine,,,,,
1200,1954,597,avibase-791DED18,626,Passeriformes,Sylviidae,Hippolais,olivetorum,Sylviid Babblers,Warbler,Olive-tree,,,,,
1389,1974,598,avibase-2B020CA0,627,Passeriformes,Sylviidae,Locustella,fluviatilis,Sylviid Babblers,Warbler,River,,,,,
1865,2022,599,avibase-88F4B969,643,Passeriformes,Sylviidae,Phylloscopus,trochilus,Sylviid Babblers,Warbler,Willow,,,,,
978,1946,600,avibase-9E034D83,653,Passeriformes,Sylviidae,Eremomela,icteropygialis,Sylviid Babblers,Eremomela,Yellow-bellied,,,,,
983,1950,601,avibase-35C0145B,656,Passeriformes,Sylviidae,Eremomela,usticollis,Sylviid Babblers,Eremomela,Burnt-necked,,,,,
981,1948,602,avibase-0394BA0B,655,Passeriformes,Sylviidae,Eremomela,scotops,Sylviid Babblers,Eremomela,Green-capped,,,,,
19,1899,603,avibase-B283E332,628,Passeriformes,Sylviidae,Acrocephalus,arundinaceus,Sylviid Babblers,Warbler,Great Reed,,,,,
22,1903,604,avibase-4AA7817D,635,Passeriformes,Sylviidae,Acrocephalus,gracilirostris,Sylviid Babblers,Warbler,Lesser Swamp,,,,,
2318,2047,605,avibase-1EA60B94,0,Passeriformes,Sylviidae,Curruca,nisoria,Sylviid Babblers,Warbler,Barred,,,,,
20,1900,606,avibase-89DFB36A,631,Passeriformes,Sylviidae,Acrocephalus,baeticatus,,Warbler,African Reed  [x],,"Retired, replaced by #14242",,,
27,1908,607,avibase-B675E006,633,Passeriformes,Sylviidae,Acrocephalus,palustris,Sylviid Babblers,Warbler,Marsh,,,,,
30,1911,608,avibase-FED5AED5,634,Passeriformes,Sylviidae,Acrocephalus,schoenobaenus,Sylviid Babblers,Warbler,Sedge,,,,,
321,1924,609,avibase-ED9EE880,638,Passeriformes,Sylviidae,Bradypterus,baboecala,Sylviid Babblers,Warbler,Little Rush,,,,,
323,1925,610,avibase-6A8A9135,639,Passeriformes,Sylviidae,Bradypterus,barratti,Sylviid Babblers,Warbler,Barratt's,,,,,
330,1931,611,avibase-D4F0437E,640,Passeriformes,Sylviidae,Bradypterus,sylvaticus,Sylviid Babblers,Warbler,Knysna,,,,,
850,1932,612,avibase-E3C55435,641,Passeriformes,Sylviidae,Cryptillas,victorini,,Warbler,Victorin's,,,,,
1044,1848,613,avibase-216F11D6,660,Passeriformes,Cisticolidae,Euryptila,subcinnamomea,Cisticolas and allies,Warbler,Cinnamon-breasted,,,,,
382,1781,614,avibase-A3265EBB,658,Passeriformes,Cisticolidae,Calamonastes,fasciolatus,,Wren-Warbler,Barred,,,,,
384,1783,615,avibase-13F7A4F9,659,Passeriformes,Cisticolidae,Calamonastes,stierlingi,,Wren-Warbler,Stierling's,,,,,
2193,2029,616,avibase-2470FC01,642,Passeriformes,Sylviidae,Schoenicola,brevirostris,Sylviid Babblers,Grassbird,Fan-tailed,,,,,
1504,1982,617,avibase-1478AA79,663,Passeriformes,Sylviidae,Melocichla,mentalis,Sylviid Babblers,Warbler,Moustached Grass,,,,,
2236,2030,618,avibase-8EE724E4,661,Passeriformes,Sylviidae,Sphenoeacus,afer,Sylviid Babblers,Grassbird,Cape,,,,,
1450,1852,619,avibase-A1CA4EB2,688,Passeriformes,Cisticolidae,Malcorus,pectoralis,Cisticolas and allies,Warbler,Rufous-eared,,,,,
1190,1850,620,avibase-C67FD539,682,Passeriformes,Cisticolidae,Heliolais,erythropterus,Cisticolas and allies,Prinia,Red-winged,,,,,
2328,2057,621,avibase-BA12CD7F,651,Passeriformes,Sylviidae,Sylvietta,rufescens,Sylviid Babblers,Crombec,Long-billed,,,,,
198,1780,622,avibase-B285E2B0,645,Passeriformes,Cisticolidae,Apalis,thoracica,Cisticolas and allies,Apalis,Bar-throated,,,,,
191,1771,623,avibase-4FE76868,647,Passeriformes,Cisticolidae,Apalis,melanocephala,Cisticolas and allies,Apalis,Black-headed,,,,,
195,1776,624,avibase-32947D9C,649,Passeriformes,Cisticolidae,Apalis,ruddi,Cisticolas and allies,Apalis,Rudd's,,,,,
183,1766,625,avibase-EADB2314,648,Passeriformes,Cisticolidae,Apalis,flavida,Cisticolas and allies,Apalis,Yellow-breasted,Lumped,Use this. #10995 A. flavocincta in BL and #3050 A. [flavida] viridiceps in ABAP lumped with#625,,,
977,1945,626,avibase-728CFC23,654,Passeriformes,Sylviidae,Eremomela,gregalis,Sylviid Babblers,Eremomela,Karoo,,,,,
430,1785,627,avibase-9DACBD08,958,Passeriformes,Cisticolidae,Camaroptera,brachyura,Cisticolas and allies,Camaroptera,Green-backed,Lumped,replaced by #14873 ,,,
431,1786,628,avibase-4183643D,959,Passeriformes,Cisticolidae,Camaroptera,brevicaudata,,Camaroptera,Grey-backed,Lumped,"replaced by #14873, should be brevicaudata, maybe we shall kep this for a while?",,,
684,1821,629,avibase-AEE2063F,664,Passeriformes,Cisticolidae,Cisticola,juncidis,Cisticolas and allies,Cisticola,Zitting,,,,,
659,1799,630,avibase-A2C88219,665,Passeriformes,Cisticolidae,Cisticola,aridulus,Cisticolas and allies,Cisticola,Desert,,,,,
702,1842,631,avibase-F9FA8D6B,666,Passeriformes,Cisticolidae,Cisticola,textrix,Cisticolas and allies,Cisticola,Cloud,,,,,
683,1820,632,avibase-373DCDF4,0,Passeriformes,Cisticolidae,Cisticola,hunteri,Cisticolas and allies,Cisticola,Hunter's,,,,,
660,1800,634,avibase-78573BB2,667,Passeriformes,Cisticolidae,Cisticola,ayresii,Cisticolas and allies,Cisticola,Wing-snapping,,,,,
672,1811,635,avibase-6F165487,668,Passeriformes,Cisticolidae,Cisticola,cinnamomeus,,Cisticola,Pale-crowned,,,,,
663,1802,636,avibase-FBDCA962,680,Passeriformes,Cisticolidae,Cisticola,brachypterus,Cisticolas and allies,Cisticola,Short-winged,,,,,
678,1816,637,avibase-8220168F,681,Passeriformes,Cisticolidae,Cisticola,fulvicapilla,Cisticolas and allies,,Neddicky,,,,,
701,1841,638,avibase-B7C5BC8D,669,Passeriformes,Cisticolidae,Cisticola,subruficapilla,Cisticolas and allies,Cisticola,Grey-backed,,,,,
685,1822,639,avibase-5FD10562,670,Passeriformes,Cisticolidae,Cisticola,lais,Cisticolas and allies,Cisticola,Wailing,,,,,
694,1831,640,avibase-3B7E808C,0,Passeriformes,Cisticolidae,Cisticola,njombe,Cisticolas and allies,Cisticola,Churring,,,,,
699,1836,641,avibase-F7D5C201,671,Passeriformes,Cisticolidae,Cisticola,rufilatus,Cisticolas and allies,Cisticola,Tinkling,,,,,
669,1808,642,avibase-909FEE8A,672,Passeriformes,Cisticolidae,Cisticola,chiniana,Cisticolas and allies,Cisticola,Rattling,,,,,
666,1805,643,avibase-6B64558B,673,Passeriformes,Cisticolidae,Cisticola,cantans,Cisticolas and allies,Cisticola,Singing,,,,,
676,1814,644,avibase-47053A35,674,Passeriformes,Cisticolidae,Cisticola,erythrops,Cisticolas and allies,Cisticola,Red-faced,,,,,
703,1843,646,avibase-F936B680,677,Passeriformes,Cisticolidae,Cisticola,tinniens,Cisticolas and allies,Cisticola,Levaillant's,,,,,
692,1829,647,avibase-FB740D14,678,Passeriformes,Cisticolidae,Cisticola,natalensis,Cisticolas and allies,Cisticola,Croaking,,,,,
656,1797,648,avibase-4282ACAF,679,Passeriformes,Cisticolidae,Cisticola,aberrans,Cisticolas and allies,Cisticola,Lazy,,,,,
2014,1868,649,avibase-63F72CA7,683,Passeriformes,Cisticolidae,Prinia,subflava,Cisticolas and allies,Prinia,Tawny-flanked,,,,,
2005,1862,650,avibase-10988568,685,Passeriformes,Cisticolidae,Prinia,flavicans,Cisticolas and allies,Prinia,Black-chested,,,,,
329,1921,652,avibase-8160D091,0,Passeriformes,Sylviidae,Bradypterus,lopezi,Sylviid Babblers,Warbler,Evergreen Forest,,,,,
1828,1854,653,avibase-23670191,687,Passeriformes,Cisticolidae,Phragmacia,substriata,Cisticolas and allies,Warbler,Namaqua,,,,,
1590,1433,654,avibase-B142856F,689,Passeriformes,Muscicapidae,Muscicapa,striata,"Chats, Old World Flycatchers (320)",Flycatcher,Spotted,,,,,
1578,1421,655,avibase-6E95C4A9,690,Passeriformes,Muscicapidae,Muscicapa,adusta,"Chats, Old World Flycatchers (320)",Flycatcher,African Dusky,,,,,
1581,1424,656,avibase-3B3A6911,691,Passeriformes,Muscicapidae,Muscicapa,caerulescens,"Chats, Old World Flycatchers (320)",Flycatcher,Ashy,,,,,
1596,1437,657,avibase-5EA2B90C,693,Passeriformes,Muscicapidae,Fraseria ,plumbeus,"Chats, Old World Flycatchers (320)",Tit-Flycatcher,Grey,,New Genus name Fraseria ,,,
864,2005,658,avibase-C39D67AD,621,Passeriformes,Sylviidae,Curruca,subcoerulea,Sylviid Babblers,Warbler,Chestnut-vented,,,,,
863,2003,659,avibase-697DE8A6,622,Passeriformes,Sylviidae,Curruca,layardi,Sylviid Babblers,Warbler,Layard's,,,,,
1605,1445,660,avibase-D17B7DA0,618,Passeriformes,Muscicapidae,Namibornis,herero,"Chats, Old World Flycatchers (320)",Chat,Herero,,,,,
1474,1344,661,avibase-561780A5,695,Passeriformes,Muscicapidae,Melaenornis,mariquensis,"Chats, Old World Flycatchers (320)",Flycatcher,Marico,,,,,
1476,1345,662,avibase-FA03A965,696,Passeriformes,Muscicapidae,Melaenornis,pallidus,"Chats, Old World Flycatchers (320)",Flycatcher,Pale,,,,,
1473,1343,663,avibase-6E8F3B30,697,Passeriformes,Muscicapidae,Melaenornis,infuscatus,"Chats, Old World Flycatchers (320)",Flycatcher,Chat,,,,,
1477,1346,664,avibase-8A9A7AAA,694,Passeriformes,Muscicapidae,Melaenornis,pammelaina,"Chats, Old World Flycatchers (320)",Flycatcher,Southern Black,,,,,
1478,1494,665,avibase-FD391374,698,Passeriformes,Muscicapidae,Melaenornis,silens,"Chats, Old World Flycatchers (320)",Flycatcher,Fiscal,,,,,
1244,1935,666,avibase-EBBD09CA,637,Passeriformes,Sylviidae,Iduna,natalensis,Sylviid Babblers,Yellow Warbler,African,,,,,
305,1176,667,avibase-F1A4B955,699,Passeriformes,Malaconotidae,Bias,musicus,"Wattle-eyes, Batises",Shrike-flycatcher,Black-and-white,,,,,
1223,1959,668,avibase-F840409E,624,Passeriformes,Sylviidae,Hyliota,australis,Sylviid Babblers,Hyliota,Southern,,,,,
1470,1403,669,avibase-373E54E6,0,Passeriformes,Muscicapidae,Melaenornis,chocolatinus,"Chats, Old World Flycatchers (320)",Flycatcher,Abyssinian Slaty,,,,,
1224,1960,670,avibase-0F82D614,623,Passeriformes,Sylviidae,Hyliota,flavigaster,Sylviid Babblers,Hyliota,Yellow-bellied,,,,,
1862,2019,671,avibase-F6B77E64,644,Passeriformes,Sylviidae,Phylloscopus,ruficapilla,Sylviid Babblers,Warbler,Yellow-throated Woodland,,,,,
287,1160,672,avibase-9E17E8D0,700,Passeriformes,Malaconotidae,Batis,capensis,"Wattle-eyes, Batises",Batis,Cape,,,,,
297,1169,673,avibase-C5C38D98,701,Passeriformes,Malaconotidae,Batis,molitor,"Wattle-eyes, Batises",Batis,Chinspot,,,,,
301,1173,674,avibase-982B2C3A,703,Passeriformes,Malaconotidae,Batis,pririt,"Wattle-eyes, Batises",Batis,Pririt,,,,,
304,1175,675,avibase-5A58B69A,702,Passeriformes,Malaconotidae,Batis,soror,"Wattle-eyes, Batises",Batis,Pale,,,,,
290,1162,676,avibase-B9669030,704,Passeriformes,Malaconotidae,Batis,fratrum,"Wattle-eyes, Batises",Batis,Woodward's,,,,,
1886,1281,677,avibase-16935B44,705,Passeriformes,Malaconotidae,Platysteira,peltata,"Wattle-eyes, Batises",Wattle-eye,Black-throated,,,,,
2254,1296,678,avibase-D6F5D224,706,Passeriformes,Sylviidae,Stenostira,scita,"Chats, Old World Flycatchers (320)",Flycatcher,Fairy,,,,,
995,1234,679,avibase-F6DBAE37,707,Passeriformes,Sylviidae,Erythrocercus,livingstonei,Monarchs,Flycatcher,Livingstone's,,,,,
2439,1323,680,avibase-15F017B7,708,Passeriformes,Monarchidae,Trochocercus,cyanomelas,Monarchs,Flycatcher,Blue-mantled Crested,,,,,
942,1229,681,avibase-18ED7458,709,Passeriformes,Sylviidae,Elminia,albonotata,Monarchs,Flycatcher,White-tailed Crested,,,,,
2374,1322,682,avibase-75AAC17B,710,Passeriformes,Monarchidae,Terpsiphone,viridis,Monarchs,Flycatcher,African Paradise,,,,,
296,1168,683,avibase-CDC8A3E6,0,Passeriformes,Malaconotidae,Batis,mixta,"Wattle-eyes, Batises",Batis,Forest,,,,,
1570,2383,685,avibase-CE7D41A6,711,Passeriformes,Motacillidae,Motacilla,aguimp,"Wagtails, Pipits",Wagtail,African Pied,,,,,
1572,2385,686,avibase-4F2CC293,713,Passeriformes,Motacillidae,Motacilla,capensis,"Wagtails, Pipits",Wagtail,Cape,,,,,
1575,2388,688,avibase-747B3A52,712,Passeriformes,Motacillidae,Motacilla,clara,"Wagtails, Pipits",Wagtail,Mountain,,,,,
1576,2389,689,avibase-5983D677,714,Passeriformes,Motacillidae,Motacilla,flava,"Wagtails, Pipits",Wagtail,Western Yellow,,,,,
1573,2386,690,avibase-AE073221,715,Passeriformes,Motacillidae,Motacilla,cinerea,"Wagtails, Pipits",Wagtail,Grey,,,,,
163,2270,691,avibase-C21A0347,900,Passeriformes,Motacillidae,Anthus,nyassae,Pipits and Wagtails,Pipit,Wood,,,,,
155,2276,692,avibase-0D7CC717,716,Passeriformes,Motacillidae,Anthus,cinnamomeus,Pipits and Wagtails,Pipit,African,,,,,
170,2290,693,avibase-283DD7F9,717,Passeriformes,Motacillidae,Anthus,similis,"Wagtails, Pipits",Pipit,Long-billed [x],,,,,
159,2279,694,avibase-ECC3F122,718,Passeriformes,Motacillidae,Anthus,leucophrys,"Wagtails, Pipits",Pipit,Plain-backed,,,,,
174,2294,695,avibase-3BC778CE,719,Passeriformes,Motacillidae,Anthus,vaalensis,"Wagtails, Pipits",Pipit,Buffy,,,,,
160,2280,696,avibase-C69E0E28,720,Passeriformes,Motacillidae,Anthus,lineiventris,"Wagtails, Pipits",Pipit,Striped,,,,,
157,2277,697,avibase-56CB3F84,721,Passeriformes,Motacillidae,Anthus,crenatus,"Wagtails, Pipits",Pipit,African Rock,,,,,
173,2293,698,avibase-365F5E97,722,Passeriformes,Motacillidae,Anthus,trivialis,"Wagtails, Pipits",Pipit,Tree,,,,,
151,2272,699,avibase-4C7B3D81,723,Passeriformes,Motacillidae,Anthus,caffer,"Wagtails, Pipits",Pipit,Bushveld,,,,,
150,2271,700,avibase-E6629C69,724,Passeriformes,Motacillidae,Anthus,brachyurus,"Wagtails, Pipits",Pipit,Short-tailed,,,,,
154,2275,701,avibase-71F12B23,725,Passeriformes,Motacillidae,Anthus,chloris,"Wagtails, Pipits",Pipit,Yellow-breasted,,,,,
2399,2520,702,avibase-B9104F62,726,Passeriformes,Motacillidae,Tmetothylacus,tenellus,"Wagtails, Pipits",Pipit,Golden,,,,,
1433,2365,703,avibase-CA742F9D,727,Passeriformes,Motacillidae,Macronyx,capensis,"Wagtails, Pipits",Longclaw,Cape,,,,,
1434,2366,704,avibase-0D9BFED1,728,Passeriformes,Motacillidae,Macronyx,croceus,"Wagtails, Pipits",Longclaw,Yellow-throated,,,,,
1431,2363,705,avibase-70129CB1,730,Passeriformes,Motacillidae,Macronyx,ameliae,"Wagtails, Pipits",Longclaw,Rosy-throated,,,,,
1351,1148,706,avibase-8852337B,731,Passeriformes,Laniidae,Lanius,minor,Shrikes,Shrike,Lesser Grey,,,,,
1340,1137,707,avibase-B936AAF3,732,Passeriformes,Laniidae,Lanius,collaris,Shrikes,Fiscal,Southern,,,,,
1341,1138,708,avibase-F2CEFD1A,733,Passeriformes,Laniidae,Lanius,collurio,Shrikes,Shrike,Red-backed,,,,,
1326,1249,709,avibase-2849059D,736,Passeriformes,Malaconotidae,Laniarius,ferrugineus,Bushshrikes,Boubou,Southern,,,,,
1323,1246,710,avibase-1776533D,738,Passeriformes,Malaconotidae,Laniarius,bicolor,Bushshrikes,Boubou,Swamp,,,,,
1320,1243,711,avibase-9B33F957,739,Passeriformes,Malaconotidae,Laniarius,atrococcineus,Bushshrikes,Shrike,Crimson-breasted,,,,,
927,1216,712,avibase-00855728,740,Passeriformes,Malaconotidae,Dryoscopus,cubla,Bushshrikes,Puffback,Black-backed,,,,,
2357,1302,713,avibase-2507F6F4,742,Passeriformes,Malaconotidae,Tchagra,tchagra,Bushshrikes,Tchagra,Southern,,,,,
2354,1298,714,avibase-4F9D43DE,743,Passeriformes,Malaconotidae,Tchagra,australis,Bushshrikes,Tchagra,Brown-crowned,,,,,
2356,1301,715,avibase-022798AB,744,Passeriformes,Malaconotidae,Tchagra,senegalus,Bushshrikes,Tchagra,Black-crowned,,,,,
311,1300,716,avibase-7DCA1C1E,745,Passeriformes,Malaconotidae,Bocagia,minuta,Bushshrike,Tchagra,Marsh,,"Use this, Retire 14000",,,
573,1308,717,avibase-89A9E67C,750,Passeriformes,Malaconotidae,Chlorophoneus,olivaceus,Bushshrikes,Bushshrike,Olive,,,,,
574,1310,719,avibase-F3DCCA8F,748,Passeriformes,Malaconotidae,Chlorophoneus,sulfureopectus,Bushshrikes,Bushshrike,Orange-breasted,,,,,
572,1307,720,avibase-5CE2F0DC,749,Passeriformes,Malaconotidae,Chlorophoneus,nigrifrons,Bushshrikes,Bushshrike,Black-fronted,,,,,
2362,1309,721,avibase-ACDC8DEE,747,Passeriformes,Malaconotidae,Telophorus,viridis,Bushshrikes,Bushshrike,Gorgeous,,Replaces #2506,,,
2363,1312,722,avibase-D194C523,746,Passeriformes,Malaconotidae,Telophorus,zeylonus,Bushshrikes,,Bokmakierie,,,,,
1445,1261,723,avibase-641068BB,751,Passeriformes,Malaconotidae,Malaconotus,blanchoti,Bushshrikes,Bushshrike,Grey-headed,,,,,
2504,1133,724,avibase-56A7F384,735,Passeriformes,Laniidae,Urolestes,melanoleucus,,Shrike,Magpie,,Kenya Bird Map log #2300 N Long-tailed Shrike,#2300 retired,,
1650,1714,725,avibase-7066D2F1,575,Passeriformes,Nicatoridae,Nicator,gularis,Bulbuls,Nicator,Eastern,,,,,
1338,1258,726,avibase-7DF5859A,752,Passeriformes,Malaconotidae,Lanioturdus,torquatus,"Wattle-eyes, Batises",Shrike,White-tailed,,,,,
2018,1285,727,avibase-3996ECD0,753,Passeriformes,Malaconotidae,Prionops,plumatus,Bushshrikes,Helmetshrike,White-crested,,,,,
2020,1287,728,avibase-5B9EA71C,754,Passeriformes,Malaconotidae,Prionops,retzii,Bushshrikes,Helmetshrike,Retz's,,,,,
2022,1289,729,avibase-E27EEDC5,755,Passeriformes,Malaconotidae,Prionops,scopifrons,Bushshrikes,Helmetshrike,Chestnut-fronted,,,,,
1041,1134,730,avibase-02C6C2ED,756,Passeriformes,Laniidae,Eurocephalus,anguitimens,Shrikes,Shrike,Southern White-crowned,,,,,
1656,1267,731,avibase-967545BC,741,Passeriformes,Malaconotidae,Nilaus,afer,Bushshrikes,,Brubru,,,,,
1327,1250,732,avibase-EA283BA8,0,Passeriformes,Malaconotidae,Laniarius,fuelleborni,Bushshrikes,Boubou,Fülleborn's,,,,,
2293,1585,733,avibase-94A44032,757,Passeriformes,Sturnidae,Sturnus,vulgaris,"Starlings, Rhabdornis",Starling,Common,,,,,
18,1532,734,avibase-F23A2F38,758,Passeriformes,Sturnidae,Acridotheres,tristis,"Starlings, Rhabdornis",Myna,Common,,,,,
800,1537,735,avibase-9D95139B,760,Passeriformes,Sturnidae,Creatophora,cinerea,"Starlings, Rhabdornis",Starling,Wattled,,,,,
594,1536,736,avibase-B1A3AF6C,761,Passeriformes,Sturnidae,Cinnyricinclus,leucogaster,"Starlings, Rhabdornis",Starling,Violet-backed,,,,,
1308,1554,737,avibase-57BBB7F1,764,Passeriformes,Sturnidae,Lamprotornis,nitens,"Starlings, Rhabdornis",Starling,Cape,,,,,
1301,1549,738,avibase-7DDB347E,765,Passeriformes,Sturnidae,Lamprotornis,chalybaeus,"Starlings, Rhabdornis",Starling,Greater Blue-eared,,,,,
1303,1550,739,avibase-951890AD,766,Passeriformes,Sturnidae,Lamprotornis,elisabeth,,Starling,Miombo Blue-eared,Lumped,"with #7863 Lesser Blue-eared Starling, delete also duplicate #2782",,,
1657,1551,740,avibase-40781028,768,Passeriformes,Sturnidae,Notopholia,corrusca,"Starlings, Rhabdornis",Starling,Black-bellied,,,,,
1295,1545,741,avibase-D5703E7A,767,Passeriformes,Sturnidae,Lamprotornis,acuticaudus,"Starlings, Rhabdornis",Starling,Sharp-tailed,,,,,
1307,1553,742,avibase-69598630,763,Passeriformes,Sturnidae,Lamprotornis,mevesii,"Starlings, Rhabdornis",Starling,Meves's,,,,,
1297,1546,743,avibase-996AF595,762,Passeriformes,Sturnidae,Lamprotornis,australis,"Starlings, Rhabdornis",Starling,Burchell's,,,,,
1698,1570,744,avibase-975D0D5D,770,Passeriformes,Sturnidae,Onychognathus,nabouroup,"Starlings, Rhabdornis",Starling,Pale-winged,,,,,
1697,1569,745,avibase-508D5CA2,769,Passeriformes,Sturnidae,Onychognathus,morio,"Starlings, Rhabdornis",Starling,Red-winged,,,,,
1298,1582,746,avibase-C244BE28,759,Passeriformes,Sturnidae,Lamprotornis,bicolor,"Starlings, Rhabdornis",Starling,Pied,,,,,
356,1533,747,avibase-5D970425,771,Passeriformes,Sturnidae,Buphagus,africanus,"Starlings, Rhabdornis",Oxpecker,Yellow-billed,,,,,
357,1534,748,avibase-7471E71D,772,Passeriformes,Sturnidae,Buphagus,erythrorynchus,"Starlings, Rhabdornis",Oxpecker,Red-billed,,,,,
2029,2257,749,avibase-AEE09552,773,Passeriformes,Promeropidae,Promerops,cafer,Sugarbirds,Sugarbird,Cape,,,,,
2030,2258,750,avibase-EDEE3E5C,774,Passeriformes,Promeropidae,Promerops,gurneyi,Sugarbirds,Sugarbird,Gurney's,,,,,
1610,2216,751,avibase-26F27894,775,Passeriformes,Nectariniidae,Nectarinia,famosa,Sunbirds,Sunbird,Malachite,,,,,
1612,2222,752,avibase-D4F9B273,776,Passeriformes,Nectariniidae,Nectarinia,kilimensis,Sunbirds,Sunbird,Bronzy,,,,,
133,2188,753,avibase-02B06535,777,Passeriformes,Nectariniidae,Anthobaphes,violacea,Sunbirds,Sunbird,Orange-breasted,,,,,
606,2213,754,avibase-1F21FFE9,778,Passeriformes,Nectariniidae,Cinnyris,cupreus,Sunbirds,Sunbird,Copper,,,,,
617,2225,755,avibase-5AC9F737,779,Passeriformes,Nectariniidae,Cinnyris,mariquensis,Sunbirds,Sunbird,Marico,,,,,
597,2203,756,avibase-71C72002,780,Passeriformes,Nectariniidae,Cinnyris,bifasciatus,Sunbirds,Sunbird,Purple-banded,,,,,
632,2240,757,avibase-109179EB,781,Passeriformes,Nectariniidae,Cinnyris,shelleyi,Sunbirds,Sunbird,Shelley's,,,,,
595,2201,758,avibase-E47FCBF7,785,Passeriformes,Nectariniidae,Cinnyris,afer,Sunbirds,Sunbird,Greater  Double-collared,,,,,
616,2224,759,avibase-4E7287C8,784,Passeriformes,Nectariniidae,Cinnyris,manoensis,Sunbirds,Sunbird,Eastern Miombo,,,,,
600,2207,760,avibase-679F9748,783,Passeriformes,Nectariniidae,Cinnyris,chalybeus,Sunbirds,Sunbird,Southern  Double-collared,,,,,
622,2228,761,avibase-942E8A93,782,Passeriformes,Nectariniidae,Cinnyris,neergaardi,Sunbirds,Sunbird,Neergaard's,,,,,
640,2247,762,avibase-8E9E45B5,786,Passeriformes,Nectariniidae,Cinnyris,venustus,Sunbirds,Sunbird,Variable,,,,,
636,2244,763,avibase-8D3818DB,787,Passeriformes,Nectariniidae,Cinnyris,talatala,Sunbirds,Sunbird,White-bellied,,,,,
610,2217,764,avibase-427683B4,788,Passeriformes,Nectariniidae,Cinnyris,fuscus,Sunbirds,Sunbird,Dusky,,,,,
877,2248,765,avibase-C1CBA33A,789,Passeriformes,Nectariniidae,Cyanomitra,veroxii,Sunbirds,Sunbird,Grey,,,,,
875,2252,766,avibase-EE79A5EF,790,Passeriformes,Nectariniidae,Cyanomitra,olivacea,Sunbirds,Sunbird,Olive,,,,,
618,2226,767,avibase-EF6101F4,0,Passeriformes,Nectariniidae,Cinnyris,mediocris,Sunbirds,Sunbird,Eastern  Double-collared,,,,,
146,2179,769,avibase-67F06823,794,Passeriformes,Paridae,Anthreptes,reichenowi,Sunbirds,Sunbird,Plain-backed,,,,,
143,2174,770,avibase-857DCDD5,795,Passeriformes,Paridae,Anthreptes,longuemarei,Sunbirds,Sunbird,Western Violet-backed,,,,,
1186,2166,771,avibase-1611F295,793,Passeriformes,Nectariniidae,Hedydipna,collaris,Sunbirds,Sunbird,Collared,,,,,
530,2190,772,avibase-B022292C,792,Passeriformes,Nectariniidae,Chalcomitra,amethystina,Sunbirds,Sunbird,Amethyst,,,,,
535,2195,774,avibase-0059A2E0,791,Passeriformes,Nectariniidae,Chalcomitra,senegalensis,Sunbirds,Sunbird,Scarlet-chested,,,,,
841,2631,778,avibase-580A93C2,0,Passeriformes,Fringillidae,Crithagra,striolata,Finches,Seedeater,Streaky,,,,,
337,2297,779,avibase-9EB53638,798,Passeriformes,Ploceidae,Bubalornis,niger,"Weavers, Widowbirds",Weaver,Red-billed Buffalo,,,,,
1892,2433,780,avibase-94C71DF6,799,Passeriformes,Ploceidae,Plocepasser,mahali,"Old World Sparrows, Snowfinches",Sparrow-Weaver,White-browed,,,,,
1893,2434,782,avibase-B8B882AE,0,Passeriformes,Ploceidae,Plocepasser,rufoscapulatus,"Old World Sparrows, Snowfinches",Sparrow-Weaver,Chestnut-backed,,,,,
1811,2430,783,avibase-7799DC8B,800,Passeriformes,Ploceidae,Philetairus,socius,"Old World Sparrows, Snowfinches",Weaver,Sociable,,,,,
1757,2411,784,avibase-240E3390,801,Passeriformes,Passeridae,Passer,domesticus,"Old World Sparrows, Snowfinches",Sparrow,House,,,,,
1769,2423,785,avibase-3E2EFDA6,802,Passeriformes,Passeridae,Passer,motitensis,"Old World Sparrows, Snowfinches",Sparrow,Great,,,,,
1766,2420,786,avibase-DEE88DF6,803,Passeriformes,Passeridae,Passer,melanurus,"Old World Sparrows, Snowfinches",Sparrow,Cape,,,,,
1163,2429,788,avibase-E323BF95,805,Passeriformes,Passeridae,Gymnoris,superciliaris,"Old World Sparrows, Snowfinches",Sparrow,Yellow-throated Bush,,,,,
2248,2519,789,avibase-49802951,806,Passeriformes,Ploceidae,Sporopipes,squamifrons,"Old World Sparrows, Snowfinches",Weaver,Scaly-feathered,,,,,
1906,2451,790,avibase-70312286,808,Passeriformes,Ploceidae,Ploceus,bicolor,"Weavers, Widowbirds",Weaver,Dark-backed,,,,,
1935,2476,791,avibase-CA4839B2,810,Passeriformes,Ploceidae,Ploceus,ocularis,"Weavers, Widowbirds",Weaver,Spectacled,,,,,
1922,2465,792,avibase-E069A0BB,815,Passeriformes,Ploceidae,Ploceus,intermedius,"Weavers, Widowbirds",Weaver,Lesser Masked,,,,,
99,2264,793,avibase-4D19099B,819,Passeriformes,Ploceidae,Anaplectes,rubriceps,"Weavers, Widowbirds",Weaver,Red-headed,,,,,
2170,2594,794,avibase-0147433E,0,Passeriformes,Fringillidae,Rowettia,goughensis,"Buntings, New World Sparrows and allies",Finch,Gough,,,,,
1897,2443,795,avibase-7BB02508,0,Passeriformes,Ploceidae,Ploceus,angolensis,"Weavers, Widowbirds",Weaver,Bar-winged,,,,,
1942,2481,796,avibase-01BFAE61,812,Passeriformes,Ploceidae,Ploceus,rubiginosus,"Weavers, Widowbirds",Weaver,Chestnut,,,,,
1912,2457,797,avibase-E8AA9E1C,811,Passeriformes,Ploceidae,Ploceus,cucullatus,"Weavers, Widowbirds",Weaver,Village,,,,,
1905,2450,798,avibase-42F3647E,0,Passeriformes,Ploceidae,Ploceus,bertrandi,"Weavers, Widowbirds",Weaver,Bertram's,,,,,
1909,2454,799,avibase-9526D2F3,813,Passeriformes,Ploceidae,Ploceus,capensis,"Weavers, Widowbirds",Weaver,Cape,,,,,
1948,2485,800,avibase-86BEAFA6,817,Passeriformes,Ploceidae,Ploceus,subaureus,"Weavers, Widowbirds",Weaver,Eastern Golden,,,,,
1957,2492,801,avibase-2D86B0D2,816,Passeriformes,Ploceidae,Ploceus,xanthops,"Weavers, Widowbirds",Weaver,Holub's Golden,,,,,
1958,2493,802,avibase-E72166BD,818,Passeriformes,Ploceidae,Ploceus,xanthopterus,"Weavers, Widowbirds",Weaver,Southern Brown-throated,,,,,
1954,2490,803,avibase-A36C5049,814,Passeriformes,Ploceidae,Ploceus,velatus,"Weavers, Widowbirds",Weaver,Southern Masked,,,,,
90,2263,804,avibase-C7708C70,807,Passeriformes,Ploceidae,Amblyospiza,albifrons,"Weavers, Widowbirds",Weaver,Thick-billed,,,,,
2143,2509,805,avibase-2B6DE136,821,Passeriformes,Ploceidae,Quelea,quelea,"Weavers, Widowbirds",Quelea,Red-billed,,,,,
2142,2508,806,avibase-F8041931,822,Passeriformes,Ploceidae,Quelea,erythrops,"Weavers, Widowbirds",Quelea,Red-headed,,,,,
2141,2507,807,avibase-9387DC41,0,Passeriformes,Ploceidae,Quelea,cardinalis,"Weavers, Widowbirds",Quelea,Cardinal,,,,,
1029,2336,808,avibase-95F08BC3,824,Passeriformes,Ploceidae,Euplectes,orix,"Weavers, Widowbirds",Red Bishop,Southern,,,,,
1025,2332,809,avibase-7B414273,825,Passeriformes,Ploceidae,Euplectes,hordeaceus,"Weavers, Widowbirds",Red Bishop,Black-winged,,,,,
1020,2327,810,avibase-97A73D9F,827,Passeriformes,Ploceidae,Euplectes,capensis,"Weavers, Widowbirds",Bishop,Yellow,,,,,
1941,2439,811,avibase-A23369E3,0,Passeriformes,Ploceidae,Ploceus,reichardi,"Weavers, Widowbirds",Weaver,Tanzanian Masked,,,,,
1015,2322,812,avibase-4A58452B,826,Passeriformes,Ploceidae,Euplectes,afer,"Weavers, Widowbirds",Bishop,Yellow-crowned,,,,,
1017,2324,813,avibase-26618AA1,831,Passeriformes,Ploceidae,Euplectes,ardens,"Weavers, Widowbirds",Widowbird,Red-collared,,,,,
1016,2323,814,avibase-749E7B3C,829,Passeriformes,Ploceidae,Euplectes,albonotatus,"Weavers, Widowbirds",Widowbird,White-winged,,,,,
1027,2334,815,avibase-F5E0EA0D,830,Passeriformes,Ploceidae,Euplectes,macroura,,Widowbird,Yellow-mantled,,,,,
1019,2326,816,avibase-B08FF959,828,Passeriformes,Ploceidae,Euplectes,axillaris,"Weavers, Widowbirds",Widowbird,Fan-tailed,,,,,
1006,2319,817,avibase-6DD8F10F,0,Passeriformes,Estrildidae,Estrilda,rhodopyga,"Waxbills, Munias and allies",Waxbill,Crimson-rumped,,,,,
1030,2337,818,avibase-3153FE22,832,Passeriformes,Ploceidae,Euplectes,progne,"Weavers, Widowbirds",Widowbird,Long-tailed,,,,,
2130,2499,819,avibase-A24ED820,837,Passeriformes,Estrildidae,Pyrenestes,minor,"Waxbills, Munias and allies",Seedcracker,Lesser,,,,,
82,2259,820,avibase-13BE59E4,856,Passeriformes,Estrildidae,Amadina,erythrocephala,"Waxbills, Munias and allies",Finch,Red-headed,,,,,
84,2260,821,avibase-CDDA63E0,855,Passeriformes,Estrildidae,Amadina,fasciata,"Waxbills, Munias and allies",Finch,Cut-throat,,,,,
1394,2512,822,avibase-64E386FE,859,Passeriformes,Estrildidae,Lonchura,fringilloides,,Mannikin,Magpie,,,,,
1393,2511,823,avibase-142E4CB7,857,Passeriformes,Estrildidae,Lonchura,cucullata,,Mannikin,Bronze,,,,,
1395,2510,824,avibase-E358EC8A,858,Passeriformes,Estrildidae,Lonchura,nigriceps,,Mannikin,Red-backed,,,,,
713,2305,825,avibase-7CB6CE7B,850,Passeriformes,Estrildidae,Coccopygia,melanotis,,Waxbill,Swee,,,,,
714,2306,826,avibase-B9BE800C,851,Passeriformes,Estrildidae,Coccopygia,quartinia,,Waxbill,Yellow-bellied,,,,,
1461,2381,827,avibase-1A6B766A,835,Passeriformes,Estrildidae,Mandingoa,nitidula,"Waxbills, Munias and allies",Twinspot,Green,,,,,
852,2301,828,avibase-E034D9D9,836,Passeriformes,Estrildidae,Cryptospiza,reichenovii,"Waxbills, Munias and allies",Crimsonwing,Red-faced,,,,,
2136,2503,829,avibase-6A1ED1C2,833,Passeriformes,Estrildidae,Pytilia,afra,"Waxbills, Munias and allies",Pytilia,Orange-winged,,,,,
2139,2505,830,avibase-01A3BE3C,834,Passeriformes,Estrildidae,Pytilia,melba,"Waxbills, Munias and allies",Pytilia,Green-winged,,,,,
1229,2348,831,avibase-7970DC5F,838,Passeriformes,Estrildidae,Hypargos,margaritatus,"Waxbills, Munias and allies",Twinspot,Pink-throated,,,,,
1230,2349,832,avibase-50490520,839,Passeriformes,Estrildidae,Hypargos,niveoguttatus,"Waxbills, Munias and allies",Twinspot,Red-throated,,,,,
1289,2358,833,avibase-A6034D7F,840,Passeriformes,Estrildidae,Lagonosticta,rubricata,"Waxbills, Munias and allies",Firefinch,African,,,,,
837,2619,834,avibase-DE9A742B,0,Passeriformes,Fringillidae,Crithagra,reichardi,,Seedeater,Reichard's,,,,,
1288,2357,835,avibase-871F32D9,841,Passeriformes,Estrildidae,Lagonosticta,rhodopareia,"Waxbills, Munias and allies",Firefinch,Jameson's,,,,,
1286,2355,836,avibase-995975D1,843,Passeriformes,Estrildidae,Lagonosticta,nitidula,"Waxbills, Munias and allies",Firefinch,Brown,,,,,
1292,2360,837,avibase-B4A4E4BF,842,Passeriformes,Estrildidae,Lagonosticta,senegala,"Waxbills, Munias and allies",Firefinch,Red-billed,,,,,
86,2262,838,avibase-ECC40D44,854,Passeriformes,Estrildidae,Amandava,subflava,"Waxbills, Munias and allies",Waxbill,Orange-breasted,,,,,
2494,2522,839,avibase-B40A6BCD,844,Passeriformes,Estrildidae,Uraeginthus,angolensis,"Waxbills, Munias and allies",Waxbill,Blue,,,,,
2497,2521,840,avibase-E247988F,845,Passeriformes,Estrildidae,Uraeginthus,granatinus,,Waxbill,Violet-eared,,,,,
335,2314,841,avibase-842FF43C,847,Passeriformes,Estrildidae,Brunhilda,erythronotos,"Waxbills, Munias and allies",Waxbill,Black-faced,,,,,
1140,2318,842,avibase-BC75EA9A,848,Passeriformes,Estrildidae,Glaucestrilda,perreini,"Waxbills, Munias and allies",Waxbill,Grey,,,,,
997,2311,843,avibase-61CB98C0,846,Passeriformes,Estrildidae,Estrilda,astrild,"Waxbills, Munias and allies",Waxbill,Common,,,,,
1719,2399,844,avibase-8E5252EB,852,Passeriformes,Estrildidae,Ortygospiza,atricollis,"Waxbills, Munias and allies",,Quailfinch,,"Keep this, delete #9245","If SBAP2 keeps it, we will keep it",,
1747,2400,845,avibase-EF6293B7,853,Passeriformes,Estrildidae,Paludipasser,locustella,,Finch,Locust,,,,,
2532,2537,846,avibase-673E66F0,860,Passeriformes,Viduidae,Vidua,macroura,"Indigobirds, Whydahs",Whydah,Pin-tailed,,,,,
2540,2543,847,avibase-019E8CA3,861,Passeriformes,Viduidae,Vidua,regia,"Indigobirds, Whydahs",Whydah,Shaft-tailed,,,,,
915,1053,848,avibase-D93548A7,0,Ciconiiformes,Diomedeidae,Diomedea,amsterdamensis,Albatrosses,Albatross,Amsterdam,,,,,
2528,2534,849,avibase-49EF9657,864,Passeriformes,Viduidae,Vidua,funerea,"Indigobirds, Whydahs",Indigobird,Dusky,,,,,
2538,2541,850,avibase-2AA13F1D,865,Passeriformes,Viduidae,Vidua,purpurascens,"Indigobirds, Whydahs",Indigobird,Purple,,,,,
2525,2532,851,avibase-BA01A793,867,Passeriformes,Viduidae,Vidua,chalybeata,"Indigobirds, Whydahs",Indigobird,Village,,,,,
2537,2540,852,avibase-ACF0F1A2,862,Passeriformes,Viduidae,Vidua,paradisaea,"Indigobirds, Whydahs",Whydah,Long-tailed Paradise,,,,,
2535,2538,853,avibase-C1A42CCA,863,Passeriformes,Viduidae,Vidua,obtusa,"Indigobirds, Whydahs",Whydah,Broad-tailed Paradise,,,,,
124,2265,854,avibase-C97A5C39,820,Passeriformes,Viduidae,Anomalospiza,imberbis,"Indigobirds, Whydahs",,Cuckoo-finch,,,,,
844,2586,855,avibase-0B5B5E28,874,Passeriformes,Fringillidae,Crithagra,totta,,Siskin,Cape,,,,,
843,2587,856,avibase-875794B9,875,Passeriformes,Fringillidae,Crithagra,symonsi,,Siskin,Drakensberg,,,,,
2211,2608,857,avibase-E6C3FA67,872,Passeriformes,Fringillidae,Serinus,canicollis,Finches,Canary,Cape,,,,,
840,2629,858,avibase-994D87C2,873,Passeriformes,Fringillidae,Crithagra,scotops,,Canary,Forest,,,,,
836,2625,859,avibase-169B483C,869,Passeriformes,Fringillidae,Crithagra,mozambica,,Canary,Yellow-fronted,,,,,
815,2606,860,avibase-D12CDD0F,870,Passeriformes,Fringillidae,Crithagra,atrogularis,,Canary,Black-throated,,,,,
2209,2603,861,avibase-CA9E354B,876,Passeriformes,Fringillidae,Serinus,alario,Finches,Canary,Black-headed,,,,,
2094,1097,862,avibase-7C787E7D,25,Ciconiiformes,Procellariidae,Pterodroma,lessonii,"Petrels, Shearwaters",Petrel,White-headed,,,,,
842,2632,863,avibase-53A5E91F,877,Passeriformes,Fringillidae,Crithagra,sulphurata,,Canary,Brimstone,,,,,
557,699,864,avibase-62AC9C19,899,Charadriiformes,Chionidae,Chionis,albus,Sheathbills,Sheathbill,Snowy,,,,,
813,2604,865,avibase-294A70CC,879,Passeriformes,Fringillidae,Crithagra,albogularis,,Canary,White-throated,,,,,
826,2617,866,avibase-4746346C,878,Passeriformes,Fringillidae,Crithagra,flaviventris,,Canary,Yellow,,,,,
828,2618,867,avibase-12E75955,881,Passeriformes,Fringillidae,Crithagra,gularis,,Seedeater,Streaky-headed,,,,,
835,2624,868,avibase-D5454426,882,Passeriformes,Fringillidae,Crithagra,mennelli,,Seedeater,Black-eared,,,,,
831,2621,869,avibase-D403BDAF,880,Passeriformes,Fringillidae,Crithagra,leucoptera,,Canary,Protea,,,,,
1097,2575,870,avibase-6364E4A5,868,Passeriformes,Fringillidae,Fringilla,coelebs,Finches,Chaffinch,Eurasian,,,,,
959,2565,871,avibase-6D102D72,887,Passeriformes,Fringillidae,Emberiza,impetuani,"Buntings, New World Sparrows and allies",Bunting,Lark-like,,,,,
968,2574,872,avibase-0C571D99,886,Passeriformes,Fringillidae,Emberiza,tahapisi,"Buntings, New World Sparrows and allies",Bunting,Cinnamon-breasted,,,,,
952,2558,873,avibase-DE27F1FA,885,Passeriformes,Fringillidae,Emberiza,capensis,"Buntings, New World Sparrows and allies",Bunting,Cape,,,,,
956,2563,874,avibase-D1C1A026,884,Passeriformes,Fringillidae,Emberiza,flaviventris,"Buntings, New World Sparrows and allies",Bunting,Golden-breasted,,,,,
949,2556,875,avibase-45059BE8,883,Passeriformes,Fringillidae,Emberiza,cabanisi,"Buntings, New World Sparrows and allies",Bunting,Cabanis's,,,,,
1815,1086,876,avibase-1819ECCE,16,Ciconiiformes,Diomedeidae,Phoebetria,palpebrata,Albatrosses,Albatross,Light-mantled,,,,,
2390,1121,877,avibase-53518617,20,Ciconiiformes,Procellariidae,Thalassoica,antarctica,"Petrels, Shearwaters",Petrel,Antarctic,,,,,
1743,1077,878,avibase-A819451A,4152,Ciconiiformes,Procellariidae,Pachyptila,salvini,"Petrels, Shearwaters",Prion,Salvin's,,,,,
1744,1078,879,avibase-ED1DDABB,31,Ciconiiformes,Procellariidae,Pachyptila,turtur,"Petrels, Shearwaters",Prion,Fairy,,,,,
1740,1074,880,avibase-0D885A80,30,Ciconiiformes,Procellariidae,Pachyptila,belcheri,"Petrels, Shearwaters",Prion,Slender-billed,,,,,
235,1104,881,avibase-08F22F84,36,Ciconiiformes,Procellariidae,Ardenna,carneipes,,Shearwater,Flesh-footed,,,,,
240,978,883,avibase-EA2C460A,73,Ciconiiformes,Ardeidae,Ardeola,idae,"Herons, Bitterns",Pond Heron,Malagasy,,,,,
882,100,884,avibase-694C127A,98,Anseriformes,Anatidae,Cygnus,olor,"Ducks, Geese and Swans",Swan,Mute,,,,,
116,76,885,avibase-F577BA0F,110,Anseriformes,Anatidae,Anas,querquedula,,,Garganey,,,,,
100,63,886,avibase-56CCA717,109,Anseriformes,Anatidae,Anas,acuta,"Ducks, Geese and Swans",Pintail,Northern,,,,,
1063,929,887,avibase-9A4AA945,176,Falconiformes,Falconidae,Falco,fasciinucha,"Caracaras, Falcons",Falcon,Taita,,,,,
1059,925,888,avibase-BD34FDFD,175,Falconiformes,Falconidae,Falco,concolor,"Caracaras, Falcons",Falcon,Sooty,,,,,
1054,920,889,avibase-3F2BA4F7,184,Falconiformes,Falconidae,Falco,ardosiaceus,"Caracaras, Falcons",Kestrel,Grey,,,,,
203,1031,890,avibase-58848B71,0,Ciconiiformes,Spheniscidae,Aptenodytes,forsteri,Penguins,Penguin,Emperor,,,,,
2181,627,891,avibase-32CE9C63,0,Gruiformes,Rallidae,Sarothrura,lugens,"Rails, Crakes and Coots",Flufftail,Chestnut-headed,,,,,
2178,624,892,avibase-EBA9F2C4,219,Gruiformes,Rallidae,Sarothrura,boehmi,"Rails, Crakes and Coots",Flufftail,Streaky-breasted,,,,,
2001,612,893,avibase-72A4F8EB,225,Gruiformes,Rallidae,Porphyrio,martinica,"Rails, Crakes and Coots",Gallinule,Purple,,,,,
1171,721,894,avibase-ED663165,243,Charadriiformes,Haematopodidae,Haematopus,ostralegus,Oystercatchers,Oystercatcher,Eurasian,,,,,
411,658,895,avibase-ACC99F35,279,Charadriiformes,Scolopacidae,Calidris,melanotos,"Sandpipers, Snipes",Sandpiper,Pectoral,,,,,
404,652,896,avibase-15369E8E,273,Charadriiformes,Scolopacidae,Calidris,alpina,"Sandpipers, Snipes",,Dunlin,,,,,
415,661,897,avibase-BBDF2F1B,276,Charadriiformes,Scolopacidae,Calidris,ruficollis,"Sandpipers, Snipes",Stint,Red-necked,,,,,
1138,751,898,avibase-AC0F25BB,0,Charadriiformes,Glareolidae,Glareola,ocularis,"Coursers, Pratincoles",Pratincole,Madagascan,,,,,
1241,787,900,avibase-A7F240E3,0,Charadriiformes,Laridae,Ichthyaetus,leucophthalmus,,Gull,White-eyed,,,,,
2544,793,901,avibase-86182656,318,Charadriiformes,Laridae,Xema,sabini,,Gull,Sabine's,,,,,
1121,810,902,avibase-87168739,321,Charadriiformes,Laridae,Gelochelidon,nilotica,,Tern,Gull-billed,,,,,
563,767,903,avibase-115AF02D,337,Charadriiformes,Laridae,Chlidonias,niger,"Gulls, Terns and Skimmers",Tern,Black,,,,,
2194,415,904,avibase-8439A6E7,420,Apodiformes,Apodidae,Schoutedenapus,myoptilus,Swifts,Swift,Scarce,,,,,
1981,202,905,avibase-5238FF10,472,Piciformes,Lybiidae,Pogoniulus,simplex,African Barbets,Tinkerbird,Green,,,,,
1263,128,906,avibase-5B74A911,477,Piciformes,Indicatoridae,Indicator,meliphilus,Honeyguides,Honeyguide,Pallid,,,,,
449,150,907,avibase-C5585051,482,Piciformes,Picidae,Campethera,scriptoricauda,Woodpeckers,Woodpecker,Speckle-throated,,,,,
1807,1644,908,avibase-6C7BEEC6,535,Passeriformes,Hirundinidae,Phedina,borbonica,"Swallows, Martins",Martin,Mascarene,,,,,
1711,1271,909,avibase-4321596C,546,Passeriformes,Oriolidae,Oriolus,chlorocephalus,"Figbirds, Orioles",Oriole,Green-headed,,,,,
588,1368,910,avibase-A27D752A,604,Passeriformes,Muscicapidae,Cichladusa,ruficauda,"Chats, Old World Flycatchers (320)",Thrush,Rufous-tailed Palm,,,,,
31,1912,911,avibase-3F0EE474,630,Passeriformes,Sylviidae,Acrocephalus,scirpaceus,Sylviid Babblers,Warbler,Eurasian Reed [x],,"Retired, replaced by #14242",,,
29,1910,912,avibase-C8857CC8,636,Passeriformes,Sylviidae,Acrocephalus,rufescens,Sylviid Babblers,Warbler,Greater Swamp,,,,,
2331,2060,913,avibase-A9030503,650,Passeriformes,Sylviidae,Sylvietta,whytii,Sylviid Babblers,Crombec,Red-faced,,,,,
2329,2058,914,avibase-98D10978,652,Passeriformes,Sylviidae,Sylvietta,ruficapilla,Sylviid Babblers,Crombec,Red-capped,,,,,
695,1832,915,avibase-89A3C105,676,Passeriformes,Cisticolidae,Cisticola,pipiens,Cisticolas and allies,Cisticola,Chirping,,,,,
1707,1853,916,avibase-0B870352,4145,Passeriformes,Cisticolidae,Oreophilais,robertsi,,Warbler,Roberts's,,,,,
1076,1389,917,avibase-0B2F8058,692,Passeriformes,Muscicapidae,Ficedula,albicollis,"Chats, Old World Flycatchers (320)",Flycatcher,Collared,,,,,
1357,1153,918,avibase-94A446EA,734,Passeriformes,Laniidae,Lanius,souzae,Shrikes,Shrike,Souza's,,,,,
1936,2477,919,avibase-6B5D78CE,809,Passeriformes,Ploceidae,Ploceus,olivaceiceps,"Weavers, Widowbirds",Weaver,Olive-headed,,,,,
1141,2320,920,avibase-3161DF72,849,Passeriformes,Estrildidae,Glaucestrilda,thomensis,"Waxbills, Munias and allies",Waxbill,Cinderella,,,,,
821,2612,921,avibase-238953D9,871,Passeriformes,Fringillidae,Crithagra,citrinipectus,,Canary,Lemon-breasted,,,,,
1960,724,922,avibase-2143A852,894,Charadriiformes,Charadriidae,Pluvialis,dominica,Plovers,Plover,American Golden,,,,,
504,328,923,avibase-B8D42059,379,Cuculiformes,Cuculidae,Cercococcyx,montanus,Cuckoos,Cuckoo,Barred Long-tailed,,,,,
2167,794,925,avibase-FB4D08F0,320,Charadriiformes,Laridae,Rissa,tridactyla,"Gulls, Terns and Skimmers",Kittiwake,Black-legged,,,,,
417,693,926,avibase-3A3C62BC,282,Charadriiformes,Scolopacidae,Calidris,subruficollis,,Sandpiper,Buff-breasted,,,,,
181,1764,927,avibase-F3D1150D,646,Passeriformes,Cisticolidae,Apalis,chirindensis,Cisticolas and allies,Apalis,Chirinda,,,,,
158,2278,928,avibase-B855F1E4,901,Passeriformes,Motacillidae,Anthus,hoeschi,"Wagtails, Pipits",Pipit,Mountain,,,,,
1806,683,929,avibase-667C6969,293,Charadriiformes,Scolopacidae,Phalaropus,tricolor,"Sandpipers, Snipes",Phalarope,Wilson's,,,,,
2257,796,930,avibase-1D446440,308,Charadriiformes,Laridae,Stercorarius,longicaudus,Skuas,Jaeger,Long-tailed,,,,,
1359,771,931,avibase-F002188E,314,Charadriiformes,Laridae,Larus,argentatus,"Gulls, Terns and Skimmers",Herring Gull,European,,,,,
1377,791,932,avibase-57C93A74,317,Charadriiformes,Laridae,Leucophaeus,pipixcan,"Gulls, Terns and Skimmers",Gull,Franklin's,,,,,
581,792,933,avibase-FB02DD96,319,Charadriiformes,Laridae,Chroicocephalus,ridibundus,"Gulls, Terns and Skimmers",Gull,Black-headed,,,,,
2127,1038,934,avibase-4A947BE7,0,Ciconiiformes,Spheniscidae,Pygoscelis,adeliae,Penguins,Penguin,Adelie,,,,,
2388,809,935,avibase-719935EF,323,Charadriiformes,Laridae,Thalasseus,maximus,,Tern,Royal,,,,,
1703,800,936,avibase-E6518B9D,333,Charadriiformes,Laridae,Onychoprion,anaethetus,,Tern,Bridled,,,,,
2267,815,937,avibase-9D6704AC,331,Charadriiformes,Laridae,Sterna,sumatrana,"Gulls, Terns and Skimmers",Tern,Black-naped,,,,,
2266,812,938,avibase-CF5C013D,336,Charadriiformes,Laridae,Sterna,repressa,"Gulls, Terns and Skimmers",Tern,White-cheeked,,,,,
127,761,939,avibase-03F9EB15,341,Charadriiformes,Laridae,Anous,tenuirostris,"Gulls, Terns and Skimmers",Noddy,Lesser,,,,,
729,532,940,avibase-533DD36C,348,Columbiformes,Columbidae,Columba,livia,"Pigeons, Doves",Dove,Rock,,,,,
2050,393,941,avibase-6B1CFC3C,366,Psittaciformes,Psittacidae,Psittacula,krameri,African & New World Parrots,Parakeet,Rose-ringed,,,,,
2350,431,942,avibase-2C7BA3A6,372,Musophagiformes,Musophagidae,Tauraco,rossae,Turacos,Turaco,Ross's,,,,,
2128,1039,943,avibase-75B943A3,0,Ciconiiformes,Spheniscidae,Pygoscelis,antarcticus,,Penguin,Chinstrap,,,,,
201,265,944,avibase-2F2CB724,0,Trogoniformes,Trogonidae,Apaloderma,vittatum,Trogons,Trogon,Bar-tailed,,,,,
2665,1676,945,avibase-9972FC86,0,Passeriformes,Pycnonotidae,Andropadus,importunus insularis,Bulbuls,Greenbul,Zanzibar Sombre ,,,,,
536,1340,946,avibase-4ACA4C5C,605,Passeriformes,Muscicapidae,Chamaetylas,fuelleborni,,Alethe,White-chested,,,,,
1864,2021,947,avibase-572C4C7F,0,Passeriformes,Sylviidae,Phylloscopus,sibilatrix,Sylviid Babblers,Warbler,Wood,,,,,
23,1904,949,avibase-0D42A253,629,Passeriformes,Sylviidae,Acrocephalus,griseldis,Sylviid Babblers,Warbler,Basra Reed,,,,,
202,1064,950,avibase-62797BD3,27,Ciconiiformes,Procellariidae,Aphrodroma,brevirostris,,Petrel,Kerguelen,,,,,
2088,1091,951,avibase-8116523B,0,Ciconiiformes,Procellariidae,Pterodroma,arminjoniana,"Petrels, Shearwaters",Petrel,Trindade,,,,,
1795,950,953,avibase-7EE005BD,0,Ciconiiformes,Phaethontidae,Phaethon,aethereus,Tropicbirds,Tropicbird,Red-billed,,,,,
2064,30,954,avibase-F5A73AAA,0,Galliformes,Phasianidae,Pternistis,hildebrandti,Pheasants and allies,Spurfowl,Hildebrandt's,,,,,
541,707,955,avibase-35EC3BBF,0,Charadriiformes,Charadriidae,Charadrius,dubius,Plovers,Plover,Little Ringed,,"Thinornis dubius, new Genus",,,
542,708,956,avibase-4EBB9A28,0,Charadriiformes,Charadriidae,Charadrius,forbesi,Plovers,Plover,Forbes's,,"Thinornis forbesi, new Genus",,,
1108,665,957,avibase-9151E0BA,0,Charadriiformes,Scolopacidae,Gallinago,gallinago,"Sandpipers, Snipes",Snipe,Common,,,,,
2129,1040,958,avibase-F2B3BF2A,0,Ciconiiformes,Spheniscidae,Pygoscelis,papua,Penguins,Penguin,Gentoo,,,,,
71,285,959,avibase-A376DE65,0,Coraciiformes,Alcedinidae,Alcedo,quadribrachys,Kingfishers,Kingfisher,Shining-blue,,,,,
1419,186,960,avibase-BCA0F974,0,Piciformes,Lybiidae,Lybius,leucocephalus,African Barbets,Barbet,White-headed,,,,,
239,1111,961,avibase-60825BF6,0,Ciconiiformes,Procellariidae,Ardenna,tenuirostris,,Shearwater,Short-tailed,,,,,
488,1626,962,avibase-3690F067,904,Passeriformes,Hirundinidae,Cecropis,daurica,"Swallows, Martins",Swallow,Red-rumped,split,Retire. Replace with #14853 Eastern Red-rumped Swallow,,,
1792,1637,963,avibase-D134B7F0,0,Passeriformes,Hirundinidae,Petrochelidon,rufigula,"Swallows, Martins",Swallow,Red-throated Cliff,,,,,
2034,1655,964,avibase-88AAE3D3,0,Passeriformes,Hirundinidae,Psalidoprocne,albiceps,"Swallows, Martins",Saw-wing,White-headed,,,,,
1834,1723,965,avibase-7CE29E0E,0,Passeriformes,Pycnonotidae,Phyllastrephus,cerviniventris,Bulbuls,Greenbul,Grey-olive,,,,,
1602,1443,966,avibase-B55BADC1,0,Passeriformes,Muscicapidae,Myrmecocichla,nigra,"Chats, Old World Flycatchers (320)",Chat,Sooty,,,,,
2460,1450,967,avibase-C740512D,0,Passeriformes,Turdidae,Turdus,eremita,Thrushes,Thrush,Tristan,,,,,
2711,2580,968,avibase-AED9D220,0,Passeriformes,Emberizidae,Nesospiza,acunhae,,Finch,Inaccessible Island ,,Retire. Its a duplicate. Use #4056 as BL do,,,
2300,2032,969,avibase-61F9065B,965,Passeriformes,Sylviidae,Curruca,atricapilla,Sylviid Babblers,Blackcap,Eurasian,,,,,
2268,816,970,avibase-754993F1,0,Charadriiformes,Laridae,Sterna,virgata,"Gulls, Terns and Skimmers",Tern,Kerguelen,,,,,
1024,2331,971,avibase-59E7ABE5,0,Passeriformes,Ploceidae,Euplectes,hartlaubi,"Weavers, Widowbirds",Widowbird,Marsh,,,,,
416,662,972,avibase-7D629288,275,Charadriiformes,Scolopacidae,Calidris,subminuta,"Sandpipers, Snipes",Stint,Long-toed,,,,,
820,2611,973,avibase-D419E3A5,977,Passeriformes,Fringillidae,Crithagra,citrinelloides,Finches,Citril,African,,,,,
108,71,974,,0,Anseriformes,Anatidae,Anas,erythroryncha/undulata,,Duck,Hybrid Red/Yellow-billed ,,,,,
558,700,975,avibase-7C15B681,0,Charadriiformes,Chionidae,Chionis,minor,Sheathbills,Sheathbill,Black-faced,,,,,
1355,1151,976,avibase-7E70D490,0,Passeriformes,Laniidae,Lanius,senator,Shrikes,Shrike,Woodchat,,,,,
2583,89,978,,4144,Anseriformes,Anatidae,Aythya,hybrid,,Pochard,Hybrid,,,,,
370,860,979,avibase-CC65921F,151,Falconiformes,Accipitridae,Buteo,rufinus,"Kites, Hawks and Eagles",Buzzard,Long-legged,,,,,
74,5,980,avibase-87CBEBF7,187,Galliformes,Phasianidae,Alectoris,chukar,Pheasants and allies,Partridge,Chukar,,,,,
407,670,981,avibase-0A14882F,283,Charadriiformes,Scolopacidae,Calidris,falcinellus,,Sandpiper,Broad-billed,,,,,
938,992,982,avibase-510E9BFA,70,Ciconiiformes,Ardeidae,Egretta,vinaceigula,"Herons, Bitterns",Egret,Slaty,,,,,
1009,1034,983,avibase-2C2BC004,5,Ciconiiformes,Spheniscidae,Eudyptes,chrysolophus,Penguins,Penguin,Macaroni,,,,,
1430,1066,984,avibase-F504C8DE,18,Ciconiiformes,Procellariidae,Macronectes,halli,"Petrels, Shearwaters",Giant Petrel,Northern,,,,,
418,663,985,avibase-5ACF7FB3,280,Charadriiformes,Scolopacidae,Calidris,temminckii,"Sandpipers, Snipes",Stint,Temminck's,,,,,
1778,1082,986,avibase-1838EC86,0,Procellariiformes,Pelecanoididae,Pelecanoides,georgicus,"Petrels, Shearwaters",Petrel,South Georgia Diving,,,,,
204,1032,987,avibase-827A77C7,2,Ciconiiformes,Spheniscidae,Aptenodytes,patagonicus,Penguins,Penguin,King,,,,,
2542,2544,988,avibase-0D1546EC,0,Passeriformes,Viduidae,Vidua,wilsoni,"Indigobirds, Whydahs",Indigobird,Wilson's,,,,,
767,1204,989,avibase-39868903,549,Passeriformes,Corvidae,Corvus,splendens,"Crows, Jays",Crow,House,,,,,
2258,763,990,avibase-7D1A9D5C,311,Charadriiformes,Laridae,Stercorarius,maccormicki,Skuas,Skua,South Polar,,,,,
1741,1075,991,avibase-FF7A685E,0,Ciconiiformes,Procellariidae,Pachyptila,crassirostris,"Petrels, Shearwaters",Prion,Fulmar,,,,,
1062,928,992,avibase-9EA1F12D,177,Falconiformes,Falconidae,Falco,eleonorae,"Caracaras, Falcons",Falcon,Eleonora's,,,,,
1746,1080,993,avibase-BB999943,0,Ciconiiformes,Procellariidae,Pagodroma,nivea,"Petrels, Shearwaters",Petrel,Snow,,,,,
354,1046,994,avibase-058773E4,22,Ciconiiformes,Procellariidae,Bulweria,bulwerii,"Petrels, Shearwaters",Petrel,Bulwer's,,,,,
2616,963,995,avibase-405403BD,0,Ciconiiformes,Phalacrocoracidae,Leucocarbo,atriceps,"Cormorants, Shags",Shag,Imperial,,,,,
2603,610,996,avibase-75F40338,0,Gruiformes,Rallidae,Gallinula,nesiotis †,"Rails, Crakes and Coots",Moorhen,Tristan,,,,,
409,656,997,avibase-153BA306,277,Charadriiformes,Scolopacidae,Calidris,fuscicollis,"Sandpipers, Snipes",Sandpiper,White-rumped,,,,,
1641,2583,998,avibase-DEF2D638,0,Passeriformes,Estrildidae,Nesospiza,wilkinsi,"Buntings, New World Sparrows and allies",Finch,Wilkins's,,,,,
270,600,999,avibase-0712580C,0,Gruiformes,Rallidae,Atlantisia,rogersi,"Rails, Crakes and Coots",Rail,Inaccessible Island ,,,,,
2526,2526,1000,avibase-634F5756,1000,Passeriformes,Viduidae,Vidua,codringtoni,"Indigobirds, Whydahs",Indigobird,Zambezi,,,,,
2376,1114,1002,avibase-F79F09E1,4147,Ciconiiformes,Diomedeidae,Thalassarche,bulleri,Albatrosses,Albatross,Buller's,,,,,
1306,1541,1003,avibase-86BC7EC3,0,Passeriformes,Sturnidae,Lamprotornis,iris,"Starlings, Rhabdornis",Starling,Emerald,,,,,
1826,1474,1004,avibase-06DD9D95,898,Passeriformes,Muscicapidae,Phoenicurus,phoenicurus,"Chats, Old World Flycatchers (320)",Redstart,Common,,,,,
2285,555,1005,avibase-5788552B,897,Columbiformes,Columbidae,Streptopelia,turtur,"Pigeons, Doves",Dove,European Turtle,,,,,
12,830,1006,avibase-DB376A66,0,Falconiformes,Accipitridae,Accipiter,nisus,"Kites, Hawks and Eagles",Sparrowhawk,Eurasian,,,,,
1436,2368,1007,avibase-14CFB78A,0,Passeriformes,Motacillidae,Macronyx,fuelleborni,"Wagtails, Pipits",Longclaw,Fülleborn's,,,,,
2433,687,1008,avibase-6EB81C98,908,Charadriiformes,Scolopacidae,Tringa,melanoleuca,"Sandpipers, Snipes",Yellowlegs,Greater,,,,,
1380,672,1009,avibase-93013964,893,Charadriiformes,Scolopacidae,Limosa,haemastica,"Sandpipers, Snipes",Godwit,Hudsonian,,,,,
1679,1458,1010,avibase-E6C6F746,0,Passeriformes,Muscicapidae,Oenanthe,isabellina,"Chats, Old World Flycatchers (320)",Wheatear,Isabelline,,,,,
355,1047,1011,avibase-F501ED18,0,Ciconiiformes,Procellariidae,Bulweria,fallax,"Petrels, Shearwaters",Petrel,Jouanin's,,,,,
1813,1084,1012,avibase-98FB6D4B,910,Ciconiiformes,Diomedeidae,Phoebastria,immutabilis,Albatrosses,Albatross,Laysan,,,,,
1092,1028,1013,avibase-09ED7E92,0,Ciconiiformes,Fregatidae,Fregata,ariel,Frigatebirds,Frigatebird,Lesser,,,,,
2431,685,1014,avibase-2C7A2673,902,Charadriiformes,Scolopacidae,Tringa,flavipes,"Sandpipers, Snipes",Yellowlegs,Lesser,,,,,
933,987,1015,avibase-11512CF4,930,Ciconiiformes,Ardeidae,Egretta,caerulea,"Herons, Bitterns",Heron,Little Blue,,,,,
114,75,1016,avibase-85625D75,891,Anseriformes,Anatidae,Anas,platyrhynchos,"Ducks, Geese and Swans",,Mallard,,,,,
60,61,1017,avibase-E1714A09,927,Anseriformes,Anatidae,Aix,galericulata,"Ducks, Geese and Swans",Duck,Mandarin,,,,,
2622,1102,1018,avibase-66B9C64F,0,Ciconiiformes,Procellariidae,Puffinus,atrodorsalis,,Shearwater,Mascarene,,,,,
1667,1070,1019,avibase-6AA236DD,0,Ciconiiformes,Hydrobatidae,Oceanodroma,matsudairae,,Storm Petrel,Matsudaira's,,,,,
1058,924,1020,avibase-F3DA111C,0,Falconiformes,Falconidae,Falco,columbarius,"Caracaras, Falcons",,Merlin,,,,,
1776,13,1021,avibase-A8C34DC9,907,Galliformes,Phasianidae,Pavo,cristatus,Pheasants and allies,Peafowl,Indian,,,,,
1077,1390,1022,avibase-6E352E18,0,Passeriformes,Muscicapidae,Ficedula,hypoleuca,"Chats, Old World Flycatchers (320)",Flycatcher,European Pied,,,,,
1690,1469,1023,avibase-2FB34D83,0,Passeriformes,Muscicapidae,Oenanthe,pleschanka,"Chats, Old World Flycatchers (320)",Wheatear,Pied,,,,,
2048,390,1024,avibase-109000B4,0,Psittaciformes,Psittacidae,Psittacula,cyanocephala,African & New World Parrots,Parakeet,Plum-headed,,,,,
1536,899,1025,avibase-451D6FC8,0,Falconiformes,Accipitridae,Milvus,milvus,"Kites, Hawks and Eagles",Kite,Red,,,,,
2296,959,1027,avibase-0A4609D1,0,Ciconiiformes,Sulidae,Sula,sula,"Gannets, Boobies",Booby,Red-footed,,,,,
153,2274,1028,avibase-319D044A,903,Passeriformes,Motacillidae,Anthus,cervinus,"Wagtails, Pipits",Pipit,Red-throated,,,,,
1169,883,1029,avibase-76B512B1,0,Falconiformes,Accipitridae,Gyps,rueppelli,,Vulture,Rüppell's,,,,,
281,1014,1030,avibase-47C7FDFD,0,Pelecaniformes,Balaenicipitidae,Balaeniceps,rex,Shoebill,,Shoebill,,,,,
2518,738,1031,avibase-F5E92B22,0,Charadriiformes,Charadriidae,Vanellus,spinosus,Plovers,Lapwing,Spur-winged,,,,,
85,2261,1032,avibase-F30FC757,0,Passeriformes,Estrildidae,Amandava,amandava,"Waxbills, Munias and allies",Avadavat,Red,,,,,
428,1050,1033,avibase-13B165A3,0,Ciconiiformes,Procellariidae,Calonectris,leucomelas,"Petrels, Shearwaters",Shearwater,Streaked,,,,,
1509,303,1034,avibase-03C4A0C9,905,Coraciiformes,Meropidae,Merops,albicollis,Bee-eaters,Bee-eater,White-throated,,,,,
46,568,1035,avibase-A6720AF5,912,Gruiformes,Otididae,Afrotis,afraoides,Bustards,Korhaan,Northern Black,,,,,
499,364,1036,avibase-4B2A7A35,946,Cuculiformes,Centropodidae,Centropus,superciliosus,Cuckoos,Coucal,White-browed,,,,,
395,2097,1037,avibase-D5272A4C,936,Passeriformes,Alaudidae,Calendulauda,barlowi,,Lark,Barlow's,,,,,
527,1332,1038,avibase-CB9159AF,612,Passeriformes,Chaetopidae,Chaetops,aurantius,Thrushes,Rockjumper,Drakensberg,,,,,
1961,725,1039,avibase-07C11CF3,253,Charadriiformes,Charadriidae,Pluvialis,fulva,Plovers,Plover,Pacific Golden,,,,,
2615,955,1040,,0,Ciconiiformes,Sulidae,Morus,capensis/serrator,,Gannet,Hybrid Cape/Australian,,,,,
2099,1090,1041,avibase-AE186136,0,Ciconiiformes,Procellariidae,Pterodroma,nigripennis,,Petrel,Black-winged,,,,,
2597,391,1042,avibase-69F1E2FC,0,Psittaciformes,Psittacidae,Psittacula,eques,,Parakeet,Echo,,Retire and replaced by #1662,,,
752,1191,1043,avibase-C9ECEF90,0,Passeriformes,Coraciidae,Coracina,typica,Cuckooshrikes,Cuckooshrike,Mauritius,,,,,
2121,1746,1044,avibase-F9E37510,0,Passeriformes,Pycnonotidae,Pycnonotus,jocosus,Bulbuls,Bulbul,Red-whiskered,,,,,
2368,1316,1045,avibase-3E4F1ABF,0,Passeriformes,Monarchidae,Terpsiphone,bourbonnensis,Monarchs,Flycatcher,Mascarene Paradise,,,,,
2682,1879,1046,avibase-68B28107,0,Passeriformes,Zosteropidae,Zosterops,borbonicus,White-eyes,White-eye,Reunion Grey ,,,,,
1082,2343,1047,avibase-F7DFA41B,1047,Passeriformes,Ploceidae,Foudia,madagascariensis,"Weavers, Widowbirds",Fody,Red,,,,,
1084,2345,1048,avibase-2F37FD05,1048,Passeriformes,Ploceidae,Foudia,rubra,"Weavers, Widowbirds",Fody,Mauritius,,,,,
2008,1860,1049,avibase-36261312,941,Passeriformes,Cisticolidae,Prinia,hypoxantha,Cisticolas and allies,Prinia,Drakensberg,,,,,
1420,187,1050,avibase-724266B4,0,Piciformes,Lybiidae,Lybius,melanopterus,,Barbet,Brown-breasted,,,,,
2692,2110,1051,avibase-FC0A1D95,0,Passeriformes,Alaudidae,Eremophila,alpestris,,Lark,Horned,,retire replaced by #3946 this used by BL,retired,,
421,1401,1052,avibase-95418926,0,Passeriformes,Muscicapidae,Calliope,pectoralis,"Chats, Old World Flycatchers (320)",Rubythroat,Himalayan,,,,,
1574,2387,1053,avibase-5B0295C1,916,Passeriformes,Motacillidae,Motacilla,citreola,"Wagtails, Pipits",Wagtail,Citrine,,,,,
1854,2013,1054,avibase-F9F4B04D,0,Passeriformes,Sylviidae,Phylloscopus,collybita,Sylviid Babblers,Chiffchaff,Common,,,,,
1851,2009,1055,avibase-E0C31BA6,0,Passeriformes,Sylviidae,Phylloscopus,affinis,Sylviid Babblers,Warbler,Tickell's Leaf,,,,,
2033,2496,1056,avibase-0158561B,0,Passeriformes,Prunellidae,Prunella,rubeculoides,Accentors,Accentor,Robin,,,,,
167,2288,1057,avibase-6137BE25,0,Passeriformes,Motacillidae,Anthus,roseatus,"Wagtails, Pipits",Pipit,Rosy,,,,,
2652,1535,1058,,0,Passeriformes,Sturnidae,Buphagus,africanus/erythrorhynchus,,Oxpecker,Hybrid Yellow/Red-billed,,,,,
2705,2281,1059,avibase-CEAB6D13,920,Passeriformes,Motacillidae,Anthus,vaalensis vaalensis,"Wagtails, Pipits",Pipit,Long-tailed,,,,,
2638,1378,1060,,0,Passeriformes,Muscicapidae,Cossypha,natalensis/dichroa,,Robin-Chat,Hybrid Red-capped/Chorister,,,,,
2607,823,1061,avibase-26AB1AE4,0,Falconiformes,Accipitridae,Accipiter,francesiae griveaudi,,Sparrowhawk,Grand Comoro,,,,,
770,284,1062,avibase-4F94B89C,0,Coraciiformes,Alcedinidae,Corythornis,leucogaster,,Kingfisher,White-bellied,,,,,
1579,1422,1063,avibase-77F0C62C,0,Passeriformes,Muscicapidae,Muscicapa,aquatica,"Chats, Old World Flycatchers (320)",Flycatcher,Swamp,,,,,
325,1926,1064,avibase-8CA1A851,0,Passeriformes,Sylviidae,Bradypterus,carpalis,Sylviid Babblers,Warbler,White-winged Swamp,,,,,
1937,2478,1065,avibase-36C24C3D,0,Passeriformes,Ploceidae,Ploceus,pelzelni,"Weavers, Widowbirds",Weaver,Slender-billed,,,,,
819,2609,1066,avibase-E16846C3,0,Passeriformes,Fringillidae,Crithagra,capistrata,Finches,Canary,Black-faced,,,,,
386,1934,1067,avibase-25F4FE96,0,Passeriformes,Sylviidae,Calamonastides,gracilirostris,Sylviid Babblers,Warbler,Papyrus Yellow,,,,,
878,2254,1068,avibase-6DE16262,0,Passeriformes,Nectariniidae,Cyanomitra,verticalis,Sunbirds,Sunbird,Green-headed,,,,,
1080,2341,1069,avibase-8DE8976D,1069,Passeriformes,Ploceidae,Foudia,eminentissima,"Weavers, Widowbirds",Fody,Comoros,,,,,
1236,1708,1070,avibase-5089E131,0,Passeriformes,Pycnonotidae,Hypsipetes,madagascariensis,Bulbuls,Bulbul,Malagasy,,,,,
905,1207,1071,avibase-0EC8C471,0,Passeriformes,Dicruridae,Dicrurus,aldabranus,Drongos,Drongo,Aldabra,,"Use this, Retire #13631",,,
925,605,1072,avibase-41D9C3F5,0,Passeriformes,Malaconotidae,Dryolimnas,cuvieri,"Rails, Crakes and Coots",Rail,White-throated,,,,,
633,2241,1073,avibase-D7C2EAB8,0,Passeriformes,Nectariniidae,Cinnyris,sovimanga,Sunbirds,Sunbird,Souimanga,,,,,
1639,550,1074,avibase-CDDEA7EB,0,Columbiformes,Columbidae,Nesoenas,picturatus,,Dove,MalagasyTurtle,,,,,
2564,1886,1075,avibase-DA296953,0,Passeriformes,Zosteropidae,Zosterops,maderaspatanus,White-eyes,White-eye,Malagasy,,,,,
2649,1508,1076,,0,Passeriformes,Turdidae,Turdus,olivaceus/libonyana,,Thrush,Hybrid Olive/Kurrichane,,,,,
2270,808,1077,,0,Charadriiformes,Laridae,Sterna,vittata x virgata,,Tern,Hybrid Antarctic x Kerguelen,,,,,
579,781,1078,avibase-27CE7132,926,Charadriiformes,Laridae,Chroicocephalus,genei,"Gulls, Terns and Skimmers",Gull,Slender-billed,,,,,
2377,1115,1079,avibase-65882F71,955,Ciconiiformes,Diomedeidae,Thalassarche,carteri,Albatrosses,Albatross,Indian Yellow-nosed,,,,,
916,1052,1080,avibase-1048BC8A,1080,Ciconiiformes,Diomedeidae,Diomedea,dabbenena,Albatrosses,Albatross,Tristan,,,,,
2383,1113,1081,avibase-25428EB1,1081,Ciconiiformes,Diomedeidae,Thalassarche,salvini,Albatrosses,Albatross,Salvin's,,,,,
1053,919,1082,avibase-36C7BFDE,0,Falconiformes,Falconidae,Falco,araeus,,Kestrel,Seychelles,,,,,
1342,1139,1083,avibase-E4968582,0,Passeriformes,Laniidae,Lanius,cristatus,Shrikes,Shrike,Brown,,,,,
2218,1487,1084,avibase-CD0DE547,0,Passeriformes,Muscicapidae,Sheppardia,bocagei,"Chats, Old World Flycatchers (320)",Akalat,Bocage's,,,,,
786,1385,1085,avibase-0AF8F76D,0,Passeriformes,Muscicapidae,Cossypha,polioptera,"Chats, Old World Flycatchers (320)",Robin-Chat,Grey-winged,,,,,
1833,1722,1086,avibase-3029C547,0,Passeriformes,Pycnonotidae,Phyllastrephus,cabanisi,Bulbuls,Greenbul,Cabanis's,,,,,
2276,1446,1087,avibase-031AC7C9,0,Passeriformes,Turdidae,Stizorhina,fraseri,,Thrush,Fraser's Rufous,,,,,
873,2250,1088,avibase-ED6CD9D5,0,Passeriformes,Nectariniidae,Cyanomitra,bannermani,Sunbirds,Sunbird,Bannerman's,,,,,
1000,2315,1089,avibase-1E79A7D7,0,Passeriformes,Estrildidae,Estrilda,melpoda,"Waxbills, Munias and allies",Waxbill,Orange-cheeked,,,,,
1004,2317,1090,avibase-1066028B,0,Passeriformes,Estrildidae,Estrilda,paludicola,"Waxbills, Munias and allies",Waxbill,Fawn-breasted,,,,,
1860,2018,1091,avibase-A10F5F87,0,Passeriformes,Sylviidae,Phylloscopus,laurae,Sylviid Babblers,Warbler,Laura's Woodland,,,,,
911,1212,1093,avibase-5DEB4565,0,Passeriformes,Dicruridae,Dicrurus,modestus,,Drongo,Velvet-mantled,,,,,
1217,1395,1094,avibase-1D1BD2CA,0,Passeriformes,Sylviidae,Horizorhinus,dohrni,Babblers,Thrush-Babbler,Dohrn's,,,,,
96,2185,1095,avibase-4834AB04,0,Passeriformes,Nectariniidae,Anabathmis,hartlaubii,Sunbirds,Sunbird,Principe,,,,,
1940,2480,1096,avibase-CFC74E20,0,Passeriformes,Ploceidae,Ploceus,princeps,"Weavers, Widowbirds",Weaver,Principe,,,,,
2563,1875,1097,avibase-9A1A058C,0,Passeriformes,Zosteropidae,Zosterops,lugubris,White-eyes,Speirops,Black-capped,,,,,
709,838,1098,avibase-BAC4CA22,0,Falconiformes,Accipitridae,Clanga,clanga,,Eagle,Greater Spotted,,,,,
196,1777,1099,avibase-75E0430B,0,Passeriformes,Cisticolidae,Apalis,rufogularis,Cisticolas and allies,Apalis,Buff-throated,,,,,
1620,1712,1100,avibase-B7F05102,0,Passeriformes,Pycnonotidae,Neolestes,torquatus,Bulbuls,Bulbul,Black-collared,,,,,
551,716,1101,avibase-0E8EC2EA,0,Charadriiformes,Charadriidae,Charadrius,thoracicus,Plovers,Plover,Madagascan,,,,,
1505,378,1102,avibase-D17D101A,0,Psittaciformes,Psittacidae,Melopsittacus,undulatus,African & New World Parrots,,Budgerigar,,Replaces #10019,,,
184,1767,1103,avibase-0190A968,0,Passeriformes,Cisticolidae,Apalis,flavigularis,Cisticolas and allies,Apalis,Yellow-throated,,,,,
2473,1518,1104,avibase-0816917D,963,Passeriformes,Turdidae,Turdus,smithi,,Thrush,Karoo,,,,,
2468,1503,1105,avibase-3A7D7B07,962,Passeriformes,Turdidae,Turdus,olivaceus,Thrushes,Thrush,Olive,,,,,
2688,1930,1106,avibase-8160D091,0,Passeriformes,Sylviidae,Bradypterus,lopezi,,Warbler,Evergreen Forest,,"Retire, same as #652",Retired,,
326,1927,1107,avibase-523913AE,0,Passeriformes,Sylviidae,Bradypterus,cinnamomeus,Sylviid Babblers,Warbler,Cinnamon Bracken,,,,,
79,1338,1108,avibase-ECD2AB67,0,Passeriformes,Muscicapidae,Alethe,diademata,,Alethe,White-tailed,,,,,
537,1341,1109,avibase-8B7A6FE9,0,Passeriformes,Muscicapidae,Chamaetylas,poliocephala,Thrushes,Alethe,Brown-chested,,,,,
87,1915,1110,avibase-47CB67FD,0,Gruiformes,Rallidae,Amaurocichla,bocagii,Sylviid Babblers,Shorttail,Sao Tome ,,,,,
1039,1679,1111,avibase-728B225E,0,Passeriformes,Pycnonotidae,Eurillas,latirostris,Bulbuls,Greenbul,Yellow-whiskered,,,,,
2666,1682,1112,avibase-0802ADF1,10991,Passeriformes,Pycnonotidae,Arizelocichla,montana,Bulbuls,Greenbul,Cameroon,,Retire. change to #4863 Cameroon Mountain Greenbul,Retired,,
280,1688,1113,avibase-E6A0D208,0,Passeriformes,Pycnonotidae,Baeopogon,indicator,Bulbuls,Greenbul,Honeyguide,,,,,
286,1920,1114,avibase-438D0DFF,0,Passeriformes,Cisticolidae,Bathmocercus,rufus,Sylviid Babblers,Warbler,Black-faced Rufous,,,,,
322,1922,1115,avibase-AD3FBCA9,0,Passeriformes,Sylviidae,Bradypterus,bangwaensis,Sylviid Babblers,Warbler,Bangwa Forest,,,,,
534,2194,1116,avibase-2E2DE0B6,0,Passeriformes,Nectariniidae,Chalcomitra,rubescens,Sunbirds,Sunbird,Green-throated,,,,,
601,2208,1117,avibase-D2B15B3F,0,Passeriformes,Nectariniidae,Cinnyris,chloropygius,Sunbirds,Sunbird,Olive-bellied,,,,,
920,2236,1118,avibase-D33D2F6D,0,Passeriformes,Nectariniidae,Drepanorhynchus,reichenowi,Sunbirds,Sunbird,Golden-winged,,,,,
2676,1791,1119,avibase-4849AA43,,Passeriformes,Cisticolidae,Cisticola,[chubbi] discolor,,Cisticola,Brown-backed,,,,,
783,1382,1120,avibase-DB856F78,0,Passeriformes,Muscicapidae,Cossypha,isabellae,"Chats, Old World Flycatchers (320)",Robin-Chat,Mountain,,,,,
810,1703,1121,avibase-8A90BC6D,0,Passeriformes,Pycnonotidae,Criniger,chloronotus,Bulbuls,Greenbul,Eastern Bearded,,,,,
876,2253,1122,avibase-B76E3DA1,0,Passeriformes,Nectariniidae,Cyanomitra,oritis,Sunbirds,Sunbird,Cameroon,,,,,
921,2182,1124,avibase-1DEA5DEA,0,Passeriformes,Nectariniidae,Dreptes,thomensis,Sunbirds,Sunbird,Giant,,,,,
1883,1224,1125,avibase-3B66D504,0,Passeriformes,Platysteiridae,Platysteira,concreta,,Wattle-eye,Yellow-bellied,,,,,
941,1228,1126,avibase-329CF549,0,Passeriformes,Sylviidae,Elminia,albiventris,Monarchs,Flycatcher,White-bellied Crested,,,,,
943,1232,1127,avibase-56209052,0,Passeriformes,Sylviidae,Elminia,longicauda,Monarchs,Flycatcher,African Blue,,,,,
944,1230,1128,avibase-B01090EF,0,Passeriformes,Sylviidae,Elminia,nigromitrata,Monarchs,Flycatcher,Dusky Crested,,,,,
1002,2316,1129,avibase-2680F124,0,Passeriformes,Estrildidae,Estrilda,nonnula,"Waxbills, Munias and allies",Waxbill,Black-crowned,,,,,
1158,179,1130,avibase-F06B282B,0,Piciformes,Lybiidae,Gymnobucco,calvus,African Barbets,Barbet,Naked-faced,,,,,
1176,295,1131,avibase-0D8BDD35,0,Coraciiformes,Dacelonidae,Halcyon,malimbica,Kingfishers,Kingfisher,Blue-breasted,,,,,
1260,125,1132,avibase-BFF3AA65,0,Piciformes,Indicatoridae,Indicator,exilis,Honeyguides,Honeyguide,Least,,,,,
1279,1969,1133,avibase-FC1BE879,0,Passeriformes,Pellorneidae,Kakamega,poliothorax,Babblers,Babbler,Grey-chested,,,,,
1309,1555,1134,avibase-A7EA21CA,0,Passeriformes,Sturnidae,Lamprotornis,ornatus,"Starlings, Rhabdornis",Starling,Principe,,,,,
1321,1244,1135,avibase-0D6B8ACA,0,Passeriformes,Malaconotidae,Laniarius,atroflavus,Bushshrikes,Boubou,Yellow-breasted,,,,,
1352,1149,1136,avibase-892BF67B,0,Passeriformes,Laniidae,Lanius,newtoni,,Tome Fiscal,Sao,,,,,
97,2186,1137,avibase-BFA9B759,0,Passeriformes,Nectariniidae,Anabathmis,newtonii,Sunbirds,Sunbird,Newton's,,,,,
822,2581,1138,avibase-58012642,0,Passeriformes,Emberizidae,Crithagra,concolor,,Grosbeak,Sao Tome,,,,,
1637,2391,1139,avibase-BD9A8EF4,0,Passeriformes,Estrildidae,Nesocharis,shelleyi,"Waxbills, Munias and allies",Oliveback,Shelley's,,,,,
1652,2394,1140,avibase-AD1CBF5A,0,Passeriformes,Estrildidae,Nigrita,bicolor,"Waxbills, Munias and allies",Nigrita,Chestnut-breasted,,,,,
1653,2395,1141,avibase-B15F4C49,0,Passeriformes,Estrildidae,Nigrita,canicapillus,"Waxbills, Munias and allies",Nigrita,Grey-headed,,,,,
1696,1568,1142,avibase-01D755E8,0,Passeriformes,Sturnidae,Onychognathus,fulgidus,"Starlings, Rhabdornis",Starling,Chestnut-winged,,Use delete #2804,,,
1712,1272,1143,avibase-911FAD1A,0,Passeriformes,Oriolidae,Oriolus,crassirostris,"Figbirds, Orioles",Oriole,Sao Tome,,,,,
1751,2403,1144,avibase-06C33419,0,Passeriformes,Estrildidae,Parmoptila,woodhousei,"Waxbills, Munias and allies",Antpecker,Woodhouse's,,,,,
1840,1729,1145,avibase-DD741082,0,Passeriformes,Pycnonotidae,Phyllastrephus,icterinus,Bulbuls,Greenbul,Icterine,,,,,
1844,1733,1146,avibase-B6EA8FA2,0,Passeriformes,Pycnonotidae,Phyllastrephus,poensis,Bulbuls,Greenbul,Cameroon Olive,,,,,
1884,1280,1148,avibase-E15225F1,0,Passeriformes,Malaconotidae,Platysteira,cyanea,"Wattle-eyes, Batises",Wattle-eye,Brown-throated,,,,,
1918,2462,1149,avibase-9569D117,0,Passeriformes,Ploceidae,Ploceus,grandis,"Weavers, Widowbirds",Weaver,Giant,,,,,
1921,2464,1150,avibase-C649EA57,0,Passeriformes,Ploceidae,Ploceus,insignis,"Weavers, Widowbirds",Weaver,Brown-capped,,,,,
1929,2470,1151,avibase-B38CE692,0,Passeriformes,Ploceidae,Ploceus,melanogaster,"Weavers, Widowbirds",Weaver,Black-billed,,,,,
1932,2473,1152,avibase-20D915AD,0,Passeriformes,Ploceidae,Ploceus,nigerrimus,"Weavers, Widowbirds",Weaver,Vieillot's Black,,,,,
1955,2440,1153,avibase-FC6C191F,0,Passeriformes,Ploceidae,Ploceus,vitellinus,,Weaver,Vitelline Masked,,,,,
1996,1856,1154,avibase-D083C7B8,0,Passeriformes,Cisticolidae,Poliolais,lopezi,Sylviid Babblers,Warbler,White-tailed,,,,,
2004,1861,1155,avibase-01A7F964,0,Passeriformes,Cisticolidae,Prinia,bairdii,Cisticolas and allies,Prinia,Banded,,,,,
2012,1866,1156,avibase-843FF082,0,Passeriformes,Cisticolidae,Prinia,molleri,Cisticolas and allies,Prinia,Sao Tome,,,,,
2185,176,1158,avibase-C4DFB5E3,0,Piciformes,Picidae,Sasia,africana,,Piculet,African,,,,,
817,2607,1159,avibase-8E8B3DB9,0,Passeriformes,Fringillidae,Crithagra,burtoni,Finches,Seedeater,Thick-billed,,,,,
839,2628,1160,avibase-83F51B60,0,Passeriformes,Fringillidae,Crithagra,rufobrunnea,Finches,Seedeater,Principe,,,,,
2562,1874,1161,avibase-9A08376E,0,Passeriformes,Zosteropidae,Zosterops,leucophaeus,White-eyes,Speirops,Principe,,,,,
2566,1876,1162,avibase-2F6AB5CF,0,Passeriformes,Zosteropidae,Zosterops,melanocephalus,White-eyes,Cameroon Speirops,Mount,,,,,
2231,2515,1163,avibase-3817DA4A,0,Passeriformes,Estrildidae,Spermophaga,haematina,"Waxbills, Munias and allies",Bluebill,Western,,,,,
2365,1315,1164,avibase-5E520F9D,0,Passeriformes,Monarchidae,Terpsiphone,atrochalybeia,Monarchs,Flycatcher,Sao Tome Paradise,,,,,
2371,1319,1165,avibase-5A70C87A,0,Passeriformes,Monarchidae,Terpsiphone,rufiventer,Monarchs,Flycatcher,Red-bellied Paradise,,,,,
1945,2436,1166,avibase-A1709D2B,0,Passeriformes,Ploceidae,Ploceus,sanctithomae,"Weavers, Widowbirds",Weaver,Sao Tome,,,,,
2744,1512,1167,avibase-927299E4,0,Passeriformes,Turdidae,Turdus,olivaceofuscus,Thrushes,Thrush,Sao Tome,,BL use this number should replace #4195. This number was Retired here re-introduced by UO,,,
2469,1514,1168,avibase-40A2405D,0,Passeriformes,Turdidae,Turdus,pelios,Thrushes,Thrush,African,,,,,
2503,1872,1169,avibase-9180EEB6,0,Passeriformes,Cisticolidae,Urolais,epichlorus,,Longtail,Green,,,,,
2559,1883,1170,avibase-59C09710,0,Passeriformes,Zosteropidae,Zosterops,ficedulinus,White-eyes,White-eye,Principe,,,,,
2570,1877,1171,avibase-6AA90803,957,Passeriformes,Zosteropidae,Zosterops,pallidus,White-eyes,White-eye,Orange River,,,,,
2577,1881,1172,avibase-19469B66,956,Passeriformes,Zosteropidae,Zosterops,virens,White-eyes,White-eye,Cape,,,,,
1131,543,1173,avibase-91C3A5E9,0,Columbiformes,Columbidae,Geopelia,striata,"Pigeons, Doves",Dove,Zebra,,,,,
76,523,1174,avibase-576B77A3,0,Columbiformes,Columbidae,Alectroenas,pulcherrimus,,Pigeon,Seychelles Blue,,,,,
739,1370,1175,avibase-4B41D53C,0,Passeriformes,Muscicapidae,Copsychus,sechellarum,"Chats, Old World Flycatchers (320)",Magpie-Robin,Seychelles,,,,,
33,1913,1176,avibase-E0E4DFB8,0,Passeriformes,Sylviidae,Acrocephalus,sechellensis,Sylviid Babblers,Warbler,Seychelles,,,,,
607,2214,1177,avibase-8449EA0A,0,Passeriformes,Nectariniidae,Cinnyris,dussumieri,Sunbirds,Sunbird,Seychelles,,,,,
1085,2346,1178,avibase-B55985C7,1178,Passeriformes,Ploceidae,Foudia,sechellarum,"Weavers, Widowbirds",Fody,Seychelles,,,,,
1018,2325,1179,avibase-2B94D2D5,1179,Passeriformes,Ploceidae,Euplectes,aureus,"Weavers, Widowbirds",Bishop,Golden-backed,,,,,
565,1695,1180,avibase-FCA9F934,0,Passeriformes,Pycnonotidae,Chlorocichla,falkensteini,Bulbuls,Greenbul,Falkenstein's,,,,,
1253,1964,1181,avibase-3805ACAD,0,Passeriformes,Pellorneidae,Illadopsis,fulvescens,Babblers,Illadopsis,Brown,,,,,
511,1361,1182,avibase-712C7EA0,0,Passeriformes,Muscicapidae,Tychaedon,leucosticta,,Scrub Robin,Forest,,Changed Genus name,,,
1546,2144,1183,avibase-8A1D5A9C,961,Passeriformes,Alaudidae,Corypha ,fasciolata,,Lark,Eastern Clapper,,"Corypha fasciolata, Changed Genus name",,,
2220,1489,1184,avibase-F82D1379,0,Passeriformes,Muscicapidae,Sheppardia,gabela,"Chats, Old World Flycatchers (320)",Akalat,Gabela,,,,,
2400,234,1185,avibase-4C4AADAB,967,Coraciiformes,Bucerotidae,Tockus,damarensis,Hornbills,Hornbill,Damara Red-billed ,,,,,
1753,1611,1186,avibase-E15BC0CB,0,Passeriformes,Paridae,Parus,major,"Tits, Chickadees",Tit,Great,,,,,
1933,2474,1187,avibase-55997100,0,Passeriformes,Ploceidae,Ploceus,nigricollis,"Weavers, Widowbirds",Weaver,Black-necked,,,,,
445,146,1188,avibase-02E56D98,0,Piciformes,Picidae,Pardipicus ,nivosa,Woodpeckers,Woodpecker,Buff-spotted,,,,,
432,1787,1189,avibase-65393B92,0,Passeriformes,Cisticolidae,Camaroptera,chloronota,Cisticolas and allies,Camaroptera,Olive-green,,,,,
2233,2517,1190,avibase-46A1FC77,0,Passeriformes,Estrildidae,Spermophaga,ruficapilla,"Waxbills, Munias and allies",Bluebill,Red-headed,,,,,
309,1692,1191,avibase-5A94FEAE,0,Passeriformes,Pycnonotidae,Bleda,syndactylus,Bulbuls,Bristlebill,Red-tailed,,,,,
2372,1320,1192,avibase-B05E0721,0,Passeriformes,Monarchidae,Terpsiphone,rufocinerea,Monarchs,Flycatcher,Rufous-vented Paradise,,,,,
1251,1962,1193,avibase-2D157C82,0,Passeriformes,Pellorneidae,Illadopsis,albipectus,Babblers,Illadopsis,Scaly-breasted,,,,,
,,1194,,,Passeriformes,Pycnonotidae,Arizelocichla,chlorigula,Bulbuls,Greenbul,Yellow-throated Mountain,,"Removed, now inserted again, see the file Discrepancies, this no used by BL",Eng name updated to Yellow-throated Mountain Greenbul,,
1651,1715,1195,avibase-E386D2EB,0,Passeriformes,Nicatoridae,Nicator,vireo,Bulbuls,Nicator,Yellow-throated,,,,,
2291,1,1200,avibase-40329BB6,0,Struthioniformes,Struthionidae,Struthio,molybdophanes,Ostriches,Ostrich,Somali,,,,,
44,3,1202,avibase-E9125492,0,Galliformes,Phasianidae,Afropavo,congensis,Pheasants and allies,Peafowl,Congo,,,,,
73,4,1204,avibase-D44B2846,0,Galliformes,Phasianidae,Alectoris,barbara,Pheasants and allies,Partridge,Barbary,,,,,
94,6,1206,avibase-CD83E49E,0,Galliformes,Phasianidae,Ammoperdix,heyi,Pheasants and allies,Partridge,Sand,,,,,
1462,12,1208,avibase-844ABEC0,0,Galliformes,Phasianidae,Margaroperdix,madagarensis,,Partridge,Madagascan,,,,,
1783,14,1210,avibase-0EA1D390,0,Galliformes,Phasianidae,Peliperdix,albogularis,Pheasants and allies,Francolin,White-throated,,,,,
1784,16,1212,avibase-E11585DB,0,Galliformes,Phasianidae,Peliperdix,lathami,Pheasants and allies,Francolin,Latham's,,,,,
1785,17,1214,avibase-CE6D7D2F,0,Galliformes,Phasianidae,Campocolinus,schlegelii,Pheasants and allies,Francolin,Schlegel's,,,,,
2054,20,1216,avibase-CA53B18D,0,Galliformes,Phasianidae,Pternistis,ahantensis,Pheasants and allies,Francolin,Ahanta,,,,,
2055,21,1218,avibase-D8267ADE,0,Galliformes,Phasianidae,Pternistis,bicalcaratus,Pheasants and allies,Francolin,Double-spurred,,,,,
2056,22,1220,avibase-D40CAF0C,0,Galliformes,Phasianidae,Pternistis,camerunensis,Pheasants and allies,Francolin,Mount Cameroon,,,,,
2058,24,1222,avibase-81474844,0,Galliformes,Phasianidae,Pternistis,castaneicollis,Pheasants and allies,Francolin,Chestnut-naped,,,,,
2059,25,1224,avibase-6EB4D5DE,0,Galliformes,Phasianidae,Pternistis,clappertoni,Pheasants and allies,Spurfowl,Clapperton's,,,,,
2060,26,1226,avibase-6C4A6597,0,Galliformes,Phasianidae,Pternistis,erckelii,Pheasants and allies,Francolin,Erckel's,,,,,
2061,27,1228,avibase-7A8E73BF,0,Galliformes,Phasianidae,Pternistis,griseostriatus,Pheasants and allies,Francolin,Grey-striped,,,,,
2063,29,1230,avibase-02D73B4A,0,Galliformes,Phasianidae,Pternistis,harwoodi,Pheasants and allies,Francolin,Harwood's,,,,,
2065,31,1232,avibase-3EAF578D,0,Galliformes,Phasianidae,Pternistis,icterorhynchus,Pheasants and allies,Francolin,Heuglin's,,,,,
2066,32,1234,avibase-A7E59764,0,Galliformes,Phasianidae,Pternistis,jacksoni,Pheasants and allies,Spurfowl,Jackson's,,,,,
2067,33,1236,avibase-90AFDF9E,0,Galliformes,Phasianidae,Pternistis,leucoscepus,Pheasants and allies,Spurfowl,Yellow-necked,,,,,
2101,34,1238,avibase-07A42F4E,0,Galliformes,Phasianidae,Ptilopachus,nahani,,Partridge,Nahan's,,,,,
2069,36,1240,avibase-DA7CA265,0,Galliformes,Phasianidae,Pternistis,nobilis,Pheasants and allies,Francolin,Handsome,,,,,
2070,37,1242,avibase-20C06F73,0,Galliformes,Phasianidae,Pternistis,ochropectus,Pheasants and allies,Francolin,Djibouti,,,,,
2071,38,1244,avibase-DB3EB527,0,Galliformes,Phasianidae,Pternistis,rufopictus,Pheasants and allies,Spurfowl,Grey-breasted,,,,,
2072,39,1246,avibase-1B11690B,0,Galliformes,Phasianidae,Pternistis,squamatus,Pheasants and allies,Spurfowl,Scaly,,,,,
2074,41,1248,avibase-3A5FE639,0,Galliformes,Phasianidae,Pternistis,swierstrai,Pheasants and allies,Francolin,Swierstra's,,,,,
2102,42,1250,avibase-57B05159,0,Galliformes,Phasianidae,Ptilopachus,petrosus,New World Quail,Partridge,Stone,,,,,
2197,44,1252,avibase-864723FD,0,Galliformes,Phasianidae,Scleroptila,finschi,Pheasants and allies,Francolin,Finsch's,,,,,
2200,47,1254,avibase-FF5BAE30,0,Galliformes,Phasianidae,Scleroptila,psilolaema,,Francolin,Moorland,,,,,
2202,49,1256,avibase-5B115F6C,0,Galliformes,Phasianidae,Scleroptila,streptophora,,Francolin,Ring-necked,,,,,
2545,50,1258,avibase-B30A625E,0,Galliformes,Phasianidae,Xenoperdix,udzungwensis,Pheasants and allies,Partridge,Udzungwa Forest,,,,,
35,51,1260,avibase-F7A3FA35,0,Galliformes,Numididae,Acryllium,vulturinum,Guineafowl,Guineafowl,Vulturine,,,,,
58,52,1262,avibase-E0EE1B89,0,Galliformes,Numididae,Agelastes,meleagrides,Guineafowl,Guineafowl,White-breasted,,,,,
59,53,1264,avibase-38193321,0,Galliformes,Numididae,Agelastes,niger,Guineafowl,Guineafowl,Black,,,,,
1154,54,1266,avibase-374253A6,0,Galliformes,Numididae,Guttera,plumifera,Guineafowl,Guineafowl,Plumed,,,,,
2581,57,1268,avibase-E389F4A9,0,Galliformes,Phasianidae,Scleroptila,gutturalis lorti,,Francolin,Archer's,,,,,
101,64,1270,avibase-D201EB72,0,Anseriformes,Anatidae,Anas,americana,,Wigeon,American,,,,,
102,65,1272,avibase-7CBD0D73,0,Anseriformes,Anatidae,Anas,bernieri,"Ducks, Geese and Swans",Teal,Bernier's,,,,,
104,68,1274,avibase-DE24B98D,0,Anseriformes,Anatidae,Anas,carolinensis,"Ducks, Geese and Swans",Teal,Green-winged,Lumped,"Now Anas crecca carolinensis, Retire and lump with #10707 ",,,
106,69,1276,avibase-90E2543E,0,Anseriformes,Anatidae,Anas,discors,,Teal,Blue-winged,,,,,
112,73,1278,avibase-9BA03AF9,0,Anseriformes,Anatidae,Anas,melleri,"Ducks, Geese and Swans",Duck,Meller's,,,,,
113,74,1280,avibase-15EE0D36,0,Anseriformes,Anatidae,Anas,penelope,,Wigeon,Eurasian,,,,,
119,79,1282,avibase-C235A4D7,0,Anseriformes,Anatidae,Mareca,strepera,,,Gadwall,,,,,
128,81,1284,avibase-466E9077,0,Anseriformes,Anatidae,Anser,albifrons,"Ducks, Geese and Swans",Goose,Greater White-fronted ,,,,,
129,82,1286,avibase-4AED44E8,0,Anseriformes,Anatidae,Anser,anser,"Ducks, Geese and Swans",Goose,Greylag,,,,,
131,83,1288,avibase-184D2329,0,Anseriformes,Anatidae,Anser,erythropus,"Ducks, Geese and Swans",Goose,Lesser White-fronted ,,,,,
132,84,1290,avibase-BDB497A3,0,Anseriformes,Anatidae,Anser,fabalis,"Ducks, Geese and Swans",Goose,Taiga Bean,,,,,
2582,85,1292,avibase-8899CF64,0,Anseriformes,Anatidae,Anas,eatoni,"Ducks, Geese and Swans",Pintail,Eaton's,,,,,
273,86,1294,avibase-0783A7EA,0,Anseriformes,Anatidae,Aythya,collaris,"Ducks, Geese and Swans",Duck,Ring-necked,,,,,
274,87,1296,avibase-A96692E0,0,Anseriformes,Anatidae,Aythya,ferina,"Ducks, Geese and Swans",Pochard,Common,,,,,
275,88,1298,avibase-67CEA1C1,923,Anseriformes,Anatidae,Aythya,fuligula,"Ducks, Geese and Swans",Duck,Tufted,,,,,
276,90,1300,avibase-691757FF,0,Anseriformes,Anatidae,Aythya,innotata,"Ducks, Geese and Swans",Pochard,Madagascan,,,,,
277,91,1302,avibase-25C94A8F,0,Anseriformes,Anatidae,Aythya,marila,"Ducks, Geese and Swans",Scaup,Greater,,,,,
278,92,1304,avibase-7CF91527,0,Anseriformes,Anatidae,Aythya,nyroca,"Ducks, Geese and Swans",Duck,Ferruginous,,,,,
331,93,1306,avibase-3E04020B,0,Anseriformes,Anatidae,Branta,bernicla,"Ducks, Geese and Swans",Goose,Brant,,,,,
332,94,1308,avibase-3163ED86,0,Anseriformes,Anatidae,Branta,leucopsis,"Ducks, Geese and Swans",Goose,Barnacle,,,,,
333,95,1310,avibase-0D280B3F,0,Anseriformes,Anatidae,Branta,ruficollis,"Ducks, Geese and Swans",Goose,Red-breasted,,,,,
351,96,1312,avibase-68EA281A,0,Anseriformes,Anatidae,Bucephala,clangula,"Ducks, Geese and Swans",Goldeneye,Common,,,,,
870,97,1314,avibase-842CC0BC,0,Anseriformes,Anatidae,Cyanochen,cyanoptera,"Ducks, Geese and Swans",Goose,Blue-winged,,,,,
880,98,1316,avibase-0BCBA6B9,0,Anseriformes,Anatidae,Cygnus,columbianus,"Ducks, Geese and Swans",Swan,Tundra,,,,,
881,99,1318,avibase-BDDB5670,0,Anseriformes,Anatidae,Cygnus,cygnus,"Ducks, Geese and Swans",Swan,Whooper,,,,,
1463,101,1320,avibase-6362936E,0,Anseriformes,Anatidae,Marmaronetta,angustirostris,"Ducks, Geese and Swans",Duck,Marbled,,,,,
1494,102,1322,avibase-BAF44E36,0,Anseriformes,Anatidae,Melanitta,fusca,"Ducks, Geese and Swans",Scoter,Velvet,,,,,
1495,103,1324,avibase-24698199,0,Anseriformes,Anatidae,Melanitta,nigra,"Ducks, Geese and Swans",Scoter,Common,,,,,
1506,104,1326,avibase-F1F52036,0,Anseriformes,Anatidae,Mergellus,albellus,"Ducks, Geese and Swans",,Smew,,,,,
1507,105,1328,avibase-407E2CA8,0,Anseriformes,Anatidae,Mergus,merganser,"Ducks, Geese and Swans",Merganser,Common,,,,,
1508,106,1330,avibase-8DB64266,0,Anseriformes,Anatidae,Mergus,serrator,"Ducks, Geese and Swans",Merganser,Red-breasted,,,,,
1643,108,1332,avibase-3EC2CDA9,1332,Anseriformes,Anatidae,Netta,rufina,"Ducks, Geese and Swans",Pochard,Red-crested,,,,,
1736,110,1334,avibase-675EEA7F,0,Anseriformes,Anatidae,Oxyura,jamaicensis,"Ducks, Geese and Swans",Duck,Ruddy,,,,,
1737,111,1336,avibase-2E40EF2C,0,Anseriformes,Anatidae,Oxyura,leucocephala,"Ducks, Geese and Swans",Duck,White-headed,,,,,
2100,114,1338,avibase-F28E3EB8,0,Anseriformes,Anatidae,Pteronetta,hartlaubii,"Ducks, Geese and Swans",Duck,Hartlaub's,,,,,
2338,117,1340,avibase-1F9D883E,0,Anseriformes,Anatidae,Tadorna,ferruginea,"Ducks, Geese and Swans",Shelduck,Ruddy,,,,,
2339,118,1342,avibase-5EAB32D3,906,Anseriformes,Anatidae,Tadorna,tadorna,"Ducks, Geese and Swans",Shelduck,Common,,,,,
1721,119,1344,avibase-B605A049,0,Turniciformes,Turnicidae,Ortyxelos,meiffrenii,Buttonquail,,Quail-plover,,,,,
2478,120,1346,avibase-FE5E2530,944,Turniciformes,Turnicidae,Turnix,hottentottus,Buttonquail,Buttonquail,Fynbos,,,,,
2480,122,1348,avibase-598966B2,0,Turniciformes,Turnicidae,Turnix,nigricollis,Buttonquail,Buttonquail,Madagascan,,,,,
1259,124,1350,avibase-0AC6CF82,0,Piciformes,Indicatoridae,Indicator,conirostris,,Honeyguide,Thick-billed,,,,,
1262,127,1352,avibase-499B3C64,0,Piciformes,Indicatoridae,Indicator,maculatus,Honeyguides,Honeyguide,Spotted,,,,,
1265,130,1354,avibase-C9DFE942,0,Piciformes,Indicatoridae,Indicator,pumilio,Honeyguides,Honeyguide,Dwarf,,,,,
1267,132,1356,avibase-4373396F,0,Piciformes,Indicatoridae,Indicator,willcocksi,Honeyguides,Honeyguide,Willcocks's,,,,,
1498,133,1358,avibase-C2B68BD8,0,Piciformes,Indicatoridae,Melichneutes,robustus,Honeyguides,Honeyguide,Lyre-tailed,,,,,
1502,134,1360,avibase-8F2DCF5D,0,Piciformes,Indicatoridae,Melignomon,eisentrauti,Honeyguides,Honeyguide,Yellow-footed,,,,,
1503,135,1362,avibase-AD7BD37A,0,Piciformes,Indicatoridae,Melignomon,zenkeri,Honeyguides,Honeyguide,Zenker's,,,,,
2026,136,1364,avibase-7884F0D6,0,Piciformes,Indicatoridae,Prodotiscus,insignis,Honeyguides,Honeybird,Cassin's,,,,,
444,139,1366,avibase-BA63C545,0,Piciformes,Picidae,Campethera,mombassica,Woodpeckers,Woodpecker,Mombasa,,,,,
442,144,1368,avibase-01C9752D,0,Piciformes,Picidae,Campethera,caroli,Woodpeckers,Woodpecker,Brown-eared,,,,,
443,145,1370,avibase-6BB61A61,0,Piciformes,Picidae,Campethera,maculosa,Woodpeckers,Woodpecker,Little Green,,,,,
447,148,1372,avibase-70170649,0,Piciformes,Picidae,Campethera,nubica,Woodpeckers,Woodpecker,Nubian,,,,,
448,149,1374,avibase-390F1E35,0,Piciformes,Picidae,Campethera,punctuligera,Woodpeckers,Woodpecker,Fine-spotted,,,,,
451,151,1376,avibase-D2718676,0,Piciformes,Picidae,Campethera,tullbergi,Woodpeckers,Woodpecker,Tullberg's,,,,,
888,152,1378,avibase-D754DB85,0,Piciformes,Picidae,Dendrocopos,major,Woodpeckers,Woodpecker,Great Spotted,,,,,
924,153,1380,avibase-AB2F4BC0,0,Piciformes,Picidae,Dryobates,minor,,Woodpecker,Lesser Spotted,,,,,
899,154,1382,avibase-735D837C,0,Piciformes,Picidae,Dendropicos,lugubris,Woodpeckers,Woodpecker,Melancholy,,,,,
902,155,1384,avibase-902E9F69,0,Piciformes,Picidae,Dendropicos,spodocephalus,Woodpeckers,Woodpecker,Eastern Grey,,,,,
892,156,1386,avibase-33F13BB1,0,Piciformes,Picidae,Dendropicos,abyssinicus,Woodpeckers,Woodpecker,Abyssinian,,,,,
893,157,1388,avibase-C6F9E5EE,0,Piciformes,Picidae,Dendropicos,elachus,Woodpeckers,Woodpecker,Little Grey,,,,,
896,159,1390,avibase-8B3DF118,0,Piciformes,Picidae,Dendropicos,gabonensis,Woodpeckers,Woodpecker,Gabon,,,,,
897,160,1392,avibase-E5DF48FC,0,Piciformes,Picidae,Dendropicos,goertae,Woodpeckers,Woodpecker,African Grey,,,,,
901,163,1394,avibase-739A97EE,0,Piciformes,Picidae,Dendropicos,poecilolaemus,Woodpeckers,Woodpecker,Speckle-breasted,,,,,
576,164,1396,avibase-8E989334,0,Piciformes,Picidae,Chloropicus,pyrrhogaster,Woodpeckers,Woodpecker,Fire-bellied,,,,,
889,166,1398,avibase-3F54E5FD,0,Piciformes,Picidae,Dendrocopos,syriacus,,Woodpecker,Syrian,,,,,
577,167,1400,avibase-2700C97D,0,Piciformes,Picidae,Chloropicus,xantholophus,Woodpeckers,Woodpecker,Yellow-crested,,,,,
1278,170,1402,avibase-B2E6AB9F,0,Piciformes,Picidae,Jynx,torquilla,Woodpeckers,Wryneck,Eurasian,,,,,
894,171,1404,avibase-81934FAF,0,Piciformes,Picidae,Dendropicos,elliotii,Woodpeckers,Woodpecker,Elliot's,,,,,
900,174,1410,avibase-9FF4EDB5,0,Piciformes,Picidae,Dendropicos,obsoletus,,Woodpecker,Brown-backed,,,,,
1870,175,1412,avibase-42CF31E9,0,Piciformes,Picidae,Picus,vaillantii,Woodpeckers,Woodpecker,Levaillant's,,,,,
350,177,1414,avibase-56790B57,0,Piciformes,Lybiidae,Buccanodon,duchaillui,African Barbets,Barbet,Yellow-spotted,,,,,
1157,178,1416,avibase-95054CA5,0,Piciformes,Lybiidae,Gymnobucco,bonapartei,African Barbets,Barbet,Grey-throated,,,,,
1159,180,1418,avibase-92757910,0,Piciformes,Lybiidae,Gymnobucco,peli,African Barbets,Barbet,Bristle-nosed,,,,,
1160,181,1420,avibase-57F532BB,0,Piciformes,Lybiidae,Gymnobucco,sladeni,African Barbets,Barbet,Sladen's,,,,,
1415,182,1422,avibase-439FE608,0,Piciformes,Lybiidae,Lybius,bidentatus,,Barbet,Double-toothed,,,,,
1416,183,1424,avibase-3F31B1D6,0,Piciformes,Lybiidae,Lybius,chaplini,African Barbets,Barbet,Chaplin's,,,,,
1417,184,1426,avibase-B3031527,0,Piciformes,Lybiidae,Lybius,dubius,,Barbet,Bearded,,,,,
1418,185,1428,avibase-0D419595,0,Piciformes,Lybiidae,Lybius,guifsobalito,African Barbets,Barbet,Black-billed,,,,,
1422,189,1430,avibase-7A3818D8,0,Piciformes,Lybiidae,Lybius,rolleti,,Barbet,Black-breasted,,,,,
1423,190,1432,avibase-C477BEB1,0,Piciformes,Lybiidae,Lybius,rubrifacies,African Barbets,Barbet,Red-faced,,,,,
1425,192,1434,avibase-E0ED3A27,0,Piciformes,Lybiidae,Lybius,undatus,African Barbets,Barbet,Banded,,,,,
1426,193,1436,avibase-7DE8EBBA,0,Piciformes,Lybiidae,Lybius,vieilloti,African Barbets,Barbet,Vieillot's,,,,,
1974,194,1438,avibase-90373466,0,Piciformes,Lybiidae,Pogoniulus,atroflavus,African Barbets,Tinkerbird,Red-rumped,,,,,
1977,197,1440,avibase-2D822644,0,Piciformes,Lybiidae,Pogoniulus,coryphaea,,Tinkerbird,Western,,,,,
1978,198,1442,avibase-7BEB0003,0,Piciformes,Lybiidae,Pogoniulus,leucomystax,African Barbets,Tinkerbird,Moustached,,,,,
2586,199,1444,avibase-D1E3DE2E,0,Piciformes,Lybiidae,Pogoniulus,leucolaimus mfumbiri (makawai),African Barbets,Tinkerbird,White-chested,,,,,
1980,201,1446,avibase-EEA161A8,0,Piciformes,Lybiidae,Pogoniulus,scolopaceus,African Barbets,Tinkerbird,Speckled,,,,,
1982,203,1448,avibase-523991EF,0,Piciformes,Lybiidae,Pogoniulus,subsulphureus,African Barbets,Tinkerbird,Yellow-throated,,,,,
2249,205,1450,avibase-35145A7E,0,Piciformes,Lybiidae,Stactolaema,anchietae,African Barbets,Barbet,Anchieta's,,,,,
2413,209,1452,avibase-B09D85F4,0,Piciformes,Lybiidae,Trachyphonus,darnaudii,African Barbets,Barbet,D'Arnaud's,,,,,
2414,210,1454,avibase-570C1121,0,Piciformes,Lybiidae,Trachyphonus,erythrocephalus,African Barbets,Barbet,Red-and-yellow,,,,,
2415,211,1456,avibase-685CA6D9,0,Piciformes,Lybiidae,Trachyphonus,margaritatus,African Barbets,Barbet,Yellow-breasted,,,,,
2416,212,1458,avibase-75DF194C,0,Piciformes,Lybiidae,Trachyphonus,purpuratus,,Barbet,Yellow-billed,,,,,
2423,215,1462,avibase-3E3AFB25,0,Piciformes,Lybiidae,Tricholaema,diademata,African Barbets,Barbet,Red-fronted,,,,,
2588,216,1464,avibase-14A90F80,0,Piciformes,Lybiidae,Tricholaema,flavipunctata,,Barbet,Streaky-throated,,,,,
2424,217,1466,avibase-73470BDF,0,Piciformes,Lybiidae,Tricholaema,frontata,African Barbets,Barbet,Miombo Pied,,,,,
2425,218,1468,avibase-915DABE2,0,Piciformes,Lybiidae,Tricholaema,hirsuta,African Barbets,Barbet,Hairy-breasted,,,,,
2426,219,1470,avibase-F1CCA0AA,0,Piciformes,Lybiidae,Tricholaema,lacrymosa,African Barbets,Barbet,Spot-flanked,,,,,
2428,221,1472,avibase-F03BE6C3,0,Piciformes,Lybiidae,Tricholaema,melanocephala,African Barbets,Barbet,Black-throated,,,,,
374,222,1474,avibase-2F7DCF91,0,Coraciiformes,Bucerotidae,Bycanistes,albotibialis,Hornbills,Hornbill,White-thighed,,,,,
501,223,1476,avibase-C05BF908,0,Coraciiformes,Bucerotidae,Ceratogymna,atrata,Hornbills,Hornbill,Black-casqued,,,,,
377,226,1478,avibase-F03111B9,0,Coraciiformes,Bucerotidae,Bycanistes,cylindricus,Hornbills,Hornbill,Brown-cheeked,,,,,
502,227,1480,avibase-CBC236C2,0,Coraciiformes,Bucerotidae,Ceratogymna,elata,Hornbills,Hornbill,Yellow-casqued,,,,,
378,228,1482,avibase-2AAFDD00,0,Coraciiformes,Bucerotidae,Bycanistes,fistulator,Hornbills,Hornbill,Piping,,,,,
379,229,1484,avibase-02428AC1,0,Coraciiformes,Bucerotidae,Bycanistes,subcylindricus,Hornbills,Hornbill,Black-and-white-casqued,,,,,
1215,230,1486,avibase-8009A6BC,0,Coraciiformes,Bucerotidae,Horizocerus,albocristatus,,Hornbill,White-crested,,,,,
1401,233,1488,avibase-53D72911,0,Coraciiformes,Bucerotidae,Lophoceros,camurus,,Hornbill,Red-billed Dwarf,,,,,
2402,235,1490,avibase-DE36D3BD,0,Coraciiformes,Bucerotidae,Tockus,deckeni,Hornbills,Hornbill,Von der Decken's,,,,,
1402,237,1492,avibase-4B8F7AF5,0,Coraciiformes,Bucerotidae,Lophoceros,fasciatus,,Hornbill,African Pied,,,,,
2404,238,1494,avibase-3BCD9CB0,0,Coraciiformes,Bucerotidae,Tockus,flavirostris,Hornbills,Hornbill,Eastern Yellow-billed,,,,,
1216,239,1496,avibase-66D85117,0,Coraciiformes,Bucerotidae,Horizocerus,hartlaubi,,Hornbill,Black Dwarf,,,,,
1403,240,1498,avibase-6D72B23C,0,Coraciiformes,Bucerotidae,Lophoceros,hemprichii,,Hornbill,Hemprich's,,,,,
2405,241,1500,avibase-427D7FD6,0,Coraciiformes,Bucerotidae,Tockus,jacksoni,Hornbills,Hornbill,Jackson's,,,,,
2406,242,1502,avibase-1ADEF52B,0,Coraciiformes,Bucerotidae,Tockus,kempi,,Hornbill,Western Red-billed,,,,,
1405,246,1504,avibase-235F0000,0,Coraciiformes,Bucerotidae,Lophoceros,pallidirostris,,Hornbill,Pale-billed,,,,,
2409,247,1506,avibase-1A34CC23,0,Coraciiformes,Bucerotidae,Tockus,ruahae,,Hornbill,Tanzanian Red-billed,,,,,
2403,236,1508,avibase-AF75AC32,966,Coraciiformes,Bucerotidae,Tockus,erythrorhynchus,,Hornbill,Northern Red-billed ,,,,,
352,249,1510,avibase-948ED65C,0,Bucerotiformes,Bucorvidae,Bucorvus,abyssinicus,Hornbills,Hornbill,Abyssinian Ground,,,,,
2492,252,1512,avibase-40FB4533,0,Upupiformes,Upupidae,Upupa,epops,Hoopoes,Hoopoe,Eurasian,,,,,
2493,253,1514,avibase-B4EA6FB2,0,Upupiformes,Upupidae,Upupa,marginata,Hoopoes,Hoopoe,Madagascan,,,,,
1818,254,1516,avibase-D1FFB474,0,Upupiformes,Phoeniculidae,Phoeniculus,bollei,Wood Hoopoes,Wood Hoopoe,White-headed,,,,,
1819,255,1518,avibase-8CC7216A,0,Upupiformes,Phoeniculidae,Phoeniculus,castaneiceps,,Wood Hoopoe,Forest,,,,,
1821,257,1520,avibase-8F18EC0A,0,Upupiformes,Phoeniculidae,Phoeniculus,granti,,Wood Hoopoe,Grant's,,,,,
1823,259,1522,avibase-68A80086,0,Upupiformes,Phoeniculidae,Phoeniculus,somaliensis,Wood Hoopoes,Wood Hoopoe,Black-billed,,,,,
2154,260,1524,avibase-9C69D0FD,0,Upupiformes,Phoeniculidae,Rhinopomastus,aterrimus,Wood Hoopoes,Scimitarbill,Black,,,,,
2156,262,1526,avibase-46847C50,0,Upupiformes,Rhinopomastidae,Rhinopomastus,minor,Wood Hoopoes,Scimitarbill,Abyssinian,,,,,
199,263,1528,avibase-9FCF19F5,0,Trogoniformes,Trogonidae,Apaloderma,aequatoriale,Trogons,Trogon,Bare-cheeked,,,,,
740,266,1530,avibase-E7C7EE3A,0,Passeriformes,Coraciidae,Coracias,abyssinicus,Rollers,Roller,Abyssinian,,,,,
742,268,1532,avibase-306C892E,0,Passeriformes,Coraciidae,Coracias,cyanogaster,Rollers,Roller,Blue-bellied,,,,,
1046,273,1534,avibase-8FFDE282,0,Passeriformes,Coraciidae,Eurystomus,gularis,Rollers,Roller,Blue-throated,,,,,
266,274,1536,avibase-9D600C9B,0,Coraciiformes,Brachypteraciidae,Atelornis,crossleyi,Ground Rollers,Roller,Rufous-headed Ground,,,,,
267,275,1538,avibase-D5C06D94,0,Coraciiformes,Brachypteraciidae,Atelornis,pittoides,Ground Rollers,Roller,Pitta-like Ground,,,,,
319,276,1540,avibase-E86394DA,0,Coraciiformes,Brachypteraciidae,Brachypteracias,leptosomus,Ground Rollers,Roller,Short-legged Ground,,,,,
1122,277,1542,avibase-7821A1F0,0,Coraciiformes,Brachypteraciidae,Geobiastes,squamiger,,Ground Roller,Scaly,,,,,
2499,278,1544,avibase-88D07E4B,0,Coraciiformes,Brachypteraciidae,Uratelornis,chimaera,Ground Rollers,Roller,Long-tailed Roller,,,,,
1373,279,1546,avibase-BCC6CD0D,0,Leptosomiformes,Leptosomidae,Leptosomus,discolor,Cuckoo Roller,Roller,Cuckoo,,,,,
2590,280,1548,avibase-95031C69,0,Coraciiformes,Alcedinidae,Alcedo,thomensis,,Kingfisher,Sao Tome,,,,,
2591,281,1550,avibase-0759A4FB,0,Coraciiformes,Alcedinidae,Alcedo,nais,,Kingfisher,Principe,,,,,
70,282,1552,avibase-9505E03D,0,Coraciiformes,Alcedinidae,Alcedo,atthis,Kingfishers,Kingfisher,Common,,,,,
772,287,1554,avibase-FEBCB5F6,0,Coraciiformes,Alcedinidae,Corythornis,vintsioides,,Kingfisher,Malagasy,,,,,
1270,288,1556,avibase-9BE54916,0,Coraciiformes,Alcedinidae,Ispidina,lecontei,Kingfishers,Dwarf Kingfisher,African,,,,,
771,290,1558,avibase-EDF78342,0,Coraciiformes,Alcedinidae,Corythornis,madagascariensis,,Pygmy Kingfisher,Madagascan,,,,,
1173,292,1560,avibase-BD366A8F,0,Coraciiformes,Dacelonidae,Halcyon,badia,Kingfishers,Kingfisher,Chocolate-backed,,,,,
1179,298,1562,avibase-B30B6781,0,Coraciiformes,Dacelonidae,Halcyon,smyrnensis,Kingfishers,Kingfisher,White-throated,,,,,
2411,299,1564,avibase-5DA28D37,0,Coraciiformes,Alcedinidae,Todiramphus,chloris,,Kingfisher,Collared,,,,,
1512,306,1566,avibase-4A34E9CE,0,Coraciiformes,Meropidae,Merops,breweri,Bee-eaters,Bee-eater,Black-headed,,,,,
1514,308,1568,avibase-E6DC5DA1,0,Coraciiformes,Meropidae,Merops,bulocki,Bee-eaters,Bee-eater,Red-throated,,,,,
1515,309,1570,avibase-3B472CF5,0,Coraciiformes,Meropidae,Merops,gularis,Bee-eaters,Bee-eater,Black,,,,,
1517,311,1572,avibase-32E6DB03,0,Coraciiformes,Meropidae,Merops,malimbicus,Bee-eaters,Bee-eater,Rosy,,,,,
1518,312,1574,avibase-72CAA64D,0,Coraciiformes,Meropidae,Merops,muelleri,Bee-eaters,Bee-eater,Blue-headed,,,,,
1520,313,1576,avibase-2125426A,0,Coraciiformes,Meropidae,Merops,nubicus,Bee-eaters,Bee-eater,Northern Carmine,,,,,
1521,314,1578,avibase-B85B93BB,0,Coraciiformes,Meropidae,Merops,oreobates,Bee-eaters,Bee-eater,Cinnamon-chested,,,,,
1522,315,1580,avibase-759AD1FB,0,Coraciiformes,Meropidae,Merops,orientalis,Bee-eaters,Bee-eater,Green,,,,,
1525,318,1582,avibase-AFA39D5A,0,Coraciiformes,Meropidae,Merops,revoilii,Bee-eaters,Bee-eater,Somali,,,,,
1527,320,1584,avibase-A90C512F,0,Coraciiformes,Meropidae,Merops,variegatus,Bee-eaters,Bee-eater,Blue-breasted,,,,,
717,321,1586,avibase-A7746907,0,Coliiformes,Coliidae,Colius,castanotus,Mousebirds,Mousebird,Red-backed,,,,,
719,323,1588,avibase-ADDB3611,0,Coliiformes,Coliidae,Colius,leucocephalus,Mousebirds,Mousebird,White-headed,,,,,
2502,326,1590,avibase-E45D9EB2,0,Coliiformes,Coliidae,Urocolius,macrourus,Mousebirds,Mousebird,Blue-naped,,,,,
503,327,1592,avibase-D64491E4,0,Cuculiformes,Cuculidae,Cercococcyx,mechowi,Cuckoos,Cuckoo,Dusky Long-tailed,,,,,
505,329,1594,avibase-CB8FBD65,0,Cuculiformes,Cuculidae,Cercococcyx,olivinus,Cuckoos,Cuckoo,Olive Long-tailed,,,,,
525,331,1596,avibase-E0D521B7,0,Cuculiformes,Cuculidae,Ceuthmochares,aereus,Cuckoos,Malkoha,Blue,,,,,
584,334,1598,avibase-A4427701,0,Cuculiformes,Cuculidae,Chrysococcyx,flavigularis,Cuckoos,Cuckoo,Yellow-throated,,,,,
791,339,1600,avibase-B569EDF7,0,Cuculiformes,Cuculidae,Coua,caerulea,Cuckoos,Coua,Blue,,,,,
792,340,1602,avibase-39649172,0,Cuculiformes,Cuculidae,Coua,coquereli,Cuckoos,Coua,Coquerel's,,,,,
793,341,1604,avibase-FCAB4323,0,Cuculiformes,Cuculidae,Coua,cristata,Cuckoos,Coua,Crested,,,,,
794,342,1606,avibase-6643841C,0,Cuculiformes,Cuculidae,Coua,cursor,Cuckoos,Coua,Running,,,,,
2592,343,1608,avibase-CBAC0BBC,0,Cuculiformes,Cuculidae,Coua,delalandei,Cuckoos,Coua,Snail-eating,,,,,
795,344,1610,avibase-CAFE4C4C,0,Cuculiformes,Cuculidae,Coua,gigas,Cuckoos,Coua,Giant,,,,,
796,345,1612,avibase-7B86087B,0,Cuculiformes,Cuculidae,Coua,reynaudii,Cuckoos,Coua,Red-fronted,,,,,
797,346,1614,avibase-8DC737F8,0,Cuculiformes,Cuculidae,Coua,ruficeps,Cuckoos,Coua,Red-capped,,,,,
798,347,1616,avibase-CC72DA7A,0,Cuculiformes,Cuculidae,Coua,serriana,Cuckoos,Coua,Red-breasted,,,,,
799,348,1618,avibase-BD0EDFE1,0,Cuculiformes,Cuculidae,Coua,verreauxi,Cuckoos,Coua,Verreaux's,,,,,
860,353,1620,avibase-C2E0717C,964,Cuculiformes,Cuculidae,Cuculus,rochii,Cuckoos,Cuckoo,Madagascan,,,,,
2594,356,1622,avibase-3499657F,0,Cuculiformes,Centropodidae,Centropus,neumanni,,Coucal,Neumann's,,,,,
492,358,1624,avibase-120AEEC0,0,Cuculiformes,Centropodidae,Centropus,anselli,Cuckoos,Coucal,Gabon,,,,,
496,361,1626,avibase-A0CB9C06,0,Cuculiformes,Centropodidae,Centropus,leucogaster,Cuckoos,Coucal,Black-throated,,,,,
497,362,1628,avibase-7C879D6D,0,Cuculiformes,Centropodidae,Centropus,monachus,Cuckoos,Coucal,Blue-headed,,,,,
500,365,1630,avibase-6F7BCBE5,0,Cuculiformes,Centropodidae,Centropus,toulou,Cuckoos,Coucal,Malagasy,,,,,
716,366,1632,avibase-0CF12F81,0,Cuculiformes,Cuculidae,Coccyzus,americanus,Cuckoos,Cuckoo,Yellow-billed,,,,,
47,368,1634,avibase-D4686ACD,0,Psittaciformes,Psittacidae,Agapornis,canus,African & New World Parrots,Lovebird,Grey-headed,,,,,
48,369,1636,avibase-E1EE00F7,0,Psittaciformes,Psittacidae,Agapornis,fischeri,African & New World Parrots,Lovebird,Fischer's,,,,,
53,371,1638,avibase-4396F4F1,0,Psittaciformes,Psittacidae,Agapornis,personatus,African & New World Parrots,Lovebird,Yellow-collared,,,,,
54,372,1640,avibase-1E2EC99C,0,Psittaciformes,Psittacidae,Agapornis,pullarius,African & New World Parrots,Lovebird,Red-headed,,,,,
56,374,1642,avibase-D44EE47D,0,Psittaciformes,Psittacidae,Agapornis,swindernianus,African & New World Parrots,Lovebird,Black-collared,,,,,
57,375,1644,avibase-39DAF131,0,Psittaciformes,Psittacidae,Agapornis,taranta,African & New World Parrots,Lovebird,Black-winged,,,,,
754,377,1648,avibase-FCED8B3A,0,Psittaciformes,Psittrichasiidae,Coracopsis,vasa,African & New World Parrots,Parrot,Greater Lesser Vasa,,,,,
1987,379,1650,avibase-0EB10DB3,948,Psittaciformes,Psittacidae,Poicephalus,fuscicollis,,Parrot,Brown-necked,,,,,
1984,380,1652,avibase-6C96E81B,0,Psittaciformes,Psittacidae,Poicephalus,crassus,African & New World Parrots,Parrot,Niam-niam,,,,,
1986,382,1654,avibase-8413D9A5,0,Psittaciformes,Psittacidae,Poicephalus,flavifrons,African & New World Parrots,Parrot,Yellow-fronted,,,,,
1988,384,1656,avibase-83D329B5,0,Psittaciformes,Psittacidae,Poicephalus,gulielmi,African & New World Parrots,Parrot,Red-fronted,,,,,
1992,388,1658,avibase-69661C7D,0,Psittaciformes,Psittacidae,Poicephalus,rufiventris,African & New World Parrots,Parrot,Red-bellied,,,,,
1993,389,1660,avibase-D7F9C6B5,0,Psittaciformes,Psittacidae,Poicephalus,senegalus,African & New World Parrots,Parrot,Senegal,,,,,
2049,392,1662,avibase-69F1E2FC,0,Psittaciformes,Psittacidae,Psittacula,eques,African & New World Parrots,Parakeet,Echo,,Use this. Retire #1042,,,
2051,394,1664,avibase-3DE7F2AD,0,Psittaciformes,Psittacidae,Psittacus,erithacus,African & New World Parrots,Parrot,Grey,,,,,
217,395,1666,avibase-8B5BD4F2,0,Apodiformes,Apodidae,Apus,sladeniae,Swifts,Swift,Fernando Po ,,,,,
206,397,1668,avibase-1C0A5AD9,0,Apodiformes,Apodidae,Apus,alexandri,Swifts,Swift,Cape Verde,,,,,
208,399,1670,avibase-20022FF9,0,Apodiformes,Apodidae,Apus,balstoni,Swifts,Swift,Malagasy Black ,,,,,
210,401,1672,avibase-16A54020,0,Apodiformes,Apodidae,Apus,batesi,Swifts,Swift,Bates's,,,,,
211,402,1674,avibase-45D3FD5A,0,Apodiformes,Apodidae,Apus,berliozi,Swifts,Swift,Forbes-Watson's,,,,,
215,406,1676,avibase-2103011F,0,Apodiformes,Apodidae,Apus,niansae,Swifts,Swift,Nyanza,,,,,
218,408,1678,avibase-59A5A24E,0,Apodiformes,Apodidae,Apus,unicolor,Swifts,Swift,Plain,,,,,
42,409,1680,avibase-C983661F,0,Apodiformes,Apodidae,Aerodramus,elaphrus,,Swiftlet,Seychelles,,,,,
43,410,1682,avibase-C831C041,0,Apodiformes,Apodidae,Aerodramus,francicus,,Swiftlet,Mascarene,,,,,
1607,413,1684,avibase-4CB38AE8,0,Apodiformes,Apodidae,Neafrapus,cassini,Swifts,Spinetail,Cassin's,,,,,
2153,414,1686,avibase-1E12D857,0,Apodiformes,Apodidae,Rhaphidura,sabini,Swifts,Spinetail,Sabine's,,,,,
2195,416,1688,avibase-D0ADF961,0,Apodiformes,Apodidae,Schoutedenapus,schoutedeni,Swifts,Swift,Schouteden's,,,,,
2358,419,1690,avibase-4B79BD9A,0,Apodiformes,Apodidae,Telacanthura,melanopygia,Swifts,Spinetail,Black,,,,,
2553,421,1692,avibase-B0A0EA81,0,Apodiformes,Apodidae,Zoonavena,grandidieri,Swifts,Spinetail,Madagascan,,,,,
2554,422,1694,avibase-66F1256F,0,Apodiformes,Apodidae,Zoonavena,thomensis,Swifts,Spinetail,Sao Tome,,,,,
768,423,1696,avibase-002445CB,0,Musophagiformes,Musophagidae,Corythaeola,cristata,Turacos,Turaco,Great Blue,,,,,
804,424,1698,avibase-2AA4BC58,0,Passeriformes,Pycnonotidae,Crinifer,leucogaster,Turacos,Go-away-bird,White-bellied,,,,,
805,426,1700,avibase-215428B0,0,Musophagiformes,Musophagidae,Crinifer,personatus,Turacos,Go-away-bird,Bare-faced,,,,,
806,427,1702,avibase-3C3092F9,0,Passeriformes,Pycnonotidae,Crinifer,piscator,Turacos,Plantain-eater,Western,,,,,
807,428,1704,avibase-10B14696,0,Passeriformes,Pycnonotidae,Crinifer,zonurus,Turacos,Plantain-eater,Eastern,,,,,
1114,429,1706,avibase-FE42CA06,0,Musophagiformes,Musophagidae,Gallirex,johnstoni,Turacos,Turaco,Rwenzori,,,,,
1593,432,1708,avibase-3893974C,0,Musophagiformes,Musophagidae,Musophaga,violacea,Turacos,Turaco,Violet,,,,,
2347,434,1710,avibase-12FE1ED5,951,Musophagiformes,Musophagidae,Tauraco,livingstonii,Turacos,Turaco,Livingstone's,,,,,
2340,436,1712,avibase-2226EEC4,0,Musophagiformes,Musophagidae,Tauraco,bannermani,Turacos,Turaco,Bannerman's,,,,,
2342,437,1714,avibase-91187A52,0,Musophagiformes,Musophagidae,Tauraco,erythrolophus,Turacos,Turaco,Red-crested,,,,,
2343,438,1716,avibase-D5846D2A,0,Musophagiformes,Musophagidae,Tauraco,fischeri,Turacos,Turaco,Fischer's,,,,,
2344,439,1718,avibase-94214F1C,0,Musophagiformes,Musophagidae,Tauraco,hartlaubi,Turacos,Turaco,Hartlaub's,,,,,
2345,440,1720,avibase-FF2AF138,0,Musophagiformes,Musophagidae,Tauraco,leucolophus,Turacos,Turaco,White-crested,,,,,
2346,441,1722,avibase-E1F0E4B5,0,Musophagiformes,Musophagidae,Tauraco,leucotis,Turacos,Turaco,White-cheeked,,,,,
2348,442,1724,avibase-EEC520B0,0,Musophagiformes,Musophagidae,Tauraco,macrorhynchus,Turacos,Turaco,Yellow-billed,,,,,
2349,443,1726,avibase-0B36500B,0,Musophagiformes,Musophagidae,Tauraco,persa,Turacos,Turaco,Guinea,,,,,
2351,444,1728,avibase-F9A59545,0,Musophagiformes,Musophagidae,Tauraco,ruspolii,Turacos,Turaco,Ruspoli's,,,,,
2353,445,1730,avibase-C9A1C773,0,Musophagiformes,Musophagidae,Tauraco,schuettii,Turacos,Turaco,Black-billed,,,,,
1812,446,1732,vibase-07C0389D,0,Strigiformes,Tytonidae,Phodilus,prigoginei,Barn Owls,Owl,Congo Bay,,,,,
2599,449,1734,avibase-E15B4D3F,0,Strigiformes,Tytonidae,Tyto,alba detorta,,Owl,Cape Verde Barn,,,,,
2490,450,1736,avibase-BDD10FB1,0,Strigiformes,Tytonidae,Tyto,soumagnei,Barn Owls,Owl,Red,,,,,
261,451,1738,avibase-250123FB,0,Strigiformes,Strigidae,Asio,abyssinicus,Owls,Owl,Abyssinian,,,,,
263,453,1740,avibase-8F123A11,0,Strigiformes,Strigidae,Asio,flammeus,Owls,Owl,Short-eared,,,,,
264,454,1742,avibase-D3DBC5EE,0,Strigiformes,Strigidae,Asio,madagascariensis,Owls,Owl,Madagascan,,,,,
265,455,1744,avibase-FC4D40D2,0,Strigiformes,Strigidae,Asio,otus,Owls,Owl,Long-eared,,,,,
268,456,1746,avibase-9A7B268C,0,Strigiformes,Strigidae,Athene,noctua,Owls,Owl,Little,,,,,
339,457,1748,avibase-9FD4D3D9,0,Strigiformes,Strigidae,Bubo,ascalaphus,Owls,Eagle-Owl,Pharaoh,,,,,
347,458,1750,avibase-2EB9470D,0,Strigiformes,Strigidae,Bubo,poensis vosseleri,,Eagle-Owl,Usambara,,,,,
340,460,1752,avibase-5516AEB3,0,Strigiformes,Strigidae,Bubo,bubo,Owls,Eagle-Owl,Eurasian,,,,,
342,462,1754,avibase-0018A99B,0,Strigiformes,Strigidae,Bubo,cinerascens,Owls,Eagle-Owl,Greyish,,,,,
344,464,1756,avibase-B55D5658,0,Strigiformes,Strigidae,Bubo,leucostictus,Owls,Eagle-Owl,Akun,,,,,
345,465,1758,avibase-733CBE2A,0,Strigiformes,Strigidae,Bubo,poensis,Owls,Eagle-Owl,Fraser's,,,,,
346,466,1760,avibase-AFF21113,0,Strigiformes,Strigidae,Bubo,shelleyi,Owls,Eagle-Owl,Shelley's,,,,,
1145,470,1762,avibase-9C464D6F,0,Strigiformes,Strigidae,Glaucidium,sjostedti,Owls,Owlet,Sjöstedt's Barred,,,,,
1146,471,1764,avibase-E05A96F3,0,Strigiformes,Strigidae,Glaucidium,tephronotum,Owls,Owlet,Red-chested,,,,,
1276,472,1766,avibase-15A1DBE8,0,Strigiformes,Strigidae,Jubula,lettii,Owls,Owl,Maned,,,,,
2600,473,1768,avibase-8874AA69,0,Strigiformes,Strigidae,Athene,superciliaris,Owls,Owl,White-browed,,,,,
1723,475,1770,avibase-08C90B0F,0,Gruiformes,Otididae,Otus,brucei,Owls,Scops Owl,Pallid,,,,,
2632,1227,1771,avibase-7DC78D7A,0,Passeriformes,Platysteiridae,Platysteira,jamesoni,,Wattle-eye,Jameson's,,,,,
1724,476,1772,avibase-427BC65A,0,Gruiformes,Otididae,Otus,capnodes,Owls,Scops Owl,Anjouan,,,,,
1725,477,1774,avibase-991885F0,0,Gruiformes,Otididae,Otus,hartlaubi,Owls,Scops Owl,Sao Tome ,,,,,
1726,478,1776,avibase-9CD0C8FE,0,Gruiformes,Otididae,Otus,icterorhynchus,Owls,Scops Owl,Sandy,,,,,
1727,479,1778,avibase-0A22AE9B,0,Gruiformes,Otididae,Otus,insularis,Owls,Scops Owl,Seychelles,,,,,
1728,480,1780,avibase-75194A63,0,Gruiformes,Otididae,Otus,ireneae,Owls,Scops Owl,Sokoke,,,,,
1729,481,1782,avibase-EDFC0AD6,0,Gruiformes,Otididae,Otus,moheliensis,Owls,Scops Owl,Moheli,,,,,
1730,482,1784,avibase-A7509E6E,0,Gruiformes,Otididae,Otus,pauliani,Owls,Scops Owl,Karthala,,,,,
1731,483,1786,avibase-1044DCBD,0,Gruiformes,Otididae,Otus,pembaensis,Owls,Scops Owl,Pemba,,,,,
1732,484,1788,avibase-C64380C6,0,Gruiformes,Otididae,Otus,rutilus,Owls,Scops Owl,Rainforest,,,,,
1733,485,1790,avibase-2C7AA154,0,Gruiformes,Otididae,Otus,scops,Owls,Scops Owl,Eurasian,,,,,
2104,487,1792,avibase-E561A180,0,Strigiformes,Strigidae,Ptilopsis,leucotis,Owls,Owl,Northern White-faced,,,,,
2206,488,1794,avibase-E0D3E4C1,0,Strigiformes,Strigidae,Scotopelia,bouvieri,Owls,Owl,Vermiculated Fishing ,,,,,
2208,490,1796,avibase-F07B8BD1,0,Strigiformes,Strigidae,Scotopelia,ussheri,Owls,Owl,Rufous Fishing ,,,,,
2287,491,1798,avibase-37A12174,0,Strigiformes,Strigidae,Strix,aluco,Owls,Owl,Tawny,,,,,
2288,492,1800,avibase-6590EFD4,0,Strigiformes,Strigidae,Strix,butleri,Owls,Owl,Omani,,,,,
1142,494,1802,avibase-AFD0411D,0,Strigiformes,Strigidae,Glaucidium,albertinum,Owls,Owlet,Albertine,,,,,
477,495,1804,avibase-4535D9AB,0,Strigiformes,Caprimulgidae,Caprimulgus,solala,Nightjars,Nightjar,Nechisar,,,,,
469,496,1806,avibase-AB8E1D95,0,Strigiformes,Caprimulgidae,Caprimulgus,nigriscapularis,,Nightjar,Black-shouldered,,,,,
456,497,1808,avibase-2F7F0244,0,Strigiformes,Caprimulgidae,Caprimulgus,aegyptius,Nightjars,Nightjar,Egyptian,,,,,
457,498,1810,avibase-CCA7AB2D,0,Strigiformes,Caprimulgidae,Caprimulgus,batesi,Nightjars,Nightjar,Bates's,,,,,
2523,499,1812,avibase-BBC51216,0,Strigiformes,Caprimulgidae,Veles,binotatus,,Nightjar,Brown,,,,,
458,500,1814,avibase-54494BCE,0,Strigiformes,Caprimulgidae,Caprimulgus,clarus,Nightjars,Nightjar,Slender-tailed,,,,,
459,501,1816,avibase-A20EA34D,0,Strigiformes,Caprimulgidae,Caprimulgus,climacurus,Nightjars,Nightjar,Long-tailed,,,,,
460,502,1818,avibase-D1D9B619,0,Strigiformes,Caprimulgidae,Caprimulgus,donaldsoni,Nightjars,Nightjar,Donaldson Smiths's,,,,,
1103,503,1820,avibase-D0AA9105,0,Strigiformes,Caprimulgidae,Gactornis,enarratus,,Nightjar,Collared,,,,,
462,505,1822,avibase-589694DD,0,Strigiformes,Caprimulgidae,Caprimulgus,eximius,Nightjars,Nightjar,Golden,,,,,
464,507,1824,avibase-E93A0F33,0,Strigiformes,Caprimulgidae,Caprimulgus,fraenatus,Nightjars,Nightjar,Sombre,,,,,
465,508,1826,avibase-7C3959D6,0,Strigiformes,Caprimulgidae,Caprimulgus,inornatus,Nightjars,Nightjar,Plain,,,,,
467,509,1828,avibase-0F8EB10D,0,Strigiformes,Caprimulgidae,Caprimulgus,madagascariensis,Nightjars,Nightjar,Madagascan,,,,,
470,511,1830,avibase-626D56E4,0,Strigiformes,Caprimulgidae,Caprimulgus,nubicus,,Nightjar,Nubian,,,,,
473,514,1832,avibase-4B58353A,0,Strigiformes,Caprimulgidae,Caprimulgus,prigoginei,Nightjars,Nightjar,Prigogine's,,,,,
474,515,1834,avibase-6CC3D04B,0,Strigiformes,Caprimulgidae,Caprimulgus,ruficollis,Nightjars,Nightjar,Red-necked,,,,,
478,517,1836,avibase-CE884D49,0,Strigiformes,Caprimulgidae,Caprimulgus,stellatus,Nightjars,Nightjar,Star-spotted,,,,,
466,519,1838,avibase-D36F4D98,0,Strigiformes,Caprimulgidae,Caprimulgus,longipennis,,Nightjar,Standard-winged,,,,,
476,521,1840,avibase-1DD39E63,0,Strigiformes,Caprimulgidae,Caprimulgus,ruwenzorii,,Nightjar,Rwenzori,,,,,
75,522,1842,avibase-F87511B3,0,Columbiformes,Columbidae,Alectroenas,madagascariensis,"Pigeons, Doves",Pigeon,Madagascan Blue,,,,,
77,524,1844,avibase-E396A643,0,Columbiformes,Columbidae,Alectroenas,sganzini,"Pigeons, Doves",Pigeon,Comoros Blue,,,,,
722,526,1846,avibase-A1B9BB88,0,Columbiformes,Columbidae,Columba,albinucha,"Pigeons, Doves",Pigeon,White-naped,,,,,
723,527,1848,avibase-DD7C4C78,0,Columbiformes,Columbidae,Columba,albitorques,"Pigeons, Doves",Pigeon,White-collared,,,,,
727,531,1850,avibase-3FC9BA60,0,Columbiformes,Columbidae,Columba,iriditorques,"Pigeons, Doves",Pigeon,Western Bronze-naped,,,,,
730,533,1852,avibase-E6393B15,0,Columbiformes,Columbidae,Columba,malherbii,"Pigeons, Doves",Pigeon,Island Bronze-naped,,,,,
731,535,1854,avibase-68E4C0D1,0,Columbiformes,Columbidae,Columba,oenas,"Pigeons, Doves",Dove,Stock,,,,,
732,536,1856,avibase-37B66CCF,0,Columbiformes,Columbidae,Columba,oliviae,"Pigeons, Doves",Pigeon,Somali,,,,,
733,537,1858,avibase-760F307A,0,Columbiformes,Columbidae,Columba,palumbus,"Pigeons, Doves",Wood Pigeon,Common,,,,,
2601,538,1860,avibase-CDDEA7EB,0,Columbiformes,Columbidae,Nesoenas,picturatus,,Dove,Malagasy Turtle,,,,,
734,539,1862,avibase-05BBFC8E,0,Columbiformes,Columbidae,Columba,pollenii,"Pigeons, Doves",Olive Pigeon,Comoros,,,,,
735,540,1864,avibase-757ABA94,0,Columbiformes,Columbidae,Columba,sjostedti,"Pigeons, Doves",Olive Pigeon,Cameroon,,,,,
736,541,1866,avibase-8288E54D,0,Columbiformes,Columbidae,Columba,thomensis,"Pigeons, Doves",Olive Pigeon,Sao Tome,,,,,
737,542,1868,avibase-1A145C89,0,Columbiformes,Columbidae,Columba,unicincta,"Pigeons, Doves",Pigeon,Afep,,,,,
2278,546,1870,avibase-0C1EFC9B,0,Columbiformes,Columbidae,Streptopelia,decaocto,"Pigeons, Doves",Dove,Eurasian Collared,,,,,
2280,548,1872,avibase-3D386DBA,0,Columbiformes,Columbidae,Streptopelia,hypopyrrha,"Pigeons, Doves",Dove,Adamawa Turtle,,,,,
2281,549,1874,avibase-8770C6A7,0,Columbiformes,Columbidae,Streptopelia,lugens,"Pigeons, Doves",Dove,Dusky Turtle,,,,,
2282,551,1876,avibase-65FE8029,0,Columbiformes,Columbidae,Streptopelia,reichenowi,"Pigeons, Doves",Dove,White-winged Collared,,,,,
2283,552,1878,avibase-273A4A2F,0,Columbiformes,Columbidae,Streptopelia,roseogrisea,"Pigeons, Doves",Dove,African Collared,,,,,
2286,556,1880,avibase-DDEF7228,0,Columbiformes,Columbidae,Streptopelia,vinacea,"Pigeons, Doves",Dove,Vinaceous,,,,,
2418,557,1882,avibase-BA5B5935,0,Columbiformes,Columbidae,Treron,australis,"Pigeons, Doves",Pigeon,Madagascan Green,,,,,
2420,559,1884,avibase-1DC1F8E7,0,Columbiformes,Columbidae,Treron,pembaensis,"Pigeons, Doves",Pigeon,Pemba Green,,,,,
2421,560,1886,avibase-8F575A0E,0,Columbiformes,Columbidae,Treron,sanctithomae,"Pigeons, Doves",Pigeon,Sao Tome,,,,,
2422,561,1888,avibase-46C90944,0,Columbiformes,Columbidae,Treron,waalia,"Pigeons, Doves",Pigeon,Bruce's Green,,,,,
2482,562,1890,avibase-72B71F11,0,Columbiformes,Columbidae,Turtur,abyssinicus,"Pigeons, Doves",Wood-Dove,Black-billed,,,,,
2484,564,1892,avibase-0CA6EE59,0,Columbiformes,Columbidae,Turtur,brehmeri,"Pigeons, Doves",Wood-Dove,Blue-headed,,,,,
243,569,1894,avibase-6A394479,0,Gruiformes,Otididae,Ardeotis,arabs,Bustards,Bustard,Arabian,,,,,
559,571,1896,avibase-1BCEB0FD,0,Gruiformes,Otididae,Chlamydotis,macqueenii,,Bustard,Macqueen's,,,,,
560,572,1898,avibase-5714C710,0,Gruiformes,Otididae,Chlamydotis,undulata,Bustards,Bustard,Houbara,,,,,
1407,573,1900,avibase-968D57F9,0,Gruiformes,Otididae,Lophotis,gindiana,,Bustard,Buff-crested,,,,,
1409,574,1902,avibase-8F3D1E6F,0,Gruiformes,Otididae,Lophotis,savilei,,Bustard,Savile's,,,,,
2602,575,1904,avibase-BE3708DD,0,Gruiformes,Otididae,Eupodotis,barrowii,,Bustard,Barrow's (Southern White-bellied),,,,,
1387,577,1906,avibase-402E7401,0,Gruiformes,Otididae,Lissotis,hartlaubii,,Bustard,Hartlaub's,,,,,
1033,578,1908,avibase-1BF89BB6,0,Gruiformes,Otididae,Eupodotis,humilis,,Brown Bustard,Little,,,,,
1627,585,1910,avibase-4971D1EF,0,Gruiformes,Otididae,Neotis,heuglinii,Bustards,Bustard,Heuglin's,,,,,
1629,587,1912,avibase-22160251,0,Gruiformes,Otididae,Neotis,nuba,Bustards,Bustard,Nubian,,,,,
1722,588,1914,avibase-C6F33176,0,Gruiformes,Otididae,Otis,tarda,Bustards,Bustard,Great,,,,,
2375,589,1916,avibase-56E3016D,0,Gruiformes,Otididae,Tetrax,tetrax,Bustards,Bustard,Little,,,,,
282,591,1918,avibase-31413BFF,0,Gruiformes,Gruidae,Balearica,pavonina,Cranes,Crane,Black Crowned ,,,,,
1153,594,1920,avibase-64DDD14D,0,Gruiformes,Gruidae,Grus,virgo,Cranes,Crane,Demoiselle,,,,,
1151,595,1922,avibase-99B8841E,0,Gruiformes,Gruidae,Grus,grus,Cranes,Crane,Common,,,,,
88,599,1924,avibase-60DB3117,0,Gruiformes,Rallidae,Amaurornis,olivieri,,Rail,Sakalava,,,,,
454,601,1926,avibase-047A7C80,0,Gruiformes,Rallidae,Canirallus,kioloides,,Rail,Madagascan Wood,,,,,
455,602,1928,avibase-AF31F966,0,Gruiformes,Rallidae,Canirallus,oculeus,"Rails, Crakes and Coots",Rail,Grey-throated,,,,,
1099,606,1930,avibase-B682B2A9,0,Gruiformes,Rallidae,Fulica,atra,"Rails, Crakes and Coots",Coot,Eurasian,,,,,
1197,611,1932,avibase-8D6E495E,0,Gruiformes,Rallidae,Himantornis,haematopus,"Rails, Crakes and Coots",Rail,Nkulengu,,,,,
2002,615,1934,avibase-9106EBE6,0,Gruiformes,Rallidae,Porzana,parva,,Crake,Little,,,,,
2144,618,1936,avibase-DE1D2DF4,0,Gruiformes,Rallidae,Rallus,aquaticus,"Rails, Crakes and Coots",Rail,Water,,,,,
2146,620,1938,avibase-DBBFE96E,0,Gruiformes,Rallidae,Rallus,madagascariensis,"Rails, Crakes and Coots",Rail,Madagascan,,,,,
2169,621,1940,avibase-5889EE23,0,Gruiformes,Rallidae,Rougetius,rougetii,"Rails, Crakes and Coots",Rail,Rouget's,,,,,
2180,626,1942,avibase-258E8923,0,Gruiformes,Rallidae,Sarothrura,insularis,"Rails, Crakes and Coots",Flufftail,Madagascan,,,,,
2182,628,1944,avibase-6EF64F69,0,Gruiformes,Rallidae,Sarothrura,pulchra,"Rails, Crakes and Coots",Flufftail,White-spotted,,,,,
2184,630,1946,avibase-E3A4AF84,0,Gruiformes,Rallidae,Sarothrura,watersi,"Rails, Crakes and Coots",Flufftail,Slender-billed,,,,,
1528,631,1948,avibase-9963109A,0,Mesitornithiformes,Mesitornithidae,Mesitornis,unicolor,Mesites,Mesite,Brown,,,,,
1529,632,1950,avibase-ABDA1FE5,0,Mesitornithiformes,Mesitornithidae,Mesitornis,variegatus,,Mesite,White-breasted,,,,,
1556,633,1952,avibase-E3662B23,0,Mesitornithiformes,Mesitornithidae,Monias,benschi,Mesites,Mesite,Subdesert,,,,,
2075,634,1954,avibase-493C4CF8,0,Galliformes,Phasianidae,Pterocles,alchata,Sandgrouse,Sandgrouse,Pin-tailed,,,,,
2078,637,1956,avibase-90194DA5,0,Charadriiformes,Pteroclidae,Pterocles,coronatus,Sandgrouse,Sandgrouse,Crowned,,,,,
2079,638,1958,avibase-70AFED2C,0,Charadriiformes,Pteroclidae,Pterocles,decoratus,Sandgrouse,Sandgrouse,Black-faced,,,,,
2080,639,1960,avibase-F5DE9155,0,Charadriiformes,Pteroclidae,Pterocles,exustus,Sandgrouse,Sandgrouse,Chestnut-bellied,,,,,
2082,641,1962,avibase-F3715F7B,0,Charadriiformes,Pteroclidae,Pterocles,lichtensteinii,Sandgrouse,Sandgrouse,Lichtenstein's,,,,,
2084,643,1964,avibase-06B41945,0,Charadriiformes,Pteroclidae,Pterocles,orientalis,Sandgrouse,Sandgrouse,Black-bellied,,,,,
2085,644,1966,avibase-AFBB3FB7,0,Charadriiformes,Pteroclidae,Pterocles,personatus,Sandgrouse,Sandgrouse,Madagascan,,,,,
2086,645,1968,avibase-461482EA,0,Charadriiformes,Pteroclidae,Pterocles,quadricinctus,Sandgrouse,Sandgrouse,Four-banded,,,,,
2087,646,1970,avibase-942BC618,0,Charadriiformes,Pteroclidae,Pterocles,senegallus,Sandgrouse,Sandgrouse,Spotted,,,,,
2332,647,1972,avibase-BDCB55F1,0,Pteroclidiformes,Pteroclididae,Syrrhaptes,paradoxus,Sandgrouse,Sandgrouse,Pallas's,,,,,
37,649,1974,avibase-0D88C072,0,Charadriiformes,Scolopacidae,Actitis,macularius,,Sandpiper,Spotted,,,,,
410,657,1976,avibase-0A0B8431,0,Charadriiformes,Scolopacidae,Calidris,maritima,"Sandpipers, Snipes",Sandpiper,Purple,,,,,
414,660,1978,avibase-F35821AA,0,Charadriiformes,Scolopacidae,Calidris,pusilla,"Sandpipers, Snipes",Sandpiper,Semipalmated,,,,,
419,664,1980,avibase-09C51FA9,968,Charadriiformes,Scolopacidae,Calidris,tenuirostris,"Sandpipers, Snipes",Knot,Great,,,,,
1109,666,1982,avibase-11B37CB0,0,Charadriiformes,Scolopacidae,Gallinago,macrodactyla,"Sandpipers, Snipes",Snipe,Madagascan,,,,,
1112,669,1984,avibase-EE61E2CA,0,Charadriiformes,Scolopacidae,Gallinago,stenura,"Sandpipers, Snipes",Snipe,Pin-tailed,,,,,
1378,671,1986,avibase-CB343E43,0,Charadriiformes,Scolopacidae,Limnodromus,scolopaceus,"Sandpipers, Snipes",Dowitcher,Long-billed,,,,,
1427,675,1988,avibase-1A15F0C6,0,Charadriiformes,Scolopacidae,Lymnocryptes,minimus,"Sandpipers, Snipes",Snipe,Jack,,,,,
1661,678,1990,avibase-7A35DE81,0,Charadriiformes,Scolopacidae,Numenius,tenuirostris,"Sandpipers, Snipes",Curlew,Slender-billed,,,,,
2203,682,1992,avibase-BFE14290,0,Charadriiformes,Scolopacidae,Scolopax,rusticola,"Sandpipers, Snipes",Woodcock,Eurasian,,,,,
2436,690,1994,avibase-D4A73324,0,Charadriiformes,Scolopacidae,Tringa,solitaria,"Sandpipers, Snipes",Sandpiper,Solitary,,,,,
39,697,1996,avibase-640D2B03,0,Charadriiformes,Jacanidae,Actophilornis,albinucha,Jacanas,Jacana,Madagascan,,,,,
359,702,1998,avibase-C7DB323E,0,Charadriiformes,Burhinidae,Burhinus,oedicnemus,"Stone-curlews, Thick-knees",Stone-curlew,Eurasian,,,,,
360,703,2000,avibase-85DF723B,0,Charadriiformes,Burhinidae,Burhinus,senegalensis,"Stone-curlews, Thick-knees",Thick-knee,Senegal,,,,,
539,705,2002,avibase-0A787822,909,Charadriiformes,Charadriidae,Anarhynchus,alexandrinus,Plovers,Plover,Kentish,,"Anarhynchus alexandrinus, new Genus",,,
550,715,2004,avibase-9EB06C93,0,Charadriiformes,Charadriidae,Anarhynchus,sanctaehelenae,Plovers,Plover,St. Helena,,new Genus,,,
547,718,2006,avibase-1FFFEF4E,0,Charadriiformes,Charadriidae,Eudromias,morinellus,Plovers,Dotterel,Eurasian,,"Eudromias morinellus, new Genus",,,
2604,719,2008,avibase-D74FDD2D,0,Charadriiformes,Haematopodidae,Haematopus,meadewaldoi †,Oystercatchers,Oystercatcher,Canary Islands,,,,,
1959,723,2010,avibase-25A20BA6,0,Charadriiformes,Scolopacidae,Pluvialis,apricaria,Plovers,Plover,European Golden,,,,,
2512,732,2012,avibase-D348C2D6,0,Charadriiformes,Charadriidae,Vanellus,gregarius,Plovers,Lapwing,Sociable,,,,,
2513,733,2014,avibase-A480FDDF,0,Charadriiformes,Charadriidae,Vanellus,leucurus,Plovers,Lapwing,White-tailed,,,,,
2515,735,2016,avibase-C76146F3,0,Charadriiformes,Charadriidae,Vanellus,melanocephalus,Plovers,Lapwing,Spot-breasted,,,,,
2519,739,2018,avibase-881C954D,0,Charadriiformes,Charadriidae,Vanellus,superciliosus,Plovers,Lapwing,Brown-chested,,,,,
2520,740,2020,avibase-D531B5D3,0,Charadriiformes,Charadriidae,Vanellus,tectus,Plovers,Lapwing,Black-headed,,,,,
2521,741,2022,avibase-F029489A,0,Charadriiformes,Charadriidae,Vanellus,vanellus,Plovers,Lapwing,Northern,,,,,
865,742,2024,avibase-DE0A72A7,0,Charadriiformes,Glareolidae,Cursorius,cursor,"Coursers, Pratincoles",Courser,Cream-colored,,,,,
867,744,2026,avibase-6091E70B,0,Charadriiformes,Glareolidae,Cursorius,somalensis,"Coursers, Pratincoles",Courser,Somali,,,,,
1134,747,2028,avibase-B21AF428,0,Charadriiformes,Glareolidae,Glareola,cinerea,"Coursers, Pratincoles",Pratincole,Grey,,,,,
1135,748,2030,avibase-3222F80F,0,Charadriiformes,Glareolidae,Glareola,maldivarum,"Coursers, Pratincoles",Pratincole,Oriental,,,,,
1963,753,2032,avibase-1B28A4B6,0,Charadriiformes,Pluvianidae,Pluvianus,aegyptius,,Plover,Egyptian,,,,,
69,757,2034,avibase-64F4DD81,0,Coraciiformes,Alcedinidae,Alca,torda,Auks,,Razorbill,,,,,
80,758,2036,avibase-B0932D89,0,Charadriiformes,Alcidae,Alle,alle,Auks,Auk,Little,,,,,
2261,764,2038,avibase-BB041C6E,0,Charadriiformes,Laridae,Stercorarius,skua,Skuas,Skua,Great,,,,,
1089,768,2040,avibase-2771624B,0,Charadriiformes,Alcidae,Fratercula,arctica,Auks,Puffin,Atlantic,,,,,
1367,770,2042,avibase-4592C07E,2042,Charadriiformes,Laridae,Larus,heuglini,,Gull,Heuglin's,,,,,
1360,772,2044,avibase-F6951FF7,0,Charadriiformes,Laridae,Larus,armenicus,"Gulls, Terns and Skimmers",Gull,Armenian,,,,,
1376,773,2046,avibase-6CDC3C9C,0,Charadriiformes,Laridae,Leucophaeus,atricilla,"Gulls, Terns and Skimmers",Gull,Laughing,,,,,
1239,774,2048,avibase-F7B9355E,0,Charadriiformes,Laridae,Ichthyaetus,audouinii,"Gulls, Terns and Skimmers",Gull,Audouin's,,,,,
1361,775,2050,avibase-93CA037F,0,Charadriiformes,Laridae,Larus,cachinnans,"Gulls, Terns and Skimmers",Gull,Caspian,,,,,
1362,776,2052,avibase-00DA9D91,0,Charadriiformes,Laridae,Larus,canus,"Gulls, Terns and Skimmers",Gull,Mew,,,,,
1363,778,2054,avibase-23863F65,0,Charadriiformes,Laridae,Larus,delawarensis,"Gulls, Terns and Skimmers",Gull,Ring-billed,,,,,
1366,782,2056,avibase-03AC32BA,0,Charadriiformes,Laridae,Larus,glaucescens,"Gulls, Terns and Skimmers",Gull,Glaucous-winged,,,,,
1240,784,2058,avibase-67D43542,0,Charadriiformes,Laridae,Ichthyaetus,hemprichii,"Gulls, Terns and Skimmers",Gull,Sooty,,,,,
1368,785,2060,avibase-A59FA446,0,Charadriiformes,Laridae,Larus,hyperboreus,"Gulls, Terns and Skimmers",Gull,Glaucous,,,,,
2606,786,2062,avibase-E826E9F3,0,Charadriiformes,Laridae,Larus,marinus,"Gulls, Terns and Skimmers",Gull,Great Black-backed,,retire,retired,,
1369,788,2064,avibase-E826E9F3,0,Charadriiformes,Laridae,Larus,marinus,"Gulls, Terns and Skimmers",Gull,Great Black-backed,,changed Common_group name,in use,,
1242,789,2066,avibase-052BFA8A,0,Charadriiformes,Laridae,Ichthyaetus,melanocephalus,"Gulls, Terns and Skimmers",Gull,Mediterranean,,,,,
1220,790,2068,avibase-F89FD6E3,0,Charadriiformes,Laridae,Hydrocoloeus,minutus,,Gull,Little,,,,,
2273,814,2070,avibase-4B21F4D8,0,Charadriiformes,Laridae,Sternula,saundersi,,Tern,Saunders's,,,,,
2500,818,2072,avibase-39F29B55,0,Charadriiformes,Alcidae,Uria,aalge,Auks,Murre,Common,,,,,
3,820,2074,avibase-8492E4B7,0,Falconiformes,Accipitridae,Accipiter,brevipes,"Kites, Hawks and Eagles",Sparrowhawk,Levant,,,,,
4,821,2076,avibase-9D80E72A,0,Falconiformes,Accipitridae,Accipiter,castanilius,"Kites, Hawks and Eagles",Sparrowhawk,Chestnut-flanked,,,,,
5,822,2078,avibase-AFD19C47,0,Falconiformes,Accipitridae,Accipiter,erythropus,"Kites, Hawks and Eagles",Sparrowhawk,Red-thighed,,,,,
6,824,2080,avibase-0307D245,0,Falconiformes,Accipitridae,Accipiter,francesiae,,Sparrowhawk,Frances's,,,,,
7,825,2082,avibase-95DD1855,0,Falconiformes,Accipitridae,Accipiter,gentilis,"Kites, Hawks and Eagles",Goshawk,Northern,,,,,
8,826,2084,avibase-05701150,0,Falconiformes,Accipitridae,Accipiter,henstii,"Kites, Hawks and Eagles",Goshawk,Henst's,,,,,
9,827,2086,avibase-5D673E3E,0,Falconiformes,Accipitridae,Accipiter,madagascariensis,"Kites, Hawks and Eagles",Sparrowhawk,Madagascan,,,,,
16,834,2088,avibase-8AFD72B2,0,Falconiformes,Accipitridae,Accipiter,toussenelii,"Kites, Hawks and Eagles",Goshawk,Red-chested,,,,,
40,835,2090,avibase-158BDC90,0,Falconiformes,Accipitridae,Aegypius,monachus,"Kites, Hawks and Eagles",Vulture,Cinereous,,,,,
219,836,2092,avibase-69742EE4,0,Falconiformes,Accipitridae,Aquila,adalberti,"Kites, Hawks and Eagles",Eagle,Spanish Imperial ,,,,,
221,837,2094,avibase-5F8E7CA8,0,Falconiformes,Accipitridae,Aquila,chrysaetos,"Kites, Hawks and Eagles",Eagle,Golden,,,,,
223,839,2096,avibase-469DCF57,0,Falconiformes,Accipitridae,Aquila,heliaca,"Kites, Hawks and Eagles",Eagle,Eastern Imperial ,,,,,
272,848,2098,avibase-C8E60C39,0,Falconiformes,Accipitridae,Aviceda,madagascariensis,"Kites, Hawks and Eagles",Cuckoo-Hawk,Madagascan,,,,,
362,849,2100,avibase-45A1D850,0,Falconiformes,Accipitridae,Butastur,rufipennis,"Kites, Hawks and Eagles",Buzzard,Grasshopper,,,,,
2608,850,2102,avibase-DE8B3F6B,0,Falconiformes,Accipitridae,Buteo,archeri,,Buzzard,Archer's,,,,,
364,854,2104,avibase-A16C3B99,0,Falconiformes,Accipitridae,Buteo,auguralis,"Kites, Hawks and Eagles",Buzzard,Red-necked,,,,,
365,855,2106,avibase-5AA3C196,0,Falconiformes,Accipitridae,Buteo,bannermani,,Buzzard,Cape Verde,,,,,
366,856,2108,avibase-5CA7B50A,0,Falconiformes,Accipitridae,Buteo,brachypterus,"Kites, Hawks and Eagles",Buzzard,Madagascan,,,,,
368,858,2110,avibase-90B13ACF,0,Falconiformes,Accipitridae,Buteo,lagopus,"Kites, Hawks and Eagles",Buzzard,Rough-legged,,,,,
369,859,2112,avibase-5BFEFD9A,0,Falconiformes,Accipitridae,Buteo,oreophilus,"Kites, Hawks and Eagles",Buzzard,Mountain,,,,,
553,861,2114,avibase-22832FF4,0,Falconiformes,Accipitridae,Chelictinia,riocourii,"Kites, Hawks and Eagles",Kite,Scissor-tailed,,,,,
641,863,2116,avibase-F4E78AFA,0,Falconiformes,Accipitridae,Circaetus,beaudouini,,Snake Eagle,Beaudouin's,,,,,
645,867,2118,avibase-8372FFBA,0,Falconiformes,Accipitridae,Circaetus,gallicus,"Kites, Hawks and Eagles",Snake Eagle,Short-toed,,,,,
649,869,2120,avibase-F558C7F9,0,Falconiformes,Accipitridae,Circus,cyaneus,"Kites, Hawks and Eagles",Harrier,Hen,,,,,
651,871,2122,avibase-02B81454,0,Falconiformes,Accipitridae,Circus,maillardi,"Kites, Hawks and Eagles",Harrier,Reunion,,,,,
647,875,2124,avibase-3DA062BF,0,Falconiformes,Accipitridae,Circaetus,spectabilis,"Kites, Hawks and Eagles",Eagle,Congo Serpent,,,,,
1049,877,2126,avibase-D5EF2E20,0,Falconiformes,Accipitridae,Eutriorchis,astur,"Kites, Hawks and Eagles",Serpent Eagle,Madagascan,,,,,
1168,882,2128,avibase-5D1987CE,0,Falconiformes,Accipitridae,Gyps,fulvus,"Kites, Hawks and Eagles",Vulture,Griffon,,,,,
1180,884,2130,avibase-5A3D91D3,0,Falconiformes,Accipitridae,Haliaeetus,albicilla,"Kites, Hawks and Eagles",Eagle,White-tailed,,,,,
1182,886,2132,avibase-A877BECE,0,Falconiformes,Accipitridae,Haliaeetus,vociferoides,"Kites, Hawks and Eagles",Fish Eagle,Madagascan,,,,,
222,888,2134,avibase-05F11441,0,Falconiformes,Accipitridae,Aquila,fasciata,,Eagle,Bonelli's,,,,,
1501,892,2136,avibase-FA3A1F20,0,Falconiformes,Accipitridae,Melierax,poliopterus,"Kites, Hawks and Eagles",Goshawk,Eastern Chanting,,,,,
2609,897,2138,avibase-ADFE1C17,0,Falconiformes,Accipitridae,Milvus,fasciicauda,,Kite,Cape Verde,,,,,
1788,904,2140,avibase-1192205B,0,Falconiformes,Accipitridae,Pernis,ptilorhynchus,"Kites, Hawks and Eagles",Buzzard,Crested Honey,,,,,
1997,906,2142,avibase-0513AFBF,0,Falconiformes,Accipitridae,Polyboroides,radiatus,"Kites, Hawks and Eagles",Harrier-Hawk,Madagascar,,,,,
220,908,2144,avibase-51FD3E3C,0,Falconiformes,Accipitridae,Aquila,africana,,Hawk-Eagle,Cassin's,,,,,
2507,913,2146,avibase-1C209762,0,Falconiformes,Accipitridae,Urotriorchis,macrourus,"Kites, Hawks and Eagles",Hawk,Long-tailed,,,,,
1066,915,2148,avibase-C7F1C08C,0,Falconiformes,Falconidae,Falco,pelegrinoides,,Falcon,Barbary,,,,,
2611,916,2150,avibase-0CA0FCD0,0,Falconiformes,Falconidae,Falco,alexandri,,Kestrel,Alexander's,,,,,
1051,917,2152,avibase-D2CAA18B,0,Falconiformes,Falconidae,Falco,alopex,"Caracaras, Falcons",Kestrel,Fox,,,,,
1056,922,2154,avibase-A9F51494,0,Falconiformes,Falconidae,Falco,cherrug,"Caracaras, Falcons",Falcon,Saker,,,,,
2612,930,2156,avibase-DF92B0BB,0,Falconiformes,Falconidae,Falco,madens,,Peregrine,Cape Verde,,,,,
2613,932,2158,avibase-A2DD04C4,0,Falconiformes,Falconidae,Falco,neglectus,,Kestrel,Neglected,,,,,
1065,933,2160,avibase-66DD7774,0,Falconiformes,Falconidae,Falco,newtoni,"Caracaras, Falcons",Kestrel,Malagasy,,,,,
1072,939,2162,avibase-2DAB45B8,0,Falconiformes,Falconidae,Falco,tinnunculus,"Caracaras, Falcons",Kestrel,Common,,,,,
1074,941,2164,avibase-80881CE3,0,Falconiformes,Falconidae,Falco,zoniventris,"Caracaras, Falcons",Kestrel,Banded,,,,,
1965,943,2166,avibase-018B3169,0,Ciconiiformes,Podicipedidae,Podiceps,auritus,Grebes,Grebe,Horned,,,,,
1967,945,2168,avibase-1CBD2CED,0,Ciconiiformes,Podicipedidae,Podiceps,grisegena,Grebes,Grebe,Red-necked,,,,,
2333,947,2170,avibase-092C1484,0,Ciconiiformes,Podicipedidae,Tachybaptus,pelzelnii,Grebes,Grebe,Madagascan,,,,,
2614,949,2172,avibase-16E62DC4,0,Ciconiiformes,Podicipedidae,Tachybaptus,rufolavatus †,Grebes,Grebe,Alaotra,,,,,
1567,953,2174,avibase-534FB490,0,Ciconiiformes,Sulidae,Morus,bassanus,"Gannets, Boobies",Gannet,Northern,,,,,
1798,962,2176,avibase-CECC7B26,0,Ciconiiformes,Phalacrocoracidae,Phalacrocorax,aristotelis,"Cormorants, Shags",Shag,European,,,,,
1375,964,2178,avibase-8EAE1D03,0,Ciconiiformes,Phalacrocoracidae,Leucocarbo,melanogenis,,Shag,Crozet,,,,,
1803,970,2180,avibase-7947E603,0,Ciconiiformes,Phalacrocoracidae,Phalacrocorax,nigrogularis,"Cormorants, Shags",Cormorant,Socotra,,,,,
2617,971,2182,avibase-AFF49475,0,Ciconiiformes,Phalacrocoracidae,Microcarbo,pygmaeus,,Cormorant,Pygmy,,,,,
2618,972,2184,avibase-E3C46304,0,Ciconiiformes,Ardeidae,Ardea,bournei,,Heron,Cape Verde Purple,,,,,
231,975,2186,avibase-A8EE526F,0,Ciconiiformes,Ardeidae,Ardea,humbloti,"Herons, Bitterns",Heron,Humblot's,,,,,
934,988,2188,avibase-7C15B36B,0,Ciconiiformes,Ardeidae,Egretta,dimorpha,,Egret,Dimorphic,,,,,
936,990,2190,avibase-DF32B1F9,2190,Ciconiiformes,Ardeidae,Egretta,gularis,"Herons, Bitterns",Heron,Western Reef,,,,,
937,991,2192,avibase-AA7901D8,0,Ciconiiformes,Ardeidae,Egretta,thula,"Herons, Bitterns",Egret,Snowy,,,,,
1273,995,2194,avibase-1BFBF5D5,0,Ciconiiformes,Ardeidae,Ixobrychus,sinensis,"Herons, Bitterns",Bittern,Yellow,,,,,
2398,998,2196,avibase-F3DE951B,0,Ciconiiformes,Ardeidae,Tigriornis,leucolopha,,Heron,White-crested Tiger,,,,,
312,1002,2198,avibase-8B771A3B,0,Ciconiiformes,Threskiornithidae,Bostrychia,bocagei,"Ibises, Spoonbills",Ibis,Sao Tome,,,,,
313,1003,2200,avibase-AC5B7A01,0,Ciconiiformes,Threskiornithidae,Bostrychia,carunculata,"Ibises, Spoonbills",Ibis,Wattled,,,,,
315,1005,2202,avibase-23ACB56E,0,Ciconiiformes,Threskiornithidae,Bostrychia,olivacea,"Ibises, Spoonbills",Ibis,Olive,,,,,
316,1006,2204,avibase-44E9A521,0,Ciconiiformes,Threskiornithidae,Bostrychia,rara,"Ibises, Spoonbills",Ibis,Spot-breasted,,,,,
1133,1008,2206,avibase-B20FECE2,0,Ciconiiformes,Threskiornithidae,Geronticus,eremita,"Ibises, Spoonbills",Ibis,Northern Blad,,,,,
1406,1009,2208,avibase-F6DD994A,0,Ciconiiformes,Threskiornithidae,Lophotibis,cristata,"Ibises, Spoonbills",Ibis,Madagascan,,,,,
1878,1011,2210,avibase-A0A584C1,0,Ciconiiformes,Threskiornithidae,Platalea,leucorodia,"Ibises, Spoonbills",Spoonbill,Eurasian,,,,,
1780,1015,2212,avibase-7C6D8BA2,0,Ciconiiformes,Pelecanidae,Pelecanus,crispus,Pelicans,Pelican,Dalmatian,,,,,
1090,1026,2214,avibase-67200E8E,0,Ciconiiformes,Fregatidae,Fregata,andrewsi,Frigatebirds,Frigatebird,Christmas,,,,,
1091,1027,2216,avibase-00E090F8,0,Ciconiiformes,Fregatidae,Fregata,aquila,Frigatebirds,Frigatebird,Ascension,,,,,
1093,1029,2218,avibase-8AA3B42E,0,Ciconiiformes,Fregatidae,Fregata,magnificens,Frigatebirds,Frigatebird,Magnificent,,,,,
2235,1042,2220,avibase-3B4B29E0,0,Ciconiiformes,Spheniscidae,Spheniscus,magellanicus,Penguins,Penguin,Magellanic,,,,,
1118,1043,2222,avibase-CA5852BE,0,Gaviiformes,Gaviidae,Gavia,arctica,Loons,Loon,Black-throated,,,,,
1119,1044,2224,avibase-7E022378,0,Gaviiformes,Gaviidae,Gavia,immer,Loons,Loon,Common,,,,,
1120,1045,2226,avibase-6C50988A,0,Gaviiformes,Gaviidae,Gavia,stellata,Loons,Loon,Red-throated,,,,,
427,1049,2228,avibase-D6AB20A5,0,Ciconiiformes,Procellariidae,Calonectris,edwardsii,"Petrels, Shearwaters",Shearwater,Cape Verde,,,,,
919,1056,2230,avibase-1A5E5AE7,953,Ciconiiformes,Diomedeidae,Diomedea,sanfordi,Albatrosses,Albatross,Northern Royal,,,,,
1101,1059,2232,avibase-049D9AEA,0,Ciconiiformes,Procellariidae,Fulmarus,glacialis,"Petrels, Shearwaters",Fulmar,Northern,,,,,
1665,1068,2234,avibase-D3FAE385,0,Ciconiiformes,Hydrobatidae,Oceanodroma,castro,,Storm Petrel,Band-rumped,,,,,
1668,1071,2236,avibase-80DE8670,0,Ciconiiformes,Hydrobatidae,Oceanodroma,monorhis,,Storm Petrel,Swinhoe's,,,,,
2025,1089,2240,avibase-F2ED14C9,2240,Ciconiiformes,Procellariidae,Procellaria,conspicillata,"Petrels, Shearwaters",Petrel,Spectacled,,,,,
2043,1092,2242,avibase-9331EDA7,0,Ciconiiformes,Procellariidae,Pseudobulweria,aterrima,,Petrel,Mascarene,,,,,
2089,1093,2244,avibase-D956176F,0,Ciconiiformes,Procellariidae,Pterodroma,baraui,"Petrels, Shearwaters",Petrel,Barau's,,,,,
2090,1094,2246,avibase-CFE78BAC,0,Ciconiiformes,Procellariidae,Pterodroma,feae,"Petrels, Shearwaters",Petrel,Fea's,,,,,
2096,1099,2248,avibase-A6EA486B,0,Ciconiiformes,Procellariidae,Pterodroma,madeira,"Petrels, Shearwaters",Petrel,Zino's,,,,,
2112,1103,2250,avibase-C817F455,0,Ciconiiformes,Procellariidae,Puffinus,boydi,,Shearwater,Boyd's,,,,,
2114,1108,2252,avibase-42F573C7,2252,Ciconiiformes,Procellariidae,Puffinus,mauretanicus,"Petrels, Shearwaters",Shearwater,Balearic,,,,,
2116,1112,2254,avibase-FD97EC1E,0,Ciconiiformes,Procellariidae,Puffinus,yelkouan,"Petrels, Shearwaters",Shearwater,Yelkouan,,,,,
2381,1119,2256,avibase-253271CB,2256,Ciconiiformes,Diomedeidae,Thalassarche,eremita,Albatrosses,Albatross,Chatham,,,,,
1876,1123,2258,avibase-C43C7532,0,Passeriformes,Pittidae,Pitta,reichenowi,Pittas,Pitta,Green-breasted,,,,,
2044,1124,2260,avibase-B8AE6DAF,0,Passeriformes,Eurylaimidae,Pseudocalyptomena,graueri,Broadbills,Broadbill,Grauer's,,,,,
2227,1126,2262,avibase-1F662597,0,Passeriformes,Eurylaimidae,Smithornis,rufolateralis,Broadbills,Broadbill,Rufous-sided,,,,,
2228,1127,2264,avibase-EE68233F,0,Passeriformes,Eurylaimidae,Smithornis,sharpei,Broadbills,Broadbill,Grey-headed,,,,,
1618,1128,2266,avibase-E35838E3,0,Passeriformes,Philepittidae,Neodrepanis,coruscans,Asities,Sunbird-Asity,Common,,,,,
1619,1129,2268,avibase-07471818,0,Passeriformes,Philepittidae,Neodrepanis,hypoxantha,Asities,Sunbird-Asity,Yellow-bellied,,,,,
1809,1130,2270,avibase-90A9B4AC,0,Passeriformes,Philepittidae,Philepitta,castanea,Asities,Asity,Velvet,,,,,
1810,1131,2272,avibase-C0927887,0,Passeriformes,Philepittidae,Philepitta,schlegeli,Asities,Asity,Schlegel's,,,,,
755,1132,2274,avibase-E44FAD6F,0,Passeriformes,Laniidae,Corvinella,corvina,Shrikes,Shrike,Yellow-billed,,,,,
1042,1135,2276,avibase-866D07A0,0,Passeriformes,Laniidae,Eurocephalus,ruppelli,Shrikes,Shrike,Northern White-crowned,,,,,
1339,1136,2278,avibase-836EDA33,0,Passeriformes,Laniidae,Lanius,cabanisi,Shrikes,Fiscal,Long-tailed,,,,,
1343,1140,2280,avibase-64772F0F,0,Passeriformes,Laniidae,Lanius,dorsalis,Shrikes,Fiscal,Taita,,,,,
1344,1141,2282,avibase-DB2501EE,0,Passeriformes,Laniidae,Lanius,excubitor,Shrikes,Shrike,Great Grey,,,,,
1345,1142,2284,avibase-02B6A30C,0,Passeriformes,Laniidae,Lanius,excubitoroides,Shrikes,Fiscal,Grey-backed,,,,,
1346,1143,2286,avibase-26DE1233,0,Passeriformes,Laniidae,Lanius,gubernator,Shrikes,Shrike,Emin's,,,,,
1348,1144,2288,avibase-97166F72,0,Passeriformes,Laniidae,Lanius,isabellinus,Shrikes,Shrike,Isabelline,,,,,
1349,1145,2290,avibase-72387112,0,Passeriformes,Laniidae,Lanius,mackinnoni,Shrikes,Shrike,Mackinnon's,,,,,
2626,1146,2292,avibase-DFE095F6,0,Passeriformes,Laniidae,Lanius,marwitzi,Shrikes,Fiscal,Uhehe,Lumped,Retire.Lumped with Southern Fiscal Lanius collaris #707,,,
1350,1147,2294,avibase-EDE09959,0,Passeriformes,Laniidae,Lanius,meridionalis,,Shrike,Southern Grey,,,,,
1353,1150,2296,avibase-E90CC64A,0,Passeriformes,Laniidae,Lanius,nubicus,Shrikes,Shrike,Masked,,,,,
1356,1152,2298,avibase-F7932185,0,Passeriformes,Laniidae,Lanius,somalicus,Shrikes,Fiscal,Somali,,,,,
2627,1154,2300,avibase-BE3017C0,0,Passeriformes,Laniidae,Urolestes,melanoleucus,Shrikes,Shrike,Northern Long-tailed ,,"Retire. ssp aequatorialis of #724, KBM log this instead of #724 Magpie shrike. BL dont have this number",retired,,
2543,1155,2302,avibase-847717E2,0,Passeriformes,Vireonidae,Vireo,olivaceus,"Vireos, Greenlets",Vireo,Red-eyed,,,,,
258,1156,2304,avibase-C141B912,0,Passeriformes,Vangidae,Artamella,viridis,Vangas,Vanga,White-headed,,,,,
2628,1157,2306,avibase-F2A919A8,0,Passeriformes,Malaconotidae,Batis,dimorpha,Bushshrike,Batis,Malawi,,,,,
302,1158,2308,avibase-90A3BA20,0,Passeriformes,Malaconotidae,Batis,reichenowi,,Batis,Reichenow's,,,,,
289,1159,2310,avibase-DF7C8FC5,0,Passeriformes,Malaconotidae,Batis,erlangeri,"Wattle-eyes, Batises",Batis,Western Black-headed ,,"Use this, Retire #13630",,,
288,1161,2312,avibase-B8BAD214,0,Passeriformes,Malaconotidae,Batis,diops,"Wattle-eyes, Batises",Batis,Rwenzori,,,,,
291,1163,2314,avibase-45C905C5,0,Passeriformes,Malaconotidae,Batis,ituriensis,"Wattle-eyes, Batises",Batis,Ituri,,,,,
292,1164,2316,avibase-5D9428D8,0,Passeriformes,Malaconotidae,Batis,margaritae,"Wattle-eyes, Batises",Batis,Margaret's,,,,,
293,1165,2318,avibase-43F4D13C,0,Passeriformes,Malaconotidae,Batis,minima,"Wattle-eyes, Batises",Batis,Gabon,,,,,
294,1166,2320,avibase-90D0D245,0,Passeriformes,Malaconotidae,Batis,minor,"Wattle-eyes, Batises",Batis,Eastern Black-headed ,,,,,
295,1167,2322,avibase-F254EE2D,0,Passeriformes,Malaconotidae,Batis,minulla,"Wattle-eyes, Batises",Batis,Angolan,,,,,
298,1170,2324,avibase-A6DFFC15,0,Passeriformes,Malaconotidae,Batis,orientalis,"Wattle-eyes, Batises",Batis,Grey-headed,,,,,
299,1171,2326,avibase-5C9DDB02,0,Passeriformes,Malaconotidae,Batis,perkeo,"Wattle-eyes, Batises",Batis,Pygmy,,,,,
300,1172,2328,avibase-0718A157,0,Passeriformes,Malaconotidae,Batis,poensis,"Wattle-eyes, Batises",Batis,Fernando Buff-spotted,,,,,
303,1174,2330,avibase-66B40819,0,Passeriformes,Malaconotidae,Batis,senegalensis,"Wattle-eyes, Batises",Batis,Senegal,,,,,
400,1177,2332,avibase-1C857735,0,Passeriformes,Vangidae,Calicalicus,madagascariensis,Vangas,Vanga,Red-tailed,,,,,
401,1178,2334,avibase-0CAB08FA,0,Passeriformes,Vangidae,Calicalicus,rufocarpalis,Vangas,Vanga,Red-shouldered,,,,,
2629,1180,2336,avibase-7B669DE9,0,Passeriformes,Campephagidae,Lobotos,lobatus,Cuckooshrikes,Cuckooshrike,Western Wattled ,,,,,
2630,1181,2338,avibase-D75CBDFB,0,Passeriformes,Campephagidae,Lobotos,oriolinus,Cuckooshrikes,Cuckooshrike,Eastern Wattled ,,,,,
436,1182,2340,avibase-95A02709,0,Passeriformes,Campephagidae,Campephaga,petiti,Cuckooshrikes,Cuckooshrike,Petit's,,,,,
437,1183,2342,avibase-439F76D1,0,Passeriformes,Campephagidae,Campephaga,phoenicea,Cuckooshrikes,Cuckooshrike,Red-shouldered,,,,,
438,1184,2344,avibase-37D0D696,0,Passeriformes,Campephagidae,Campephaga,quiscalina,Cuckooshrikes,Cuckooshrike,Purple-throated,,,,,
746,1185,2346,avibase-DCFBF7FD,0,Passeriformes,Coraciidae,Cyanograucalus,azureus,Cuckooshrikes,Cuckooshrike,Blue,,,,,
748,1187,2348,avibase-F7C76528,0,Passeriformes,Coraciidae,Coracina,cinerea,Cuckooshrikes,Cuckooshrike,Madagascan,,,,,
749,1188,2350,avibase-A6C2DC31,0,Passeriformes,Coraciidae,Coracina,graueri,Cuckooshrikes,Cuckooshrike,Grauer's,,,,,
750,1189,2352,avibase-8A9B1C25,0,Passeriformes,Coraciidae,Coracina,newtoni,Cuckooshrikes,Cuckooshrike,Reunion,,,,,
759,1195,2354,avibase-B9B272F4,0,Passeriformes,Corvidae,Corvus,corax,"Crows, Jays",Raven,Northern,,,,,
760,1196,2356,avibase-F13D8350,0,Passeriformes,Corvidae,Corvus,cornix,,Crow,Hooded,,,,,
761,1197,2358,avibase-26FB62DA,0,Passeriformes,Corvidae,Corvus,corone,"Crows, Jays",Crow,Carrion,,,,,
762,1198,2360,avibase-4C6B515D,0,Passeriformes,Corvidae,Corvus,crassirostris,"Crows, Jays",Raven,Thick-billed,,,,,
763,1199,2362,avibase-9DBAAB1D,0,Passeriformes,Corvidae,Corvus,edithae,"Crows, Jays",Crow,Somali,,,,,
764,1200,2364,avibase-1078FFEA,0,Passeriformes,Corvidae,Corvus,frugilegus,"Crows, Jays",,Rook,,,,,
721,1201,2366,avibase-D4C32F8E,0,Passeriformes,Corvidae,Coloeus,monedula,"Crows, Jays",Jackdaw,Western,,,,,
765,1202,2368,avibase-32C216E2,0,Passeriformes,Corvidae,Corvus,rhipidurus,"Crows, Jays",Raven,Fan-tailed,,,,,
766,1203,2370,avibase-F2024545,0,Passeriformes,Corvidae,Corvus,ruficollis,"Crows, Jays",Raven,Brown-necked,,,,,
871,1205,2372,avibase-FCBB03B8,0,Passeriformes,Vangidae,Cyanolanius,madagascarinus,Vangas,Vanga,Blue,,,,,
906,1208,2374,avibase-28AC53BE,0,Passeriformes,Dicruridae,Dicrurus,atripennis,Drongos,Drongo,Shining,,,,,
908,1209,2376,avibase-6B0FC56C,0,Passeriformes,Dicruridae,Dicrurus,forficatus,Drongos,Drongo,Crested,,,,,
909,1210,2378,avibase-07612BDC,0,Passeriformes,Dicruridae,Dicrurus,fuscipennis,Drongos,Drongo,Grand Comoro,,,,,
913,1213,2380,avibase-EBB4F02C,0,Passeriformes,Dicruridae,Dicrurus,waldenii,Drongos,Drongo,Mayotte,,,,,
2631,1214,2382,avibase-5DEB4565,0,Passeriformes,Dicruridae,Dicrurus,modestus,,Drongo,Principe,Lumped,"retire, lumped with #1093",,,
926,1215,2384,avibase-201E1243,0,Passeriformes,Malaconotidae,Dryoscopus,angolensis,Bushshrikes,Puffback,Pink-footed,,,,,
928,1217,2386,avibase-7DE7F0ED,0,Passeriformes,Malaconotidae,Dryoscopus,gambensis,Bushshrikes,Puffback,Northern,,,,,
929,1218,2388,avibase-706FEEB4,0,Passeriformes,Malaconotidae,Dryoscopus,pringlii,Bushshrikes,Puffback,Pringle's,,,,,
930,1219,2390,avibase-DEE6CC4D,0,Passeriformes,Malaconotidae,Dryoscopus,sabini,Bushshrikes,Puffback,Sabine's,,,,,
931,1220,2392,avibase-AFE5B0C4,0,Passeriformes,Malaconotidae,Dryoscopus,senegalensis,Bushshrikes,Puffback,Red-eyed,,,,,
1880,1221,2394,avibase-5369EE11,0,Passeriformes,Platysteiridae,Platysteira,blissetti,,Wattle-eye,Red-cheeked,,,,,
1879,1222,2396,avibase-E8A10389,0,Passeriformes,Malaconotidae,Platysteira,albifrons,"Wattle-eyes, Batises",Wattle-eye,White-fronted,,,,,
1881,1223,2398,avibase-8D562259,0,Passeriformes,Platysteiridae,Dyaphorophyia,castanea,,Wattle-eye,Chestnut,split,new genus Dyaphorophyia castanea and  #10993 hormophora,,,
1887,1225,2400,avibase-DA3F921A,0,Passeriformes,Platysteiridae,Dyaphorophyia,tonsa,,Wattle-eye,White-spotted,,new genus Dyaphorophyia,,,
1882,1226,2402,avibase-8091726A,0,Passeriformes,Platysteiridae,Platysteira,chalybea,,Wattle-eye,Black-necked,,,,,
940,1231,2406,avibase-DB5D1D17,0,Passeriformes,Sylviidae,Elminia,albicauda,Monarchs,Flycatcher,White-tailed Blue,,,,,
994,1233,2408,avibase-847AE7B8,0,Passeriformes,Sylviidae,Erythrocercus,holochlorus,Monarchs,Flycatcher,Little Yellow,,,,,
996,1235,2410,avibase-9EB7EBA9,0,Passeriformes,Sylviidae,Erythrocercus,mccallii,Monarchs,Flycatcher,Chestnut-capped,,,,,
1043,1236,2412,avibase-E5EC5D38,0,Passeriformes,Vangidae,Euryceros,prevostii,Vangas,Vanga,Helmet,,,,,
1075,1237,2414,avibase-3A343C0C,0,Passeriformes,Vangidae,Falculea,palliata,Vangas,Vanga,Sickle-billed,,,,,
1117,1238,2416,avibase-D8D10F2C,0,Passeriformes,Corvidae,Garrulus,glandarius,"Crows, Jays",Jay,Eurasian,,,,,
1233,1239,2418,avibase-667C4DAB,0,Passeriformes,Vangidae,Hypositta,corallirostris,Vangas,Vanga,Nuthatch,,,,,
1334,1240,2420,avibase-73E1A69A,0,Passeriformes,Malaconotidae,Laniarius,poensis,Bushshrikes,Sooty Boubou,Mountain,,,,,
1319,1242,2422,avibase-EB2CB5F5,0,Passeriformes,Malaconotidae,Laniarius,amboimensis,Bushshrikes,Bushshrike,Gabela,,,,,
1322,1245,2424,avibase-5B3BD7A0,0,Passeriformes,Malaconotidae,Laniarius,barbarus,Bushshrikes,Gonolek,Yellow-crowned,,,,,
1324,1247,2426,avibase-EDE3A983,0,Passeriformes,Malaconotidae,Laniarius,brauni,Bushshrikes,Bushshrike,Braun's,,,,,
1325,1248,2428,avibase-5E822C9C,0,Passeriformes,Malaconotidae,Laniarius,erythrogaster,Bushshrikes,Gonolek,Black-headed,,,,,
1328,1251,2430,avibase-0868B50D,0,Passeriformes,Malaconotidae,Laniarius,funebris,Bushshrikes,Boubou,Slate-colored,,,,,
1329,1252,2432,avibase-3402C9BB,0,Passeriformes,Malaconotidae,Laniarius,leucorhynchus,Bushshrikes,Sooty Boubou,Lowland,,,,,
2634,1253,2434,avibase-7B07383E,0,Passeriformes,Malaconotidae,Laniarius,liberatus,,Boubou,Bulo Burti,,,,,
1330,1254,2436,avibase-5AF20251,0,Passeriformes,Malaconotidae,Laniarius,luehderi,Bushshrikes,Bushshrike,Lühder's,,,,,
1332,1255,2438,avibase-1E5D636D,0,Passeriformes,Malaconotidae,Laniarius,mufumbiri,Bushshrikes,Gonolek,Papyrus,,,,,
1335,1256,2440,avibase-C59DFD44,0,Passeriformes,Malaconotidae,Laniarius,ruficeps,Bushshrikes,Bushshrike,Red-naped,,,,,
1337,1257,2442,avibase-E294BEED,0,Passeriformes,Malaconotidae,Laniarius,turatii,Bushshrikes,Boubou,Turati's,,,,,
1371,1259,2444,avibase-AD014578,0,Passeriformes,Vangidae,Leptopterus,chabert,Vangas,Vanga,Chabert,,,,,
1444,1260,2446,avibase-9941D6E1,0,Passeriformes,Malaconotidae,Malaconotus,alius,Bushshrikes,Bushshrike,Uluguru,,,,,
1446,1262,2448,avibase-2714B2A7,0,Passeriformes,Malaconotidae,Malaconotus,cruentus,Bushshrikes,Bushshrike,Fiery-breasted,,,,,
1447,1263,2450,avibase-5C543B0A,0,Passeriformes,Malaconotidae,Malaconotus,gladiator,Bushshrikes,Bushshrike,Green-breasted,,,,,
1448,1264,2452,avibase-ADFACA26,0,Passeriformes,Malaconotidae,Malaconotus,lagdeni,Bushshrikes,Bushshrike,Lagden's,,,,,
1449,1265,2454,avibase-AE3EFAF9,0,Passeriformes,Malaconotidae,Malaconotus,monteiri,Bushshrikes,Bushshrike,Monteiro's,,,,,
1464,1266,2456,avibase-18A968DB,0,Passeriformes,Platysteiridae,Megabyas,flammulatus,"Wattle-eyes, Batises",Shrike-flycatcher,African,,,,,
1708,1268,2458,avibase-68E5CE2D,0,Passeriformes,Vangidae,Oriolia,bernieri,Vangas,Vanga,Bernier's,,,,,
1710,1270,2460,avibase-418C7CCB,0,Passeriformes,Oriolidae,Oriolus,brachyrynchus,"Figbirds, Orioles",Oriole,Western,,,,,
1714,1274,2462,avibase-B6BCAD32,0,Passeriformes,Oriolidae,Oriolus,monacha,"Figbirds, Orioles",Oriole,Ethiopian,,,,,
1715,1275,2464,avibase-DBBB162B,0,Passeriformes,Oriolidae,Oriolus,nigripennis,"Figbirds, Orioles",Oriole,Black-winged,,,,,
1717,1277,2466,avibase-95A2F6E7,0,Passeriformes,Oriolidae,Oriolus,percivali,"Figbirds, Orioles",Oriole,Mountain,,,,,
1867,1278,2468,avibase-FBBBA943,0,Passeriformes,Corvidae,Pica,pica,"Crows, Jays",Magpie,Eurasian,,,,,
1885,1279,2470,avibase-95172DDC,0,Passeriformes,Malaconotidae,Platysteira,laticincta,"Wattle-eyes, Batises",Wattle-eye,Banded,,,,,
2015,1282,2472,avibase-523B438A,0,Passeriformes,Malaconotidae,Prionops,alberti,Bushshrikes,Helmetshrike,Yellow-crested,,,,,
2016,1283,2474,avibase-B1EF3E4F,0,Passeriformes,Malaconotidae,Prionops,caniceps,Bushshrikes,Helmetshrike,Red-billed,,,,,
2017,1284,2476,avibase-A7E4E1E5,0,Passeriformes,Malaconotidae,Prionops,gabela,Bushshrikes,Helmetshrike,Gabela,,,,,
2019,1286,2478,avibase-1F2F7323,0,Passeriformes,Malaconotidae,Prionops,poliolophus,Bushshrikes,Helmetshrike,Grey-crested,,,,,
2021,1288,2480,avibase-1B2AF453,0,Passeriformes,Malaconotidae,Prionops,rufiventris,,Helmetshrike,Rufous-bellied,,,,,
2042,1290,2482,avibase-7BB35115,0,Passeriformes,Vangidae,Pseudobias,wardi,Vangas,Flycatcher,Ward's,,,,,
2105,1291,2484,avibase-4C35510F,0,Passeriformes,Corvidae,Ptilostomus,afer,"Crows, Jays",,Piapiac,,,,,
2133,1292,2486,avibase-45B512E2,0,Passeriformes,Corvidae,Pyrrhocorax,graculus,"Crows, Jays",Chough,Alpine,,,,,
2134,1293,2488,avibase-18D2C42A,0,Passeriformes,Corvidae,Pyrrhocorax,pyrrhocorax,"Crows, Jays",Chough,Red-billed,,,,,
2360,1294,2490,avibase-8B8AC14A,0,Passeriformes,Malaconotidae,Telophorus,cruentus,Bushshrikes,Bushshrike,Rosy-patched,,,,,
2190,1295,2492,avibase-6814C645,0,Passeriformes,Vangidae,Schetba,rufa,Vangas,Vanga,Rufous,,,,,
2355,1299,2496,avibase-FA7A6D02,0,Passeriformes,Malaconotidae,Tchagra,jamesi,Bushshrikes,Tchagra,Three-streaked,,,,,
2635,1303,2498,avibase-EF5EDE6D,0,Passeriformes,Malaconotidae,Chlorophoneus,bocagei,Bushshrikes,Bushshrike,Bocage's,,Retire and replace with#5701,Retired,,
2361,1304,2500,avibase-0BC36521,0,Passeriformes,Malaconotidae,Telophorus,dohertyi,Bushshrikes,Bushshrike,Doherty's,,,,,
570,1305,2502,avibase-456567FF,0,Passeriformes,Malaconotidae,Chlorophoneus,kupeensis,Bushshrikes,Bushshrike,Mount Kupe,,,,,
571,1306,2504,avibase-3703187C,0,Passeriformes,Malaconotidae,Chlorophoneus,multicolor,Bushshrikes,Bushshrike,Many-colored,,,,,
2636,1311,2506,avibase-EA72BB29,0,Passeriformes,Malaconotidae,Telophorus,viridis,Bushshrikes,Bushshrike,Perrin's,Lumped,"Retire, Lumped with #721",,,
2367,1313,2508,avibase-6E2957C6,0,Passeriformes,Monarchidae,Terpsiphone,bedfordi,Monarchs,Flycatcher,Bedford's Paradise,,,,,
2366,1314,2510,avibase-67C09E17,0,Passeriformes,Monarchidae,Terpsiphone,batesi,,Flycatcher,Bates's Paradise,,,,,
2369,1317,2512,avibase-0CD6A922,0,Passeriformes,Monarchidae,Terpsiphone,corvina,Monarchs,Flycatcher,Seychelles Paradise,,,,,
2370,1318,2514,avibase-A3A90C35,0,Passeriformes,Monarchidae,Terpsiphone,mutata,Monarchs,Flycatcher,Malagasy Paradise,,,,,
2373,1321,2516,avibase-7C3F7B19,0,Passeriformes,Monarchidae,Terpsiphone,smithii,,Flycatcher,Annobon Paradise,Lumped,"retire, lumped with #1165. Also duplicated with #2532",,,
2440,1324,2518,avibase-3800DCCF,0,Passeriformes,Monarchidae,Trochocercus,nitens,Monarchs,Flycatcher,Blue-headed Crested,,,,,
2487,1325,2520,avibase-E4E68AA1,0,Passeriformes,Vangidae,Tylas,eduardi,Vangas,Vanga,Tylas,,,,,
2522,1326,2522,avibase-CA9D7671,0,Passeriformes,Vangidae,Vanga,curvirostris,Vangas,Vanga,Hook-billed,,,,,
2546,1327,2524,avibase-4DAB9A41,0,Passeriformes,Vangidae,Xenopirostris,damii,Vangas,Vanga,Van Dam's,,,,,
2547,1328,2526,avibase-01877F66,0,Passeriformes,Vangidae,Xenopirostris,polleni,Vangas,Vanga,Pollen's,,,,,
2548,1329,2528,avibase-FE3B4759,0,Passeriformes,Vangidae,Xenopirostris,xenopirostris,Vangas,Vanga,Lafresnaye's,,,,,
2552,1330,2530,avibase-D083CE58,0,Passeriformes,Corvidae,Zavattariornis,stresemanni,"Crows, Jays",Bushcrow,Stresemann's,,,,,
2637,1331,2532,avibase-7C3F7B19,0,Passeriformes,Monarchidae,Terpsiphone,smithii,,Flycatcher,Annobon Paradise,Lumped,"retire, lumped with #1165",,,
1868,1334,2534,avibase-30365337,0,Passeriformes,Picathartidae,Picathartes,gymnocephalus,Rockfowl,Rockfowl,White-necked,,,,,
1869,1335,2536,avibase-C9B244E1,0,Passeriformes,Picathartidae,Picathartes,oreas,Rockfowl,Rockfowl,Grey-necked,,,,,
593,1336,2538,avibase-FDECE3B9,0,Passeriformes,Cinclidae,Cinclus,cinclus,Dippers,Dipper,White-throated,,,,,
78,1337,2540,avibase-DA4D7386,0,Passeriformes,Muscicapidae,Alethe,castanea,,Alethe,Fire-crested,,,,,
538,1342,2542,avibase-F71CDDC8,0,Passeriformes,Muscicapidae,Chamaetylas,poliophrys,Thrushes,Alethe,Red-throated,,,,,
1475,1347,2544,avibase-DABC20A1,0,Passeriformes,Muscicapidae,Melaenornis,microrhynchus,"Chats, Old World Flycatchers (320)",Flycatcher,African Grey,,,,,
1674,1348,2546,avibase-B2C33E06,0,Passeriformes,Muscicapidae,Oenanthe,dubia,"Chats, Old World Flycatchers (320)",Chat,Sombre Rock,,,,,
1684,1350,2548,avibase-10E5B18E,0,Passeriformes,Muscicapidae,Oenanthe,melanura,"Chats, Old World Flycatchers (320)",,Blackstart,,,,,
1691,1352,2550,avibase-DA3F40DB,0,Passeriformes,Muscicapidae,Oenanthe,scotocerca,"Chats, Old World Flycatchers (320)",Chat,Brown-tailed Rock,,,,,
1871,1354,2552,avibase-8EB0AB41,0,Passeriformes,Muscicapidae,Pinarochroa,sordida,"Chats, Old World Flycatchers (320)",Chat,Moorland,,,,,
506,1356,2554,avibase-8CFA2604,0,Passeriformes,Muscicapidae,Tychaedon ,barbata,,Scrub Robin,Miombo,,Changed Genus name,,,
509,1359,2556,avibase-15B2DD49,0,Passeriformes,Muscicapidae,Cercotrichas,hartlaubi,,Scrub Robin,Brown-backed,,,,,
513,1363,2558,avibase-6D92499B,0,Passeriformes,Muscicapidae,Cercotrichas,podobe,"Chats, Old World Flycatchers (320)",Scrub Robin,Black,,,,,
587,1367,2560,avibase-345658E9,0,Passeriformes,Muscicapidae,Cichladusa,guttata,"Chats, Old World Flycatchers (320)",Thrush,Spotted Palm,,,,,
738,1369,2562,avibase-97015904,0,Passeriformes,Muscicapidae,Copsychus,albospecularis,"Chats, Old World Flycatchers (320)",Magpie-Robin,Madagascan,,,,,
788,1371,2564,avibase-F95998A8,0,Passeriformes,Muscicapidae,Cossyphicula,roberti,"Chats, Old World Flycatchers (320)",Robin-Chat,White-bellied,,,,,
773,1372,2566,avibase-FA3C53B8,0,Passeriformes,Muscicapidae,Cossypha,albicapillus,"Chats, Old World Flycatchers (320)",Robin-Chat,White-crowned,,,,,
776,1374,2568,avibase-96D9A285,0,Passeriformes,Muscicapidae,Cossypha,archeri,"Chats, Old World Flycatchers (320)",Robin,Archer's Ground,,,,,
778,1376,2570,avibase-9616C96E,0,Passeriformes,Muscicapidae,Cossypha,cyanocampter,"Chats, Old World Flycatchers (320)",Robin-Chat,Blue-shouldered,,,,,
780,1379,2572,avibase-B175F364,0,Passeriformes,Muscicapidae,Cossypha,heinrichi,"Chats, Old World Flycatchers (320)",Robin-Chat,White-headed,,,,,
785,1384,2574,avibase-BB05D1FC,0,Passeriformes,Muscicapidae,Cossypha,niveicapilla,"Chats, Old World Flycatchers (320)",Robin-Chat,Snowy-crowned,,,,,
787,1386,2576,avibase-53EABB81,0,Passeriformes,Muscicapidae,Cossypha,semirufa,"Chats, Old World Flycatchers (320)",Robin-Chat,Rüppell's,,,,,
970,1387,2578,avibase-AB38EDFD,0,Passeriformes,Muscicapidae,Empidornis,semipartitus,"Chats, Old World Flycatchers (320)",,Silverbird,,,,,
993,1388,2580,avibase-C809B2B9,0,Passeriformes,Muscicapidae,Erithacus,rubecula,"Chats, Old World Flycatchers (320)",Robin,European,,,,,
1078,1391,2582,avibase-6A3CA06B,0,Passeriformes,Muscicapidae,Ficedula,parva,"Chats, Old World Flycatchers (320)",Flycatcher,Red-breasted,,,,,
1079,1392,2584,avibase-BE56C141,0,Passeriformes,Muscicapidae,Ficedula,semitorquata,"Chats, Old World Flycatchers (320)",Flycatcher,Semicollared,,,,,
1087,1393,2586,avibase-EA749CEC,0,Passeriformes,Muscicapidae,Fraseria,cinerascens,"Chats, Old World Flycatchers (320)",Flycatcher,White-browed Forest,,,,,
1088,1394,2588,avibase-8B037156,0,Passeriformes,Muscicapidae,Fraseria,ocreata,"Chats, Old World Flycatchers (320)",Flycatcher,Fraser's Forest,,,,,
1218,1396,2590,avibase-D6E30413,0,Passeriformes,Muscicapidae,Humblotia,flavirostris,"Chats, Old World Flycatchers (320)",Flycatcher,Humblot's ,,,,,
1269,1397,2592,avibase-73BD4B29,0,Coraciiformes,Alcedinidae,Irania,gutturalis,"Chats, Old World Flycatchers (320)",Robin,White-throated,,,,,
420,1398,2594,avibase-786B0F98,0,Passeriformes,Muscicapidae,Calliope,calliope,"Chats, Old World Flycatchers (320)",Rubythroat,Siberian,,,,,
1413,1400,2596,avibase-7C7F0DEE,0,Passeriformes,Muscicapidae,Luscinia,megarhynchos,"Chats, Old World Flycatchers (320)",Nightingale,Common,,,,,
1414,1402,2598,avibase-AFD6FD81,0,Passeriformes,Muscicapidae,Luscinia,svecica,"Chats, Old World Flycatchers (320)",,Bluethroat,,,,,
1472,1404,2600,avibase-3809131C,0,Passeriformes,Muscicapidae,Melaenornis,fischeri,"Chats, Old World Flycatchers (320)",Flycatcher,White-eyed Slaty,,,,,
1469,1405,2602,avibase-167C67BA,0,Passeriformes,Muscicapidae,Melaenornis,brunneus,"Chats, Old World Flycatchers (320)",Flycatcher,Angolan Slaty,,,,,
1467,1406,2604,avibase-A920880B,0,Passeriformes,Muscicapidae,Melaenornis,annamarulae,"Chats, Old World Flycatchers (320)",Flycatcher,Nimba,,,,,
1468,1407,2606,avibase-C25A248F,0,Passeriformes,Muscicapidae,Melaenornis,ardesiacus,"Chats, Old World Flycatchers (320)",Flycatcher,Yellow-eyed Black,,,,,
1471,1408,2608,avibase-F188F8C8,0,Passeriformes,Muscicapidae,Melaenornis,edolioides,"Chats, Old World Flycatchers (320)",Flycatcher,Northern Black,,changed name to Northern Black Flycatcher,,,
2639,1409,2610,avibase-1876CDAB,0,Passeriformes,Muscicapidae,Monticola,pretoriae,,Rock Thrush,Transvaal,Lumped,Retire. Lumpedwith #561 Monticola brevipes,retired,,
1560,1414,2614,avibase-7DFEBA9C,0,Passeriformes,Muscicapidae,Monticola,imerina,"Chats, Old World Flycatchers (320)",Rock Thrush,Littoral,,"Changed name to Littoral Rock Thrush, changed Common_group name, duplicate of #2700 delete #2700",,,
1561,1415,2616,avibase-566669CC,0,Passeriformes,Muscicapidae,Monticola,rufocinereus,"Chats, Old World Flycatchers (320)",Rock Thrush,Little,,"Changed name to Little Rock Thrush, changed Common_group name",,,
1563,1417,2618,avibase-736D38E7,0,Passeriformes,Muscicapidae,Monticola,saxatilis,"Chats, Old World Flycatchers (320)",Rock Thrush,Common,,"Changed name to Common Rock Thrush, changed Common_group name",,,
1565,1418,2620,avibase-17CE23D4,0,Passeriformes,Muscicapidae,Monticola,sharpei,"Chats, Old World Flycatchers (320)",Rock Thrush,Forest,,"Changed name to Forest Rock Thrush, changed Common_group name, #2702 is a duplicate delete!",,,
1566,1419,2622,avibase-41D76F4B,0,Passeriformes,Muscicapidae,Monticola,solitarius,"Chats, Old World Flycatchers (320)",Rock Thrush,Blue,,"Changed name to Blue Rock Thrush, changed Common_group name",,,
1580,1423,2626,avibase-D5629ECA,0,Passeriformes,Muscicapidae,Muscicapa,boehmi,"Chats, Old World Flycatchers (320)",Flycatcher,Böhm's,,,,,
1582,1425,2628,avibase-A962CA14,0,Passeriformes,Muscicapidae,Muscicapa,cassini,"Chats, Old World Flycatchers (320)",Flycatcher,Cassin's,,,,,
1583,1426,2630,avibase-F21A8321,0,Passeriformes,Muscicapidae,Muscicapa,comitata,"Chats, Old World Flycatchers (320)",Flycatcher,Dusky-blue,,,,,
1584,1427,2632,avibase-79574FC3,0,Passeriformes,Muscicapidae,Muscicapa,epulata,"Chats, Old World Flycatchers (320)",Flycatcher,Little Grey,,,,,
1585,1428,2634,avibase-7387E828,0,Passeriformes,Muscicapidae,Muscicapa,gambagae,"Chats, Old World Flycatchers (320)",Flycatcher,Gambaga,,,,,
1586,1429,2636,avibase-AD9EBAC2,0,Passeriformes,Muscicapidae,Muscicapa,infuscata,"Chats, Old World Flycatchers (320)",Flycatcher,Sooty,,,,,
1587,1430,2638,avibase-84E4178E,0,Passeriformes,Muscicapidae,Muscicapa,lendu,"Chats, Old World Flycatchers (320)",Flycatcher,Chapin's,,,,,
1588,1431,2640,avibase-809D08A6,0,Passeriformes,Muscicapidae,Muscicapa,olivascens,"Chats, Old World Flycatchers (320)",Flycatcher,Olivaceous,,,,,
1589,1432,2642,avibase-E78D263C,0,Passeriformes,Muscicapidae,Muscicapa,sethsmithi,"Chats, Old World Flycatchers (320)",Flycatcher,Yellow-footed,,,,,
1591,1434,2644,avibase-6A0D9212,0,Passeriformes,Muscicapidae,Muscicapa,tessmanni,"Chats, Old World Flycatchers (320)",Flycatcher,Tessmann's,,,,,
1592,1435,2646,avibase-79993B33,0,Passeriformes,Muscicapidae,Muscicapa,ussheri,"Chats, Old World Flycatchers (320)",Flycatcher,Ussher's,,,,,
1595,1436,2648,avibase-F563FE97,0,Passeriformes,Muscicapidae,Fraseria ,griseigularis,"Chats, Old World Flycatchers (320)",Tit-Flycatcher,Grey-throated,,New Genus Fraseria ,,,
1597,1439,2650,avibase-E09F7223,0,Passeriformes,Muscicapidae,Myrmecocichla,aethiops,"Chats, Old World Flycatchers (320)",Chat,Anteater,,,,,
1670,1440,2652,avibase-CC3B0B59,0,Passeriformes,Muscicapidae,Oenanthe,albifrons,"Chats, Old World Flycatchers (320)",Chat,White-fronted Black,,,,,
1600,1442,2654,avibase-1B6016EC,0,Passeriformes,Muscicapidae,Myrmecocichla,melaena,"Chats, Old World Flycatchers (320)",Chat,Rüppell's BLack,,,,,
1603,1444,2656,avibase-7631D1A3,0,Passeriformes,Muscicapidae,Myrmecocichla,tholloni,"Chats, Old World Flycatchers (320)",Chat,Congo Moor,,,,,
2275,1447,2658,avibase-6DD922F2,0,Passeriformes,Turdidae,Stizorhina,finschi,,Thrush,Finsch's Rufous,,,,,
1616,1448,2660,avibase-0BD37CDF,0,Passeriformes,Turdidae,Neocossyphus,poensis,Thrushes,Thrush,White-tailed Ant,,,,,
1617,1449,2662,avibase-90FDC4CC,0,Passeriformes,Turdidae,Neocossyphus,rufus,Thrushes,Thrush,Red-tailed Ant,,,,,
1677,1452,2664,avibase-6ADB636C,0,Passeriformes,Muscicapidae,Oenanthe,heuglini,"Chats, Old World Flycatchers (320)",Wheatear,Heuglin's,,,,,
1671,1453,2666,avibase-DB59BA9E,0,Passeriformes,Muscicapidae,Oenanthe,bottae,"Chats, Old World Flycatchers (320)",Wheatear,Red-breasted,,,,,
1672,1454,2668,avibase-A3148129,0,Passeriformes,Muscicapidae,Oenanthe,cypriaca,"Chats, Old World Flycatchers (320)",Wheatear,Cyprus,,,,,
1673,1455,2670,avibase-078BC0ED,0,Passeriformes,Muscicapidae,Oenanthe,deserti,"Chats, Old World Flycatchers (320)",Wheatear,Desert,,,,,
1676,1456,2672,avibase-3A712A25,0,Passeriformes,Muscicapidae,Oenanthe,finschii,"Chats, Old World Flycatchers (320)",Wheatear,Finsch's,,,,,
1678,1457,2674,avibase-CBB94183,0,Passeriformes,Muscicapidae,Oenanthe,hispanica,"Chats, Old World Flycatchers (320)",Wheatear,Black-eared,split,"Retire , hispanica now replaced with #10966, melanoleuca need a new no",,,
1680,1459,2676,avibase-CAFA98EE,0,Passeriformes,Muscicapidae,Oenanthe,leucopyga,"Chats, Old World Flycatchers (320)",Wheatear,White-crowned,,,,,
1681,1460,2678,avibase-1C98EA2F,0,Passeriformes,Muscicapidae,Oenanthe,leucura,"Chats, Old World Flycatchers (320)",Wheatear,Black,,,,,
1682,1461,2680,avibase-7E408670,0,Passeriformes,Muscicapidae,Oenanthe,lugens,"Chats, Old World Flycatchers (320)",Wheatear,Mourning,,,,,
1683,1462,2682,avibase-5396F9FB,0,Passeriformes,Muscicapidae,Oenanthe,lugubris,,Wheatear,Abyssinian,,,,,
1685,1463,2684,avibase-A9ADB78D,0,Passeriformes,Muscicapidae,Oenanthe,moesta,"Chats, Old World Flycatchers (320)",Wheatear,Red-rumped,,,,,
1686,1464,2686,avibase-17F2D08C,0,Passeriformes,Muscicapidae,Oenanthe,monacha,"Chats, Old World Flycatchers (320)",Wheatear,Hooded,,,,,
1688,1467,2688,avibase-631D27EF,0,Passeriformes,Muscicapidae,Oenanthe,phillipsi,"Chats, Old World Flycatchers (320)",Wheatear,Somali,,,,,
2641,1470,2690,avibase-633748A0,0,Passeriformes,Muscicapidae,Oenanthe,schalowi,,Wheatear,Schalow's,,,,,
1692,1471,2692,avibase-FB719320,0,Passeriformes,Muscicapidae,Oenanthe,xanthoprymna,"Chats, Old World Flycatchers (320)",Wheatear,Kurdish,,,,,
1824,1472,2694,avibase-7A8D10C0,0,Passeriformes,Muscicapidae,Phoenicurus,moussieri,"Chats, Old World Flycatchers (320)",Redstart,Moussier's,,,,,
1825,1473,2696,avibase-612B5C24,0,Passeriformes,Muscicapidae,Phoenicurus,ochruros,"Chats, Old World Flycatchers (320)",Redstart,Black,,,,,
2642,1477,2698,avibase-52418334,0,Passeriformes,Muscicapidae,Monticola,bensoni,,Rock-Thrush,Benson's,Lumped,Retire. Lumpedwith #2620 Monticola sharpei,,,
2643,1478,2700,avibase-B04A4CCA,0,Passeriformes,Muscicapidae,Monticola,imerina,,Rock-Thrush,Littoral,,"Duplicate of #2614, BL Use #2614, delete this",,,
2644,1479,2702,avibase-06BA410F,0,Passeriformes,Muscicapidae,Monticola,sharpei,,Rock-Thrush,Forest ,,"Duplicate of #2620, BL Use #2620, delete this",,,
2186,1481,2704,avibase-DB645AF5,0,Passeriformes,Muscicapidae,Saxicola,maurus,,Stonechat,Siberian,,,,,
2188,1483,2706,avibase-63C0999F,0,Passeriformes,Muscicapidae,Saxicola,tectes,"Chats, Old World Flycatchers (320)",Stonechat,Reunion,,,,,
2645,1485,2708,avibase-46E2DE8D,0,Passeriformes,Muscicapidae,Sheppardia,[bocagei] poensis,,Akalat,Alexander's,,,,,
2217,1486,2710,avibase-C25F57BD,0,Passeriformes,Muscicapidae,Sheppardia,aequatorialis,"Chats, Old World Flycatchers (320)",Akalat,Equatorial,,,,,
2219,1488,2712,avibase-65C6355E,0,Passeriformes,Muscicapidae,Sheppardia,cyornithopsis,"Chats, Old World Flycatchers (320)",Akalat,Lowland,,,,,
2222,1491,2714,avibase-44A7DA22,0,Passeriformes,Muscicapidae,Sheppardia,lowei,"Chats, Old World Flycatchers (320)",Akalat,Iringa,,,,,
2223,1492,2716,avibase-F6E72DBC,0,Passeriformes,Muscicapidae,Sheppardia,montana,"Chats, Old World Flycatchers (320)",Akalat,Usambara,,,,,
2224,1493,2718,avibase-9B35BE95,0,Passeriformes,Muscicapidae,Sheppardia,sharpei,"Chats, Old World Flycatchers (320)",Akalat,Sharpe's,,,,,
2274,1495,2720,avibase-6711EB24,0,Passeriformes,Muscicapidae,Stiphrornis,erythrothorax,"Chats, Old World Flycatchers (320)",Robin,Forest,,,,,
2646,1496,2722,avibase-8E2C4602,0,Passeriformes,Muscicapidae,Stiphrornis,gabonensis,,Robin,Gabon Forest,,,,,
2647,1497,2724,avibase-869F1CEF,0,Passeriformes,Muscicapidae,Stiphrornis,sanghensis,,Robin,Sangha Forest,,,,,
2648,1498,2726,avibase-A063A6E1,0,Passeriformes,Muscicapidae,Stiphrornis,xanthogaster,,Robin,Eastern Forest,,,,,
2393,1500,2728,avibase-90B9E67B,0,Passeriformes,Muscicapidae,Thamnolaea,coronata,,Chat,White-crowned Cliff,,,,,
1564,1502,2730,avibase-6A984F97,0,Passeriformes,Muscicapidae,Monticola,semirufus,,Chat,White-winged Cliff,,,,,
2461,1504,2732,avibase-FC085C6D,0,Passeriformes,Turdidae,Turdus,helleri,Thrushes,Thrush,Taita,,,,,
2465,1505,2734,avibase-8363CB4A,0,Passeriformes,Turdidae,Turdus,ludoviciae,Thrushes,Thrush,Somali,,,,,
2458,1506,2736,avibase-428DA7CD,0,Passeriformes,Turdidae,Turdus,abyssinicus,,Thrush,Abyssinian,,,,,
2459,1507,2738,avibase-9B5CD224,0,Passeriformes,Turdidae,Turdus,bewsheri,Thrushes,Thrush,Comoros,,,,,
2462,1509,2740,avibase-A8A85BCF,0,Passeriformes,Turdidae,Turdus,iliacus,Thrushes,,Redwing,,,,,
2466,1511,2742,avibase-88BB4F2A,0,Passeriformes,Turdidae,Turdus,merula,Thrushes,Blackbird,Common,,,,,
2470,1515,2744,avibase-D929EB21,0,Passeriformes,Turdidae,Turdus,philomelos,Thrushes,Thrush,Song,,,,,
2471,1516,2746,avibase-D120D5A0,0,Passeriformes,Turdidae,Turdus,pilaris,Thrushes,,Fieldfare,,,,,
2472,1517,2748,avibase-5A00E5A5,0,Passeriformes,Turdidae,Turdus,roehli,,Thrush,Usambara,,,,,
2474,1519,2750,avibase-A0DC8E87,0,Passeriformes,Turdidae,Turdus,tephronotus,Thrushes,Thrush,Bare-eyed,,,,,
2475,1520,2752,avibase-CE71B4FF,0,Passeriformes,Turdidae,Turdus,torquatus,Thrushes,Ouzel,Ring,,,,,
2476,1521,2754,avibase-A95B43F1,0,Passeriformes,Turdidae,Turdus,viscivorus,Thrushes,Thrush,Mistle,,,,,
2477,1522,2756,avibase-E636E6DC,0,Passeriformes,Turdidae,Turdus,xanthorhynchus,Thrushes,Thrush,Principe,,,,,
775,1523,2758,avibase-70F693B6,0,Passeriformes,Muscicapidae,Xenocopsychus ,ansorgei,"Chats, Old World Flycatchers (320)",Chat,Angolan Cave,,,,,
1129,1524,2760,avibase-CF01A4C8,0,Passeriformes,Muscicapidae,Geokichla,piaggiae tanganjicae,,Ground Thrush,Abyssinian,,,,,
2651,1525,2762,avibase-1051F436,0,Passeriformes,Muscicapidae,Geokichla,camaronensis,,Thrush,Black-eared Ground,,,,,
1124,1526,2764,avibase-4745E8A7,0,Passeriformes,Muscicapidae,Geokichla,crossleyi,Thrushes,Ground Thrush,Crossley's,,,,,
1127,1529,2766,avibase-05BC1F90,0,Passeriformes,Muscicapidae,Geokichla,oberlaenderi,Thrushes,Ground Thrush,Oberländer's,,,,,
1128,1530,2768,avibase-C54DCA26,0,Passeriformes,Muscicapidae,Geokichla,piaggiae,Thrushes,Ground Thrush,Abyssinian,,,,,
1130,1531,2770,avibase-CB1E8753,0,Passeriformes,Muscicapidae,Geokichla,princei,Thrushes,Ground Thrush,Grey,,,,,
1148,1538,2772,avibase-D9E58EA7,0,Passeriformes,Sturnidae,Grafisia,torquata,"Starlings, Rhabdornis",Starling,White-collared,,,,,
1227,1539,2774,avibase-60B48D34,0,Passeriformes,Sturnidae,Hylopsar,cupreocauda,"Starlings, Rhabdornis",Starling,Copper-tailed,,,,,
1228,1540,2776,avibase-A8BD788E,0,Passeriformes,Sturnidae,Hylopsar,purpureiceps,"Starlings, Rhabdornis",Starling,Purple-headed,,,,,
1313,1542,2778,avibase-EE674721,0,Passeriformes,Sturnidae,Lamprotornis,regius,"Starlings, Rhabdornis",Starling,Golden-breasted,,,,,
1317,1543,2780,avibase-6BFEA7BE,0,Passeriformes,Sturnidae,Lamprotornis,unicolor,"Starlings, Rhabdornis",Starling,Ashy,,,,,
2653,1544,2782,avibase-951890AD,0,Passeriformes,Sturnidae,Lamprotornis,elisabeth,"Starlings, Rhabdornis",Starling,Miombo Blue-eared,Lumped,"Retire, Lumped with #7863, and duplicate #739",,,
1299,1547,2784,avibase-56713D11,0,Passeriformes,Sturnidae,Lamprotornis,caudatus,"Starlings, Rhabdornis",Starling,Long-tailed Glossy,,,,,
1300,1548,2786,avibase-AEEED5D0,0,Passeriformes,Sturnidae,Lamprotornis,chalcurus,"Starlings, Rhabdornis",Starling,Bronze-tailed,,,,,
1305,1552,2788,avibase-621F6E07,0,Passeriformes,Sturnidae,Lamprotornis,hildebrandti,"Starlings, Rhabdornis",Starling,Hildebrandt's,,,,,
1310,1556,2790,avibase-B92C3566,0,Passeriformes,Sturnidae,Lamprotornis,pulcher,"Starlings, Rhabdornis",Starling,Chestnut-bellied,,,,,
1311,1557,2792,avibase-6A0BA87A,0,Passeriformes,Sturnidae,Lamprotornis,purpureus,"Starlings, Rhabdornis",Starling,Purple,,,,,
1312,1558,2794,avibase-3BB2565D,0,Passeriformes,Sturnidae,Lamprotornis,purpuroptera,,Starling,Rüppell's,,,,,
1314,1559,2796,avibase-B24A13C7,0,Passeriformes,Sturnidae,Lamprotornis,shelleyi,"Starlings, Rhabdornis",Starling,Shelley's,,,,,
1315,1560,2798,avibase-18B10CF9,0,Passeriformes,Sturnidae,Lamprotornis,splendidus,"Starlings, Rhabdornis",Starling,Splendid,,,,,
1316,1561,2800,avibase-405CCAAE,0,Passeriformes,Sturnidae,Lamprotornis,superbus,"Starlings, Rhabdornis",Starling,Superb,,,,,
1615,1562,2802,avibase-3F941452,0,Passeriformes,Sturnidae,Neocichla,gutturalis,"Starlings, Rhabdornis",Starling,Babbling,,,,,
2654,1563,2804,avibase-01D755E8,0,Passeriformes,Sturnidae,Onychognathus,fulgidus,,Starling,Chestnut-winged,,Retire use #1142,,,
1699,1564,2806,avibase-DB82ABEA,0,Passeriformes,Sturnidae,Onychognathus,neumanni,,Starling,Neumann's,,,,,
1693,1565,2808,avibase-B3461BEC,0,Passeriformes,Sturnidae,Onychognathus,albirostris,"Starlings, Rhabdornis",Starling,White-billed,,,,,
1694,1566,2810,avibase-9F79E839,0,Passeriformes,Sturnidae,Onychognathus,blythii,"Starlings, Rhabdornis",Starling,Somali,,,,,
1695,1567,2812,avibase-9AD060AA,0,Passeriformes,Sturnidae,Onychognathus,frater,"Starlings, Rhabdornis",Starling,Socotra,,,,,
1700,1571,2814,avibase-E8DEABBD,0,Passeriformes,Sturnidae,Onychognathus,salvadorii,"Starlings, Rhabdornis",Starling,Bristle-crowned,,,,,
1701,1572,2816,avibase-F2C7AA06,0,Passeriformes,Sturnidae,Onychognathus,tenuirostris,"Starlings, Rhabdornis",Starling,Slender-billed,,,,,
1702,1573,2818,avibase-E11D6D66,0,Passeriformes,Sturnidae,Onychognathus,walleri,"Starlings, Rhabdornis",Starling,Waller's,,,,,
1969,1574,2820,avibase-1350773F,0,Passeriformes,Sturnidae,Poeoptera,femoralis,,Starling,Abbott's,,,,,
1972,1575,2822,avibase-D6F2837E,0,Passeriformes,Sturnidae,Poeoptera,sharpii,,Starling,Sharpe's,,,,,
1970,1576,2824,avibase-295B9665,0,Passeriformes,Sturnidae,Poeoptera,kenricki,"Starlings, Rhabdornis",Starling,Kenrick's,,,,,
1971,1577,2826,avibase-E2FB8C49,0,Passeriformes,Sturnidae,Poeoptera,lugubris,"Starlings, Rhabdornis",Starling,Narrow-tailed,,,,,
1973,1578,2828,avibase-AEC1B69C,0,Passeriformes,Sturnidae,Poeoptera,stuhlmanni,"Starlings, Rhabdornis",Starling,Stuhlmann's,,,,,
1185,1579,2830,avibase-9D7AA862,0,Passeriformes,Sturnidae,Hartlaubius,auratus,"Starlings, Rhabdornis",Starling,Madagascan,,,,,
2229,1580,2832,avibase-D3390C6C,0,Passeriformes,Sturnidae,Speculipastor,bicolor,"Starlings, Rhabdornis",Starling,Magpie,,,,,
1296,1581,2834,avibase-A77D4A77,0,Passeriformes,Sturnidae,Lamprotornis,albicapillus,"Starlings, Rhabdornis",Starling,White-crowned,,,,,
1304,1583,2836,avibase-4FF4CAF8,0,Passeriformes,Sturnidae,Lamprotornis,fischeri,"Starlings, Rhabdornis",Starling,Fischer's,,,,,
2292,1584,2838,avibase-B0D81671,0,Passeriformes,Sturnidae,Sturnus,unicolor,"Starlings, Rhabdornis",Starling,Spotless,,,,,
2225,1586,2840,avibase-5415A0C3,0,Passeriformes,Sittidae,Sitta,ledanti,Nuthatches,Nuthatch,Algerian,,,,,
2397,1587,2842,avibase-89C42590,0,Passeriformes,Tichodromadidae,Tichodroma,muraria,Nuthatches,,Wallcreeper,,,,,
516,1588,2844,avibase-552E2BA9,0,Passeriformes,Certhiidae,Certhia,brachydactyla,Treecreepers,Treecreeper,Short-toed,,,,,
2441,1590,2846,avibase-AF700208,0,Passeriformes,Troglodytidae,Troglodytes,troglodytes,Wrens,Wren,Eurasian,,,,,
135,1592,2848,avibase-515353F2,0,Passeriformes,Paridae,Anthoscopus,flavifrons,Penduline Tits,Tit,Forest Penduline,,,,,
137,1594,2850,avibase-6F967270,0,Passeriformes,Paridae,Anthoscopus,musculus,Penduline Tits,Tit,Mouse-colored Penduline,,,,,
138,1595,2852,avibase-1ED6D9B4,0,Passeriformes,Paridae,Anthoscopus,parvulus,Penduline Tits,Tit,Yellow Penduline,,,,,
139,1596,2854,avibase-5A636137,0,Passeriformes,Paridae,Anthoscopus,punctifrons,Penduline Tits,Tit,Sennar Penduline,,,,,
1487,1597,2856,avibase-5C70AA7D,0,Passeriformes,Paridae,Melaniparus,guineensis,Tits,Tit,White-shouldered Black,,,,,
1491,1598,2858,avibase-1CA37CDE,0,Passeriformes,Paridae,Melaniparus,pallidiventris,,Tit,Cinnamon-breasted,,,,,
1480,1600,2860,avibase-C8880D28,0,Passeriformes,Paridae,Melaniparus,albiventris,"Tits, Chickadees",Tit,White-bellied,,,,,
1786,1601,2862,avibase-166CD440,0,Passeriformes,Paridae,Periparus,ater,"Tits, Chickadees",Tit,Coal,,,,,
869,1602,2864,avibase-9BE53D34,0,Passeriformes,Paridae,Cyanistes,caeruleus,"Tits, Chickadees",Tit,Eurasian Blue,,,,,
1483,1605,2866,avibase-57C44300,0,Passeriformes,Paridae,Melaniparus,fasciiventer,"Tits, Chickadees",Tit,Stripe-breasted,,,,,
1484,1606,2868,avibase-92FDBAF0,0,Passeriformes,Paridae,Melaniparus,fringillinus,"Tits, Chickadees",Tit,Red-throated,,,,,
1485,1607,2870,avibase-5C54F8C9,0,Passeriformes,Paridae,Melaniparus,funereus,"Tits, Chickadees",Tit,Dusky,,,,,
1488,1609,2872,avibase-BD4E697F,0,Passeriformes,Paridae,Melaniparus,leucomelas,"Tits, Chickadees",Tit,White-winged Black,,,,,
1489,1610,2874,avibase-1A289D90,0,Passeriformes,Paridae,Melaniparus,leuconotus,"Tits, Chickadees",Tit,White-backed Black,,,,,
1493,1614,2876,avibase-610FFD8E,0,Passeriformes,Paridae,Melaniparus,thruppi,"Tits, Chickadees",Tit,Acacia,,,,,
1827,1615,2878,avibase-798648B9,0,Passeriformes,Cettiidae,Pholidornis,rushiae,Penduline Tits,Hylia,Tit,,,,,
2152,1616,2880,avibase-F81EB049,0,Passeriformes,Remizidae,Remiz,pendulinus,Penduline Tits,Tit,Eurasian Penduline,,,,,
489,1618,2882,avibase-0D8DB4AE,0,Passeriformes,Hirundinidae,Cecropis,domicella,,Swallow,West African,,,,,
2107,1619,2884,avibase-0A739712,0,Passeriformes,Hirundinidae,Ptyonoprogne,obsoleta,,Martin,Pale Crag,,Moved Crag from Common_group to Common_species,,,
1202,1621,2886,avibase-42E93B64,0,Passeriformes,Hirundinidae,Hirundo,aethiopica,"Swallows, Martins",Swallow,Ethiopian,,,,,
1789,1628,2888,avibase-91BD7FA4,0,Passeriformes,Hirundinidae,Petrochelidon,fuliginosa,"Swallows, Martins",Swallow,Forest,,,,,
1207,1630,2890,avibase-29D93FC2,0,Passeriformes,Hirundinidae,Hirundo,leucosoma,"Swallows, Martins",Swallow,Pied-winged,,,,,
1208,1631,2892,avibase-F401ECCF,0,Passeriformes,Hirundinidae,Hirundo,lucida,"Swallows, Martins",Swallow,Red-chested,,,,,
1209,1632,2894,avibase-BAAFB1BC,0,Passeriformes,Hirundinidae,Hirundo,megaensis,"Swallows, Martins",Swallow,White-tailed,,,,,
1210,1633,2896,avibase-0116C834,0,Passeriformes,Hirundinidae,Hirundo,nigrita,"Swallows, Martins",Swallow,White-bibbed,,,,,
1211,1634,2898,avibase-10605B6E,0,Passeriformes,Hirundinidae,Hirundo,nigrorufa,"Swallows, Martins",Swallow,Black-and-rufous,,,,,
1790,1635,2900,avibase-BBDD34B2,0,Passeriformes,Hirundinidae,Petrochelidon,perdita,"Swallows, Martins",Swallow,Red Sea Cliff,,,,,
1791,1636,2902,avibase-AC11EBBB,0,Passeriformes,Hirundinidae,Petrochelidon,preussi,"Swallows, Martins",Swallow,Preuss's Cliff,,Changed name to Preuss's Cliff Swallow,,,
2108,1638,2904,avibase-6F2AF9D0,0,Passeriformes,Hirundinidae,Ptyonoprogne,rupestris,"Swallows, Martins",Martin,Eurasian Crag,,Moved Crag from Common_group to Common_species,,,
1808,1645,2906,avibase-118ACEB7,0,Passeriformes,Hirundinidae,Phedina,brazzae,"Swallows, Martins",Martin,Brazza's,,,,,
2655,1647,2910,avibase-26B6EBCB,0,Passeriformes,Hirundinidae,Psalidoprocne,antinorii,,Saw-wing,Brown,Lumped,"Retire, Lumped with #511",,,
2656,1648,2912,avibase-26B6EBCB,0,Passeriformes,Hirundinidae,Psalidoprocne,chalybea,,Saw-wing,Shari,Lumped,"Retire, Lumped with #511",,,
2657,1649,2914,avibase-5FA632A0,0,Passeriformes,Hirundinidae,Psalidoprocne,pristoptera ,,Saw-wing,Black (Northern Race),,"Retire, same as #511",,,
2658,1650,2916,avibase-4DD302AB,0,Passeriformes,Hirundinidae,Psalidoprocne,mangbettorum,,Saw-wing,Mangbettu,Lumped,"Retire, Lumped with #511",,,
2659,1651,2918,avibase-D34E0167,0,Passeriformes,Hirundinidae,Psalidoprocne,oleaginea,,Saw-wing,Ethiopian,Lumped,"Retire, Lumped with #511",,,
2660,1653,2920,avibase-AF36921A,0,Passeriformes,Hirundinidae,Psalidoprocne,petiti,,Saw-wing,Petit's,Lumped,"Retire, Lumped with #511",,,
2661,1654,2922,avibase-E53EB81A,0,Passeriformes,Hirundinidae,Psalidoprocne,pristoptera,,Saw-wing,Blue,,"Retire, same as #511",,,
2035,1656,2924,avibase-F9E192E8,0,Passeriformes,Hirundinidae,Psalidoprocne,fuliginosa,"Swallows, Martins",Saw-wing,Mountain,,,,,
2036,1658,2926,avibase-C780C198,0,Passeriformes,Hirundinidae,Psalidoprocne,nitens,"Swallows, Martins",Saw-wing,Square-tailed,,,,,
2037,1659,2928,avibase-8CA8B659,0,Passeriformes,Hirundinidae,Psalidoprocne,obscura,"Swallows, Martins",Saw-wing,Fanti,,,,,
2045,1661,2930,avibase-F0C6A985,0,Passeriformes,Hirundinidae,Pseudochelidon,eurystomina,"Swallows, Martins",Martin,African River,,,,,
2164,1663,2932,avibase-635B5E24,0,Passeriformes,Hirundinidae,Riparia,congica,"Swallows, Martins",Martin,Congo,,,,,
2150,1666,2934,avibase-85B03849,0,Passeriformes,Regulidae,Regulus,ignicapilla,,Firecrest,Common,,,,,
2151,1667,2936,avibase-1C51C109,0,Passeriformes,Regulidae,Regulus,regulus,,,Goldcrest,,,,,
2663,1669,2940,avibase-0B325B7F,0,Passeriformes,Pycnonotidae,Eurillas,curvirostris,Bulbuls,Greenbul,Plain ,,Retire. Replaced with #6907,Retired,,
,,2942,,,Passeriformes,Pycnonotidae,Arizelocichla,nigriceps,Bulbuls,Greenbul,Black-headed Mountain,,Re-inserted after being retired! BL uses this number. Replaces #13622,Eng name updated,,
1037,1671,2944,avibase-0EA5F2E1,0,Passeriformes,Pycnonotidae,Eurillas,ansorgei,Bulbuls,Greenbul,Ansorge's,,,,,
2664,1672,2946,avibase-0B325B7F,0,Passeriformes,Pycnonotidae,Eurillas,curvirostris,Bulbuls,Greenbul,Plain,,Retire. Replaced with #6907,Retired,,
2253,1673,2948,avibase-5D82C13B,0,Passeriformes,Pycnonotidae,Stelgidillas,gracilirostris,Bulbuls,Greenbul,Slender-billed,,,,,
1038,1674,2950,avibase-486103D7,0,Passeriformes,Pycnonotidae,Eurillas,gracilis,Bulbuls,Grey Greenbul,Little,,,,,
249,1677,2952,avibase-9144EF40,0,Passeriformes,Pycnonotidae,Arizelocichla,kakamegae,,Greenbul,Kakamega,,,,,
250,1678,2954,avibase-1EEE86B8,0,Passeriformes,Pycnonotidae,Arizelocichla,kikuyuensis,Bulbuls,Greenbul,Kikuyu Mountain,,Changed name to Kikuyu Mountain Greenbul,Eng name updated,,
255,1683,2956,avibase-37548238,0,Passeriformes,Pycnonotidae,Arizelocichla,olivaceiceps,,Greenbul,Olive-headed,,,,,
256,1684,2958,avibase-E4385C2A,0,Passeriformes,Pycnonotidae,Arizelocichla,striifacies,,Greenbul,Stripe-faced,,,,,
279,1687,2960,avibase-C6833BA9,0,Passeriformes,Pycnonotidae,Baeopogon,clamans,Bulbuls,Greenbul,Sjöstedt's,,,,,
306,1689,2962,avibase-D4B9EE90,0,Passeriformes,Pycnonotidae,Bleda,canicapillus,Bulbuls,Bristlebill,Grey-headed,,,,,
307,1690,2964,avibase-68043A88,0,Passeriformes,Pycnonotidae,Bleda,eximius,Bulbuls,Bristlebill,Green-tailed,,,,,
308,1691,2966,avibase-4F97BFE1,0,Passeriformes,Pycnonotidae,Bleda,notatus,Bulbuls,Bristlebill,Yellow-lored,,Keep. Retire #3044,,,
310,1693,2968,avibase-1D9175EA,0,Passeriformes,Pycnonotidae,Bleda,ugandae,Bulbuls,Bristlebill,Yellow-eyed,,,,,
429,1694,2970,avibase-3B3C39F1,0,Passeriformes,Pycnonotidae,Calyptocichla,serinus,Bulbuls,Greenbul,Golden,,,,,
567,1698,2972,avibase-4602AC01,0,Passeriformes,Pycnonotidae,Chlorocichla,laetissima,Bulbuls,Greenbul,Joyful,,,,,
568,1699,2974,avibase-38652F17,0,Passeriformes,Pycnonotidae,Chlorocichla,prigoginei,Bulbuls,Greenbul,Prigogine's,,,,,
569,1700,2976,avibase-D3D4D1B7,0,Passeriformes,Pycnonotidae,Chlorocichla,simplex,Bulbuls,Greenbul,Simple,,,,,
808,1701,2978,avibase-0F97A356,0,Passeriformes,Pycnonotidae,Criniger,barbatus,Bulbuls,Greenbul,Western Bearded,,,,,
809,1702,2980,avibase-F8104BC1,0,Passeriformes,Pycnonotidae,Criniger,calurus,Bulbuls,Greenbul,Red-tailed,,,,,
811,1704,2982,avibase-6A110710,0,Passeriformes,Pycnonotidae,Criniger,ndussumensis,Bulbuls,Greenbul,White-bearded,,,,,
812,1705,2984,avibase-439C4BC9,0,Passeriformes,Pycnonotidae,Criniger,olivaceus,Bulbuls,Greenbul,Yellow-bearded,,,,,
1234,1706,2986,avibase-E55C03F8,0,Passeriformes,Pycnonotidae,Hypsipetes,borbonicus,Bulbuls,Bulbul,Reunion,,,,,
1235,1707,2988,avibase-5E2E4545,0,Passeriformes,Pycnonotidae,Hypsipetes,crassirostris,Bulbuls,Bulbul,Seychelles,,,,,
1237,1709,2990,avibase-650CC5B3,0,Passeriformes,Pycnonotidae,Hypsipetes,olivaceus,Bulbuls,Bulbul,Mauritius,,,,,
1238,1710,2992,avibase-105A8F99,0,Passeriformes,Pycnonotidae,Hypsipetes,parvirostris,Bulbuls,Comoro Bulbul,Grand,,,,,
1275,1711,2994,avibase-33703E6F,0,Ciconiiformes,Ardeidae,Ixonotus,guttatus,Bulbuls,Greenbul,Spotted,,,,,
1649,1713,2996,avibase-6413CE1A,0,Passeriformes,Nicatoridae,Nicator,chloris,Bulbuls,Nicator,Western,,,,,
1836,1716,2998,avibase-2DA2C52F,0,Passeriformes,Pycnonotidae,Phyllastrephus,fischeri,Bulbuls,Greenbul,Fischer's,,,,,
1831,1718,3000,avibase-ACB92E07,0,Passeriformes,Pycnonotidae,Phyllastrephus,alfredi,,Greenbul,Sharpe's,,,,,
1830,1719,3002,avibase-D4CB1B89,0,Passeriformes,Pycnonotidae,Phyllastrephus,albigularis,Bulbuls,Greenbul,White-throated,,,,,
2667,1720,3004,avibase-2CF15271,0,Passeriformes,Pycnonotidae,Xanthomixis,apperti,Bulbuls,Tetraka,Appert's,,Retire and also duplicate #13618. Use #12977,BL has this as 12977,,
1832,1721,3006,avibase-D5A35997,0,Passeriformes,Pycnonotidae,Phyllastrephus,baumanni,Bulbuls,Greenbul,Baumann's Olive,,,,,
2668,1724,3008,avibase-BABC6C7F,0,Passeriformes,Pycnonotidae,Xanthomixis,cinereiceps,Bulbuls,Tetraka,Grey-crowned,,Retire and also duplicate #13620. Use #12979,BL has this as 12979,,
1838,1727,3010,avibase-146387FC,0,Passeriformes,Pycnonotidae,Phyllastrephus,fulviventris,Bulbuls,Greenbul,Pale-olive,,,,,
1839,1728,3012,avibase-2E3D5AAF,0,Passeriformes,Pycnonotidae,Phyllastrephus,hypochloris,Bulbuls,Olive Greenbul,Toro,,,,,
1841,1730,3014,avibase-4818818A,0,Passeriformes,Pycnonotidae,Phyllastrephus,leucolepis,Bulbuls,Greenbul,Liberian,,,,,
1842,1731,3016,avibase-4B94ECF0,0,Passeriformes,Pycnonotidae,Phyllastrephus,lorenzi,,Greenbul,Sassi's Olive,,,,,
2669,1732,3018,avibase-51FA9111,0,Passeriformes,Pycnonotidae,Bernieria,madagascariensis,Bulbuls,Bernieria,Long-billed,,different no!! Suggest we use BL #5095 and retire #3018,Retired,,
1845,1734,3020,avibase-04A5B0F9,0,Passeriformes,Pycnonotidae,Phyllastrephus,poliocephalus,Bulbuls,Greenbul,Grey-headed,,,,,
1846,1735,3022,avibase-E781F61C,0,Passeriformes,Pycnonotidae,Phyllastrephus,scandens,Bulbuls,Leaflove,Red-tailed,,,,,
1847,1736,3024,avibase-29820AD9,0,Passeriformes,Pycnonotidae,Phyllastrephus,strepitans,Bulbuls,Brownbul,Northern,,,,,
2670,1737,3026,avibase-6FD3006B,0,Passeriformes,Pycnonotidae,Crossleyia,tenebrosa,,Tetraka,Dusky,,"Retire. BL use #12978. Changed to Genus Crossleyia, Retire also duplicate #13619",BL has this as #12978,,
1849,1739,3028,avibase-1D1C9EDA,0,Passeriformes,Pycnonotidae,Phyllastrephus,xavieri,Bulbuls,Greenbul,Xavier's,,,,,
2671,1740,3030,avibase-9813B521,0,Passeriformes,Pycnonotidae,Xanthomixis,zosterops,Bulbuls,Tetraka,Spectacled,,"Retire, retire also duplicate #13617, we should use #12976 as BL do",BL has this as #12976,,
2126,1748,3038,avibase-24B66475,0,Passeriformes,Pycnonotidae,Pycnonotus,xanthopygos,Bulbuls,Bulbul,White-spectacled,,,,,
2395,1749,3040,avibase-EBE56736,0,Passeriformes,Pycnonotidae,Thescelocichla,leucopleura,Bulbuls,Bulbul,Swamp Pale,,,,,
2673,1750,3042,avibase-1F66AE1E,0,Passeriformes,Pycnonotidae,Arizelocichla,fusciceps,Bulbuls,Greenbul,Black-browed,,Retire. Change to #4866 Black-browed Mountain Greenbul used by BL,Retired,,
2674,1751,3044,avibase-4F97BFE1,0,Passeriformes,Pycnonotidae,Bleda,notatus,Bulbuls,Bristlebill,Yellow-lored,,Retire. exist as #2966 ,,,
1232,1752,3046,avibase-D08193E0,0,Passeriformes,Hypocoliidae,Hypocolius,ampelinus,Waxwings,Hypocolius,Grey,,,,,
253,1753,3048,avibase-8EDD570A,0,Passeriformes,Pycnonotidae,Arizelocichla,neumanni,,Greenbul,Uluguru Mountain,,,,,
2675,1754,3050,avibase-E9C82DFF,0,Passeriformes,Cisticolidae,Apalis,[flavida] viridiceps,,Apalis,Brown-tailed,Lumped,Retire. Use #625,,,
188,1755,3052,avibase-3454B218,0,Passeriformes,Cisticolidae,Apalis,kaboboensis,,Apalis,Kabobo,,,,,
176,1756,3054,avibase-D20B632B,0,Passeriformes,Cisticolidae,Apalis,argentea,,Apalis,Kungwe,,,,,
185,1757,3056,avibase-D5549C6D,0,Passeriformes,Cisticolidae,Apalis,fuscigularis,,Apalis,Taita,,,,,
190,1758,3058,avibase-A3869D21,0,Passeriformes,Cisticolidae,Apalis,lynesi,Cisticolas and allies,Apalis,Namuli,,,,,
175,1759,3060,avibase-D6C2BFD2,0,Passeriformes,Cisticolidae,Apalis,alticola,,Apalis,Brown-headed,,,,,
177,1760,3062,avibase-C3B16DBB,0,Passeriformes,Cisticolidae,Apalis,bamendae,Cisticolas and allies,Apalis,Bamenda,,,,,
178,1761,3064,avibase-1B4DA358,0,Passeriformes,Cisticolidae,Apalis,binotata,Cisticolas and allies,Apalis,Lowland Masked,,,,,
179,1762,3066,avibase-6687AA29,0,Passeriformes,Cisticolidae,Apalis,chapini,Cisticolas and allies,Apalis,Chapin's,,,,,
180,1763,3068,avibase-184BA213,0,Passeriformes,Cisticolidae,Apalis,chariessa,Cisticolas and allies,Apalis,White-winged,,,,,
182,1765,3070,avibase-7A8A8FCF,0,Passeriformes,Cisticolidae,Apalis,cinerea,Cisticolas and allies,Apalis,Grey,,,,,
186,1768,3072,avibase-3D6CB174,0,Passeriformes,Cisticolidae,Apalis,goslingi,Cisticolas and allies,Apalis,Gosling's,,,,,
187,1769,3074,avibase-1ABAB622,0,Passeriformes,Cisticolidae,Apalis,jacksoni,Cisticolas and allies,Apalis,Black-throated,,,,,
189,1770,3076,avibase-D029B521,0,Passeriformes,Cisticolidae,Apalis,karamojae,Cisticolas and allies,Apalis,Karamoja,,,,,
192,1772,3078,avibase-DA2072A7,0,Passeriformes,Cisticolidae,Apalis,nigriceps,Cisticolas and allies,Apalis,Black-capped,,,,,
193,1773,3080,avibase-0ABADB0F,0,Passeriformes,Cisticolidae,Apalis,personata,Cisticolas and allies,Apalis,Mountain Masked,,,,,
194,1774,3082,avibase-E8F03B18,0,Passeriformes,Cisticolidae,Apalis,porphyrolaema,Cisticolas and allies,Apalis,Chestnut-throated,,,,,
1705,1775,3084,avibase-91FD087B,0,Passeriformes,Cisticolidae,Oreolais,pulcher,,Apalis,Black-collared,,,,,
1706,1778,3086,avibase-4016F61E,0,Passeriformes,Cisticolidae,Oreolais,ruwenzorii,,Apalis,Rwenzori,,,,,
197,1779,3088,avibase-770308E9,0,Passeriformes,Cisticolidae,Apalis,sharpii,Cisticolas and allies,Apalis,Sharpe's,,,,,
383,1782,3090,avibase-0195CFDD,0,Passeriformes,Cisticolidae,Calamonastes,simplex,,Wren-Warbler,Grey,,,,,
385,1784,3092,avibase-1E7CADC2,0,Passeriformes,Cisticolidae,Calamonastes,undosus,,Wren-Warbler,Miombo,,,,,
434,1788,3094,avibase-63220C79,0,Passeriformes,Cisticolidae,Camaroptera,superciliaris,Cisticolas and allies,Camaroptera,Yellow-browed,,,,,
1258,1789,3096,avibase-ACD5DE47,0,Passeriformes,Cisticolidae,Incana,incana,Cisticolas and allies,Warbler,Socotra,,,,,
675,1790,3098,avibase-398DC864,0,Passeriformes,Cisticolidae,Cisticola,emini,,Cisticola,Rock-loving,,,,,
2677,1792,3100,avibase-2EBCA2C5,0,Passeriformes,Cisticolidae,Cisticola,[erythrops] lepe,,Cisticola,Lepe,,,,,
657,1793,3102,avibase-9CE4FC4C,0,Passeriformes,Cisticolidae,Cisticola,angusticauda,Cisticolas and allies,Cisticola,Long-tailed,,,,,
674,1794,3104,avibase-52B4F230,0,Passeriformes,Cisticolidae,Cisticola,distinctus,,Cisticola,Lynes's,,,,,
2678,1795,3106,avibase-4BB4B844,,Passeriformes,Cisticolidae,Cisticola,[robustus] angolensis,,Cisticola,Angola,,,,,
655,1796,3108,avibase-3C79F1AC,0,Passeriformes,Cisticolidae,Cisticola,aberdare,Cisticolas and allies,Cisticola,Aberdare,,,,,
658,1798,3110,avibase-01CFA60A,0,Passeriformes,Cisticolidae,Cisticola,anonymus,Cisticolas and allies,Cisticola,Chattering,,,,,
662,1801,3112,avibase-F8469E3F,0,Passeriformes,Cisticolidae,Cisticola,bodessa,Cisticolas and allies,Cisticola,Boran,,,,,
664,1803,3114,avibase-006667E7,0,Passeriformes,Cisticolidae,Cisticola,brunnescens,Cisticolas and allies,Cisticola,Pectoral-patch,,,,,
665,1804,3116,avibase-F550D7D6,0,Passeriformes,Cisticolidae,Cisticola,bulliens,Cisticolas and allies,Cisticola,Bubbling,,,,,
667,1806,3118,avibase-2C6D5362,0,Passeriformes,Cisticolidae,Cisticola,carruthersi,Cisticolas and allies,Cisticola,Carruthers's,,,,,
668,1807,3120,avibase-84C80AC6,0,Passeriformes,Cisticolidae,Cisticola,cherina,,Cisticola,Madagascan,,,,,
670,1809,3122,avibase-4849AA43,0,Passeriformes,Cisticolidae,Cisticola,chubbi,Cisticolas and allies,Cisticola,Chubb's,,,,,
671,1810,3124,avibase-71F6A3F0,0,Passeriformes,Cisticolidae,Cisticola,cinereolus,Cisticolas and allies,Cisticola,Ashy,,,,,
673,1812,3126,avibase-9F281377,0,Passeriformes,Cisticolidae,Cisticola,dambo,Cisticolas and allies,Cisticola,Dambo,,,,,
680,1813,3128,avibase-6078DEED,0,Passeriformes,Cisticolidae,Cisticola,guinea,,Cisticola,Dorst's,,,,,
677,1815,3130,avibase-53E61277,0,Passeriformes,Cisticolidae,Cisticola,eximius,Cisticolas and allies,Cisticola,Black-backed,,,,,
681,1818,3132,avibase-E88C0B71,0,Passeriformes,Cisticolidae,Cisticola,haematocephalus,,Cisticola,Coastal,,,,,
682,1819,3134,avibase-C08493AF,0,Passeriformes,Cisticolidae,Cisticola,haesitatus,Cisticolas and allies,Cisticola,Socotra,,,,,
686,1823,3136,avibase-5A184029,0,Passeriformes,Cisticolidae,Cisticola,lateralis,Cisticolas and allies,Cisticola,Whistling,,,,,
687,1824,3138,avibase-846B8B31,971,Passeriformes,Cisticolidae,Cisticola,luapula,,Cisticola,Luapula,,,,,
688,1825,3140,avibase-3DF3F9B9,0,Passeriformes,Cisticolidae,Cisticola,lugubris,,Cisticola,Ethiopian,,,,,
689,1826,3142,avibase-1DA06308,0,Passeriformes,Cisticolidae,Cisticola,marginatus,Cisticolas and allies,Cisticola,Winding,,,,,
690,1827,3144,avibase-388BABD6,0,Passeriformes,Cisticolidae,Cisticola,melanurus,Cisticolas and allies,Cisticola,Black-tailed,,,,,
691,1828,3146,avibase-BF29E8B6,0,Passeriformes,Cisticolidae,Cisticola,nana,Cisticolas and allies,Cisticola,Tiny,,,,,
693,1830,3148,avibase-9C320DCB,0,Passeriformes,Cisticolidae,Cisticola,nigriloris,Cisticolas and allies,Cisticola,Black-lored,,,,,
696,1833,3150,avibase-2E0E6C82,0,Passeriformes,Cisticolidae,Cisticola,restrictus,Cisticolas and allies,Cisticola,Tana River,,,,,
697,1834,3152,avibase-D3B1A98B,0,Passeriformes,Cisticolidae,Cisticola,robustus,Cisticolas and allies,Cisticola,Stout,,,,,
698,1835,3154,avibase-8338F12F,0,Passeriformes,Cisticolidae,Cisticola,ruficeps,Cisticolas and allies,Cisticola,Red-pate,,,,,
700,1837,3156,avibase-81851E47,0,Passeriformes,Cisticolidae,Cisticola,rufus,Cisticolas and allies,Cisticola,Rufous,,,,,
2680,1839,3160,avibase-F5C0F878,0,Passeriformes,Cisticolidae,Cisticola,sp.,,Cisticola,Melodious,,,,,
2681,1840,3162,avibase-69045C0B,0,Passeriformes,Cisticolidae,Cisticola,anderseni,Cisticolas and allies,Cisticola,White-tailed,,"Retire. #3162 not in use by BL, replace with #10996",retired,,
704,1844,3164,avibase-844A290B,0,Passeriformes,Cisticolidae,Cisticola,troglodytes,Cisticolas and allies,Cisticola,Foxy,,,,,
705,1845,3166,avibase-5BD1E605,0,Passeriformes,Cisticolidae,Cisticola,woosnami,Cisticolas and allies,Cisticola,Trilling,,,,,
923,1846,3168,avibase-E1936846,0,Passeriformes,Malaconotidae,Drymocichla,incana,Cisticolas and allies,Warbler,Red-winged Grey,,,,,
969,1847,3170,avibase-31E5F1E9,0,Passeriformes,Cisticolidae,Eminia,lepida,Cisticolas and allies,Warbler,Grey-capped,,,,,
1149,1849,3172,avibase-07AE29DF,0,Passeriformes,Locustellidae,Graueria,vittata,Sylviid Babblers,Warbler,Grauer's,,,,,
1231,1851,3174,avibase-31557605,0,Passeriformes,Cisticolidae,Hypergerus,atriceps,Cisticolas and allies,Warbler,Oriole,,,,,
1850,1855,3176,avibase-DFC5A27D,0,Passeriformes,Sylviidae,Phyllolais,pulchella,Cisticolas and allies,Warbler,Buff-bellied,,,,,
2191,1857,3178,avibase-45411DD0,0,Passeriformes,Cisticolidae,Schistolais,leontica,,Prinia,Sierra Leone,,,,,
2192,1858,3180,avibase-95B6C7C5,0,Passeriformes,Cisticolidae,Schistolais,leucopogon,,Prinia,White-chinned,,,,,
2011,1859,3182,avibase-80E8EBB8,0,Passeriformes,Cisticolidae,Prinia,melanops,,Prinia,Black-faced,,,,,
2006,1863,3184,avibase-1CB41EB5,0,Passeriformes,Cisticolidae,Prinia,fluviatilis,Cisticolas and allies,Prinia,River,,,,,
2007,1864,3186,avibase-0FB5894F,0,Passeriformes,Cisticolidae,Prinia,gracilis,Cisticolas and allies,Prinia,Graceful,,,,,
2013,1867,3188,avibase-319F6754,0,Passeriformes,Cisticolidae,Prinia,somalica,Cisticolas and allies,Prinia,Pale,,,,,
2205,1869,3190,avibase-FCF07F05,0,Passeriformes,Scotocercidae,Scotocerca,inquieta,Cisticolas and allies,Scrub Warbler,Streaked Scrub,,,,,
2505,1870,3192,avibase-D8177CEC,0,Passeriformes,Cisticolidae,Spiloptila,rufifrons,,Prinia,Red-fronted,,,,,
2238,1871,3194,avibase-2A88D0BC,0,Passeriformes,Cisticolidae,Spiloptila,clamans,Cisticolas and allies,Warbler,Cricket,,,,,
2557,1873,3196,avibase-5784EE2F,0,Passeriformes,Zosteropidae,Zosterops,brunneus,White-eyes,Speirops,Fernando Po,,,,,
2555,1878,3198,avibase-8C2C2D5B,0,Passeriformes,Zosteropidae,Zosterops,abyssinicus,White-eyes,White-eye,Abyssinian,,,,,
2558,1882,3200,avibase-094FE346,0,Passeriformes,Zosteropidae,Zosterops,chloronothos,White-eyes,White-eye,Mauritius Olive ,,,,,
2560,1884,3202,avibase-19ABB1C4,0,Passeriformes,Zosteropidae,Zosterops,griseovirescens,White-eyes,White-eye,Annobon,,,,,
2684,1885,3204,avibase-38EA4555,0,Passeriformes,Zosteropidae,Zosterops,kulalensis,White-eyes,White-eye,Kulal,,,,,
2565,1887,3206,avibase-A2DA598E,0,Passeriformes,Zosteropidae,Zosterops,mayottensis,White-eyes,White-eye,Mayotte,,,,,
2567,1888,3208,avibase-FDCF5A86,0,Passeriformes,Zosteropidae,Zosterops,modestus,White-eyes,White-eye,Seychelles,,,,,
2568,1889,3210,avibase-7BB0A730,0,Passeriformes,Zosteropidae,Zosterops,mouroniensis,White-eyes,White-eye,Karthala,,,,,
2569,1890,3212,avibase-769F157D,0,Passeriformes,Zosteropidae,Zosterops,olivaceus,White-eyes,White-eye,Reunion Olive,,,,,
2571,1891,3214,avibase-BF3D3E26,0,Passeriformes,Zosteropidae,Zosterops,poliogastrus,White-eyes,White-eye,Ethiopian,split,,,,
2574,1893,3216,avibase-B24BD4A1,0,Passeriformes,Zosteropidae,Zosterops,silvanus,White-eyes,White-eye,Taita,,,,,
2575,1894,3218,avibase-28458566,0,Passeriformes,Zosteropidae,Zosterops,stenocricotus,White-eyes,White-eye,Forest,,"Used by BL, retire #10049",,,
2576,1895,3220,avibase-E359D080,0,Passeriformes,Zosteropidae,Zosterops,vaughani,White-eyes,White-eye,Pemba,,,,,
2578,1896,3222,avibase-EF6C3AEF,0,Passeriformes,Zosteropidae,Zosterops,winifredae,White-eyes,White-eye,South Pare,,,,,
1243,1898,3224,avibase-213C212A,0,Passeriformes,Sylviidae,Iduna,aedon,Sylviid Babblers,Warbler,Thick-billed,,,,,
21,1902,3226,avibase-AAABFBE8,0,Passeriformes,Sylviidae,Acrocephalus,brevipennis,Sylviid Babblers,Warbler,Cape Verde,,,,,
24,1905,3228,avibase-E1559C49,0,Passeriformes,Sylviidae,Acrocephalus,melanopogon,Sylviid Babblers,Warbler,Moustached,,,,,
25,1906,3230,avibase-6ED7C46F,0,Passeriformes,Sylviidae,Acrocephalus,newtoni,Sylviid Babblers,Warbler,Madagascan Swamp,,,,,
26,1907,3232,avibase-C15141A6,0,Passeriformes,Sylviidae,Acrocephalus,paludicola,Sylviid Babblers,Warbler,Aquatic,,,,,
28,1909,3234,avibase-DDF77AB5,0,Passeriformes,Sylviidae,Acrocephalus,rodericanus,,Warbler,Rodrigues,,,,,
34,1914,3236,avibase-D793DF5A,0,Passeriformes,Sylviidae,Acrocephalus,stentoreus,Sylviid Babblers,Warbler,Clamorous Reed,,,,,
95,1916,3238,avibase-875A131F,0,Passeriformes,Locustellidae,Amphilais,seebohmi,Sylviid Babblers,Emutail,Grey,,,,,
2687,1918,3242,avibase-95F650C1,0,Passeriformes,Cisticolidae,Scepomycter,winifredae,Cisticolas and Allies,Warbler,Winifred's ,,Retire. Replaced with #11818 used by BL,Retired,,
285,1919,3244,avibase-8EDC9B24,0,Passeriformes,Cisticolidae,Bathmocercus,cerviniventris,Sylviid Babblers,Warbler,Black-headed Rufous,,,,,
320,1923,3246,avibase-A630DB2C,0,Passeriformes,Sylviidae,Bradypterus,alfredi,Sylviid Babblers,Warbler,Bamboo,,,,,
327,1928,3248,avibase-4761DFE7,0,Passeriformes,Sylviidae,Bradypterus,grandis,Sylviid Babblers,Warbler,Ja River Scrub,,,,,
328,1929,3250,avibase-1DC48058,0,Passeriformes,Sylviidae,Bradypterus,graueri,Sylviid Babblers,Warbler,Grauer's Swamp,,,,,
524,1933,3252,avibase-F3E9CE95,0,Passeriformes,Cettiidae,Cettia,cetti,Sylviid Babblers,Warbler,Cetti's,,,,,
849,1937,3254,avibase-8A7929D9,0,Passeriformes,Bernieridae,Crossleyia,xanthophrys,Sylviid Babblers,Yellowbrow,Madagascan,,,,,
855,1938,3256,avibase-DBD188EF,0,Passeriformes,Estrildidae,Cryptosylvicola,randrianasoloi,Sylviid Babblers,Warbler,Cryptic,,,,,
324,1939,3258,avibase-D9721DB9,0,Passeriformes,Locustellidae,Bradypterus,brunneus,Sylviid Babblers,Emutail,Brown,,,,,
980,1940,3260,avibase-77FE6CF2,0,Passeriformes,Sylviidae,Eremomela,salvadorii,,Eremomela,Salvadori's,,,,,
975,1941,3262,avibase-75932535,0,Passeriformes,Sylviidae,Eremomela,canescens,,Eremomela,Green-backed,,,,,
973,1942,3264,avibase-A6275491,0,Passeriformes,Sylviidae,Eremomela,atricollis,Sylviid Babblers,Eremomela,Black-necked,,,,,
974,1943,3266,avibase-17767237,0,Passeriformes,Sylviidae,Eremomela,badiceps,Sylviid Babblers,Eremomela,Rufous-crowned,,,,,
976,1944,3268,avibase-D46EE5F8,0,Passeriformes,Sylviidae,Eremomela,flavicrissalis,Sylviid Babblers,Eremomela,Yellow-vented,,,,,
979,1947,3270,avibase-330BEC7E,0,Passeriformes,Sylviidae,Eremomela,pusilla,Sylviid Babblers,Eremomela,Senegal,,,,,
982,1949,3272,avibase-7D340BF9,0,Passeriformes,Sylviidae,Eremomela,turneri,Sylviid Babblers,Eremomela,Turner's,,,,,
2506,1951,3274,avibase-D86EAD92,0,Passeriformes,Cettiidae,Urosphena,neumanni,Sylviid Babblers,Warbler,Neumann's,,,,,
1199,1953,3276,avibase-B10AD127,0,Passeriformes,Sylviidae,Hippolais,languida,Sylviid Babblers,Warbler,Upcher's,,,,,
1246,1955,3278,avibase-BAE527A2,0,Passeriformes,Acrocephalidae,Iduna,pallida,Warbler,Olivaceous Warbler,Eastern,,,,,
1201,1956,3280,avibase-DCDD1BCA,0,Passeriformes,Sylviidae,Hippolais,polyglotta,Sylviid Babblers,Warbler,Melodious,,,,,
1222,1957,3282,avibase-98BA31AA,0,Passeriformes,Sylviidae,Hylia,prasina,Sylviid Babblers,Hylia,Green,,,,,
1225,1958,3284,avibase-BC190F25,0,Passeriformes,Sylviidae,Hyliota,usambara,,Hyliota,Usambara,,,,,
1226,1961,3286,avibase-9187C7FC,0,Passeriformes,Sylviidae,Hyliota,violacea,Sylviid Babblers,Hyliota,Violet-backed,,,,,
1252,1963,3288,avibase-58BB1A14,0,Passeriformes,Pellorneidae,Illadopsis,cleaveri,Babblers,Illadopsis,Blackcap,,,,,
1254,1965,3290,avibase-0058E798,0,Passeriformes,Pellorneidae,Illadopsis,puveli,Babblers,Illadopsis,Puvel's,,,,,
1255,1966,3292,avibase-596BDE51,0,Passeriformes,Pellorneidae,Illadopsis,pyrrhoptera,Babblers,Illadopsis,Mountain,,,,,
1256,1967,3294,avibase-640FA04F,0,Passeriformes,Pellorneidae,Illadopsis,rufescens,Babblers,Illadopsis,Rufous-winged,,,,,
1257,1968,3296,avibase-64078193,0,Passeriformes,Pellorneidae,Illadopsis,rufipennis,Babblers,Illadopsis,Pale-breasted,,,,,
1281,1970,3298,avibase-722187E9,0,Passeriformes,Leiothrichidae,Kupeornis,chapini,Babblers,Babbler,Chapin's,,,,,
1282,1971,3300,avibase-AD7B6E81,0,Passeriformes,Leiothrichidae,Kupeornis,gilberti,Babblers,Mountain Babbler,White-throated,,,,,
1283,1972,3302,avibase-27E0131C,0,Passeriformes,Leiothrichidae,Kupeornis,rufocinctus,Babblers,Babbler,Red-collared,,,,,
1390,1975,3304,avibase-2D46BB98,0,Passeriformes,Sylviidae,Locustella,luscinioides,Sylviid Babblers,Warbler,Savi's,,,,,
1391,1976,3306,avibase-BC0E4C9F,0,Passeriformes,Sylviidae,Locustella,naevia,Sylviid Babblers,Grasshopper Warbler,Common,,,,,
1439,1977,3308,avibase-E5CA98CA,0,Passeriformes,Macrosphenidae,Macrosphenus,concolor,Sylviid Babblers,Longbill,Grey,,,,,
1440,1978,3310,avibase-931B81D9,0,Passeriformes,Macrosphenidae,Macrosphenus,flavicans,Sylviid Babblers,Longbill,Yellow,,,,,
1441,1979,3312,avibase-CE04A51B,0,Passeriformes,Macrosphenidae,Macrosphenus,kempi,Sylviid Babblers,Longbill,Kemp's,,,,,
1442,1980,3314,avibase-D8BFA987,0,Passeriformes,Macrosphenidae,Macrosphenus,kretschmeri,Sylviid Babblers,Longbill,Kretschmer's,,,,,
1443,1981,3316,avibase-AD967279,0,Passeriformes,Macrosphenidae,Macrosphenus,pulitzeri,Sylviid Babblers,Longbill,Pulitzer's,,,,,
1555,1983,3318,avibase-3ADCF52E,0,Passeriformes,Muscicapidae,Modulatrix,stictigula,"Chats, Old World Flycatchers (320)",,Spot-throat,,,,,
1604,1984,3320,avibase-9E483E48,0,Passeriformes,Vangidae,Mystacornis,crossleyi,Vangas,Vanga,Crossley's,,,,,
1184,1985,3322,avibase-3BDC2A16,0,Passeriformes,Corvidae,Hartertula,flavoviridis,,Jery,Wedge-tailed,,,,,
1621,1986,3324,avibase-6FD7A5BC,0,Passeriformes,Corvidae,Neomixis,striatigula,Babblers,Jery,Stripe-throated,,,,,
1622,1987,3326,avibase-62D4A4C8,0,Passeriformes,Corvidae,Neomixis,tenella,Babblers,Jery,Common,,,,,
1623,1988,3328,avibase-CF4FB76D,0,Passeriformes,Corvidae,Neomixis,viridis,Babblers,Jery,Green,,,,,
2689,1989,3330,avibase-63136DAC,0,Passeriformes,Acrocephalidae,Nesillas,aldabrana †,Sylviid Babblers,Warbler,Aldabra Brush,,,,,
1630,1990,3332,avibase-D9E1EA36,0,Passeriformes,Acrocephalidae,Nesillas,brevicaudata,Sylviid Babblers,Warbler,Grand Comoro Brush,,,,,
1632,1991,3334,avibase-D7C20246,0,Passeriformes,Acrocephalidae,Nesillas,longicaudata,Sylviid Babblers,Warbler,Anjouan Brush,,,,,
1633,1992,3336,avibase-0525E604,0,Passeriformes,Acrocephalidae,Nesillas,mariae,Sylviid Babblers,Warbler,Moheli Brush,,,,,
1631,1993,3338,avibase-F530CA35,0,Passeriformes,Sylvioidea,Nesillas,lantzii,,Warbler,Subdesert Brush,,,,,
1634,1994,3340,avibase-B31940E1,0,Passeriformes,Acrocephalidae,Nesillas,typica,Sylviid Babblers,Warbler,Malagasy Brush,,,,,
1645,1995,3342,avibase-57F73C4A,0,Passeriformes,Vangidae,Newtonia,amphichroa,Vangas,Newtonia,Dark,,,,,
1646,1996,3344,avibase-E4B78086,0,Passeriformes,Vangidae,Newtonia,archboldi,Vangas,Newtonia,Archbold's,,,,,
1647,1997,3346,avibase-4C71BFD5,0,Passeriformes,Vangidae,Newtonia,brunneicauda,Vangas,Newtonia,Common,,,,,
1648,1998,3348,avibase-B42659F8,0,Passeriformes,Vangidae,Newtonia,fanovanae,Vangas,Newtonia,Red-tailed,,,,,
259,1999,3350,avibase-5C5C1A5E,0,Passeriformes,Cisticolidae,Artisornis,metopias,Sylviid Babblers,Warbler,Red-capped Forest,,,,,
260,2000,3352,avibase-3D67250D,0,Passeriformes,Cisticolidae,Artisornis,moreaui,Sylviid Babblers,Warbler,Long-billed Forest,,,,,
1735,2001,3354,avibase-8670BFA8,0,Passeriformes,Bernieridae,Oxylabes,madagascariensis,Sylviid Babblers,Oxylabes,White-throated,,,,,
2302,2002,3356,avibase-982C918E,0,Passeriformes,Sylviidae,Curruca,boehmi,Sylviid Babblers,Parisoma,Banded,,,,,
2313,2004,3358,avibase-16FEF081,0,Passeriformes,Sylviidae,Curruca,lugens,Sylviid Babblers,Parisoma,Brown,,,,,
2690,2006,3360,avibase-16FEF081,0,Passeriformes,Sylviidae,Curruca,lugens,Sylviid Babblers,Parisoma,Brown,,Retire,,,
1752,2007,3362,avibase-B1400E68,0,Passeriformes,Sylviidae,Sylvia,galinieri,Babblers,Catbird,Abyssinian,,,,,
1829,2008,3364,avibase-7827B822,0,Passeriformes,Leiothrichidae,Phyllanthus,atripennis,Babblers,Babbler,Capuchin,,,,,
1852,2010,3366,avibase-C00674ED,0,Passeriformes,Sylviidae,Phylloscopus,bonelli,Sylviid Babblers,Warbler,Western Bonelli's ,,,,,
1857,2011,3368,avibase-12EE678E,0,Passeriformes,Sylviidae,Phylloscopus,ibericus,,Chiffchaff,Iberian,,,,,
1853,2012,3370,avibase-132E0773,0,Passeriformes,Sylviidae,Phylloscopus,budongoensis,Sylviid Babblers,Warbler,Uganda Woodland,,,,,
1855,2014,3372,avibase-96819591,0,Passeriformes,Sylviidae,Phylloscopus,fuscatus,Sylviid Babblers,Warbler,Dusky,,,,,
1856,2015,3374,avibase-7CECD0FB,0,Passeriformes,Sylviidae,Phylloscopus,herberti,Sylviid Babblers,Warbler,Black-capped Woodland,,,,,
1858,2016,3376,avibase-0C120038,0,Passeriformes,Sylviidae,Phylloscopus,inornatus,Sylviid Babblers,Warbler,Yellow-browed,,,,,
1859,2017,3378,avibase-A75DF142,0,Passeriformes,Sylviidae,Phylloscopus,laetus,Sylviid Babblers,Warbler,Red-faced Woodland,,,,,
1863,2020,3380,avibase-9A536399,0,Passeriformes,Sylviidae,Phylloscopus,schwarzi,Sylviid Babblers,Warbler,Radde's,,,,,
1866,2023,3382,avibase-E22B8495,0,Passeriformes,Sylviidae,Phylloscopus,umbrovirens,Sylviid Babblers,Woodland Warbler,Brown,,,,,
2301,2025,3384,avibase-A0855E30,0,Passeriformes,Timaliidae,Curruca,atriceps,Sylviid Babblers,Babbler,Rwenzori African Hill,,,,,
2109,2026,3386,avibase-874C8B3C,0,Passeriformes,Pellorneidae,Ptyrticus,turdinus,Babblers,Thrush-Babbler,Spotted,,,,,
1861,2027,3388,avibase-943E36CA,0,Passeriformes,Sylviidae,Phylloscopus,proregulus,Sylviid Babblers,Leaf Warbler,Pallas's,,,,,
2148,2028,3390,avibase-317D64AD,0,Passeriformes,Bernieridae,Randia,pseudozosterops,Sylviid Babblers,Warbler,Rand's,,,,,
2299,2031,3392,avibase-81522BF5,0,Passeriformes,Sylviidae,Curruca,althaea,Sylviid Babblers,Whitethroat,Hume's,,,,,
2304,2034,3394,avibase-B13D68B1,0,Passeriformes,Sylviidae,Curruca,cantillans,Sylviid Babblers,Warbler,Eastern Subalpine,,,,,
2306,2036,3396,avibase-BFECF5F8,0,Passeriformes,Sylviidae,Curruca,conspicillata,Sylviid Babblers,Warbler,Spectacled,,,,,
2307,2037,3398,avibase-37015E61,0,Passeriformes,Sylviidae,Curruca,crassirostris,Sylviid Babblers,Warbler,Eastern Orphean,,,,,
2308,2038,3400,avibase-87EBAE96,0,Passeriformes,Sylviidae,Curruca,curruca,Sylviid Babblers,Whitethroat,Lesser,,,,,
2309,2039,3402,avibase-D5AEADF4,0,Passeriformes,Sylviidae,Curruca,deserti,Sylviid Babblers,Warbler,African Desert,,,,,
2310,2040,3404,avibase-D1EF4402,0,Passeriformes,Sylviidae,Curruca,deserticola,Sylviid Babblers,Warbler,Tristram's,,,,,
2311,2041,3406,avibase-95E7E0E5,0,Passeriformes,Sylviidae,Curruca,hortensis,Sylviid Babblers,Warbler,Western Orphean,,,,,
2312,2042,3408,avibase-51DD2ADA,0,Passeriformes,Sylviidae,Curruca,leucomelaena,Sylviid Babblers,Warbler,Arabian,,,,,
2314,2043,3410,avibase-B0D09483,0,Passeriformes,Sylviidae,Curruca,melanocephala,Sylviid Babblers,Warbler,Sardinian,,,,,
2315,2044,3412,avibase-94E23F51,0,Passeriformes,Sylviidae,Curruca,melanothorax,Sylviid Babblers,Warbler,Cyprus,,,,,
2316,2045,3414,avibase-AA027706,0,Passeriformes,Sylviidae,Curruca,mystacea,Sylviid Babblers,Warbler,Menetries's,,,,,
2317,2046,3416,avibase-58F3D3E5,0,Passeriformes,Sylviidae,Curruca,nana,Sylviid Babblers,Warbler,Asian Desert,,,,,
2319,2048,3418,avibase-A1B09A86,0,Passeriformes,Sylviidae,Curruca,ruppeli,Sylviid Babblers,Warbler,Rüppell's,,,,,
2320,2049,3420,avibase-6E1206E4,0,Passeriformes,Sylviidae,Curruca,sarda,Sylviid Babblers,Warbler,Marmora's,,,,,
2322,2050,3422,avibase-85629EF4,0,Passeriformes,Sylviidae,Curruca,undata,Sylviid Babblers,Warbler,Dartford,,,,,
2691,2051,3424,avibase-1D1CA9F7,0,Passeriformes,Sylviidae,Sylvietta,chapini,,Crombec,Chapin's,,,,,
2323,2052,3426,avibase-7542C6F1,0,Passeriformes,Sylviidae,Sylvietta,brachyura,Sylviid Babblers,Crombec,Northern,,,,,
2324,2053,3428,avibase-AA48D853,0,Passeriformes,Sylviidae,Sylvietta,denti,Sylviid Babblers,Crombec,Lemon-bellied,,,,,
2325,2054,3430,avibase-6B9529AE,0,Passeriformes,Sylviidae,Sylvietta,isabellina,Sylviid Babblers,Crombec,Somali,,,,,
2326,2055,3432,avibase-489FFCA9,0,Passeriformes,Sylviidae,Sylvietta,leucophrys,Sylviid Babblers,Crombec,White-browed,,,,,
2327,2056,3434,avibase-0B44E704,0,Passeriformes,Sylviidae,Sylvietta,philippae,Sylviid Babblers,Crombec,Philippa's,,,,,
2330,2059,3436,avibase-83E5801B,0,Passeriformes,Sylviidae,Sylvietta,virens,Sylviid Babblers,Crombec,Green,,,,,
2394,2061,3438,avibase-FEC92F47,0,Passeriformes,Bernieridae,Thamnornis,chloropetoides,Sylviid Babblers,,Thamnornis,,,,,
246,2062,3440,avibase-987C8F6E,0,Passeriformes,Leiothrichidae,Argya,aylmeri,Babblers,Chatterer,Scaly,,,,,
2443,2064,3442,avibase-3EFD8DF0,0,Passeriformes,Leiothrichidae,Argya,fulva,Babblers,Babbler,Fulvous,,,,,
2446,2067,3444,avibase-224B2B08,0,Passeriformes,Leiothrichidae,Turdoides,hindei,Babblers,Babbler,Hinde's,,,,,
2447,2068,3446,avibase-B0F2FB67,0,Passeriformes,Leiothrichidae,Turdoides,hypoleuca,Babblers,Babbler,Northern Pied,,,,,
2449,2070,3448,avibase-10993285,0,Passeriformes,Leiothrichidae,Turdoides,leucocephala,Babblers,Babbler,White-headed,,,,,
2450,2071,3450,avibase-735E491F,0,Passeriformes,Leiothrichidae,Turdoides,leucopygia,Babblers,Babbler,White-rumped,,,,,
2452,2073,3452,avibase-6EBDD2D5,0,Passeriformes,Leiothrichidae,Turdoides,plebejus,Babblers,Babbler,Brown,,,,,
2453,2074,3454,avibase-D5BF7D2F,0,Passeriformes,Leiothrichidae,Turdoides,reinwardtii,Laughingthrushes,Babbler,Blackcap,,,,,
247,2075,3456,avibase-861DA135,0,Passeriformes,Leiothrichidae,Argya,rubiginosa,Babblers,Chatterer,Rufous,,"Use this as BL do, Retire #14191",,,
2454,2076,3458,avibase-7350FE4C,0,Passeriformes,Leiothrichidae,Turdoides,sharpei,Babblers,Babbler,Black-lored,,,,,
2455,2077,3460,avibase-E99FE2FE,0,Passeriformes,Leiothrichidae,Turdoides,squamiceps,Babblers,Babbler,Arabian,,,,,
2456,2078,3462,avibase-0E9C6F45,0,Passeriformes,Leiothrichidae,Turdoides,squamulata,Babblers,Babbler,Scaly,,,,,
2457,2079,3464,avibase-775C66B9,0,Passeriformes,Leiothrichidae,Turdoides,tenebrosa,Babblers,Babbler,Dusky,,,,,
62,2080,3466,avibase-3E4513D9,0,Passeriformes,Alaudidae,Alaemon,alaudipes,Larks,Hoopoe-Lark,Greater,,,,,
63,2081,3468,avibase-8A913C34,0,Passeriformes,Alaudidae,Alaemon,hamertoni,Larks,Hoopoe-Lark,Lesser,,,,,
64,2082,3470,avibase-ED2AC04E,0,Passeriformes,Alaudidae,Alauda,arvensis,Larks,Skylark,Eurasian,,,,,
65,2083,3472,avibase-359C16F5,0,Passeriformes,Alaudidae,Alauda,razae,Larks,Lark,Raso,,,,,
91,2085,3474,avibase-20A0844D,0,Passeriformes,Alaudidae,Ammomanes,cinctura,Larks,Lark,Bar-tailed,,,,,
92,2086,3476,avibase-A977348D,0,Passeriformes,Alaudidae,Ammomanes,deserti,Larks,Lark,Desert,,,,,
387,2087,3478,avibase-7F3B3206,0,Passeriformes,Alaudidae,Calandrella,blanfordi,,Lark,Blanford's,,,,,
390,2089,3480,avibase-FE025DB1,0,Passeriformes,Alaudidae,Calandrella,erlangeri,,Lark,Erlanger's,,,,,
66,2090,3482,avibase-5392A0C7,0,Passeriformes,Alaudidae,Alaudala,athensis,,Lark,Athi Short-toed,Lumped,"Retire. Lumped with #3484, now Alaudala somalica athensis",,,
68,2091,3484,avibase-437C0498,0,Passeriformes,Alaudidae,Alaudala,somalica,Larks,Lark,Somali Short-toed,,,,,
388,2092,3486,avibase-4091A51E,0,Passeriformes,Alaudidae,Calandrella,brachydactyla,Larks,Lark,Greater Short-toed,,,,,
67,2093,3488,avibase-FE1FE185,0,Passeriformes,Alaudidae,Alaudala,rufescens,Larks,Lark,Lesser Short-toed,,,,,
555,2105,3490,avibase-9BEA5037,0,Passeriformes,Alaudidae,Chersomanes,beesleyi,,Lark,Beesley's,,,,,
556,2106,3492,avibase-504B0218,0,Passeriformes,Alaudidae,Chersophilus,duponti,Larks,Lark,Dupont's,,,,,
972,2108,3494,avibase-E75ECF62,0,Passeriformes,Alaudidae,Eremalauda,dunni,Larks,Lark,Dunn's,,,,,
984,2109,3496,avibase-FC0A1D95,0,Passeriformes,Alaudidae,Eremophila,alpestris,Larks,Lark,Horned,,"This used by BL, replaces #1051",,,
985,2111,3498,avibase-89FCE277,0,Passeriformes,Alaudidae,Eremophila,bilopha,Larks,Lark,Temminck's,,,,,
988,2113,3500,avibase-97D7865F,0,Passeriformes,Alaudidae,Eremopterix,leucopareia,Larks,Sparrow-Lark,Fischer's,,,,,
990,2115,3502,avibase-8C357822,0,Passeriformes,Alaudidae,Eremopterix,nigriceps,Larks,Sparrow-Lark,Black-crowned,,,,,
991,2116,3504,avibase-2F66131B,0,Passeriformes,Alaudidae,Eremopterix,signatus,Larks,Sparrow-Lark,Chestnut-headed,,,,,
1104,2118,3506,avibase-FC79EB47,0,Passeriformes,Alaudidae,Galerida,cristata,Larks,Lark,Crested,,,,,
1106,2120,3508,avibase-0E6D5DBE,0,Passeriformes,Alaudidae,Galerida,modesta,Larks,Lark,Sun,,,,,
1107,2121,3510,avibase-5351025C,0,Passeriformes,Alaudidae,Galerida,theklae,Larks,Lark,Thekla's,,,,,
1191,2122,3512,avibase-216207A9,0,Passeriformes,Alaudidae,Heteromirafra,archeri,Larks,Lark,Archer's,,,,,
2693,2124,3514,avibase-A06BC1E6,0,Passeriformes,Alaudidae,Heteromirafra,sidamoensis,,Lark,,,,,,
1411,2125,3516,avibase-742EC2F1,0,Passeriformes,Alaudidae,Lullula,arborea,Larks,,Woodlark,,,,,
1497,2127,3518,avibase-BDC24A8A,0,Passeriformes,Alaudidae,Melanocorypha,calandra,Larks,Lark,Calandra,,,,,
398,2129,3520,avibase-99F447AD,0,Passeriformes,Alaudidae,Calendulauda,poecilosterna,,Lark,Pink-breasted,,,,,
394,2131,3522,avibase-CF870445,0,Passeriformes,Alaudidae,Calendulauda,alopex,,Lark,Foxy,,,,,
2694,2132,3524,avibase-F90063D3,0,Passeriformes,Alaudidae,Mirafra,sharpii,,Lark,Somali Rufous-naped,,"Retire. Not in use by BL. Russet Lark Corypha sharpii, new name new Genus. Made new number #14918",,,
2695,2133,3526,E6977C8C76CBC599,0,Passeriformes,Alaudidae,Mirafra,[sabota] naevia,,Lark,Bradfield's,,,,,
1538,2135,3528,avibase-8E612CF6,0,Passeriformes,Alaudidae,Mirafra,albicauda,Larks,Lark,White-tailed,,,,,
1539,2136,3530,avibase-CA07B8DE,0,Passeriformes,Alaudidae,Amirafra,angolensis,Larks,Lark,Angolan,,"Amirafra angolensis, new Genus",Scientific name updated,,
1541,2138,3532,avibase-6F4F7281,0,Passeriformes,Alaudidae,Mirafra,ashi,Larks,Lark,Ash's,,,,,
1542,2139,3534,avibase-6B089785,0,Passeriformes,Alaudidae,Mirafra,cantillans,Larks,Lark,Singing Bush,,,,,
1544,2141,3536,avibase-D0EAD8A3,0,Passeriformes,Alaudidae,Amirafra,collaris,Larks,Lark,Collared,,"Amirafra collaris, new Genus",,,
1545,2142,3538,avibase-67F96AAB,0,Passeriformes,Alaudidae,Mirafra,cordofanica,Larks,Lark,Kordofan,,,,,
2696,2143,3540,avibase-91DD8787,0,Passeriformes,Alaudidae,Mirafra,degodiensis,,Lark,Degodi,,,,,
1547,2145,3542,avibase-A3E077E6,0,Passeriformes,Alaudidae,Mirafra,gilletti,Larks,Lark,Gillett's,,,,,
987,2146,3544,avibase-E6FDE8D9,0,Passeriformes,Alaudidae,Eremopterix,hova,Larks,Lark,Madagascan,,,,,
1548,2147,3546,avibase-BAA83B0C,0,Passeriformes,Alaudidae,Corypha,hypermetra,Larks,Lark,Red-winged,,"Corypha hypermetra, new Genus",,,
2697,2148,3548,avibase-E03328AE,0,Passeriformes,Alaudidae,Mirafra,malbranti,,Lark,Malbrant's,,,,,
1550,2151,3552,avibase-F22CCF78,0,Passeriformes,Alaudidae,Mirafra,pulpa,Larks,Lark,Friedmann's,,,,,
1551,2152,3554,avibase-DA66F809,0,Passeriformes,Alaudidae,Mirafra,rufa,Larks,Lark,Rusty Bush,,,,,
1553,2154,3556,avibase-3F711542,0,Passeriformes,Alaudidae,Corypha,somalica,Larks,Lark,Somali,,"Corypha somalica, new Genus",,,
1554,2155,3558,avibase-4E61514C,0,Passeriformes,Alaudidae,Mirafra,williamsi,Larks,Lark,Williams's,,,,,
1872,2156,3560,avibase-148AA192,0,Passeriformes,Alaudidae,Pinarocorys,erythropygia,Larks,Lark,Rufous-rumped,,,,,
2241,2158,3562,avibase-1AF3034A,0,Passeriformes,Alaudidae,Spizocorys,fremantlii,Larks,Lark,Short-tailed,,,,,
2147,2159,3564,avibase-9ADB6BA5,0,Passeriformes,Alaudidae,Ramphocoris,clotbey,,Lark,Thick-billed,,,,,
2243,2162,3566,avibase-D7A55FB3,0,Passeriformes,Alaudidae,Spizocorys,obbiensis,Larks,Lark,Obbia,,,,,
2244,2163,3568,avibase-419AEB97,0,Passeriformes,Alaudidae,Spizocorys,personata,Larks,Lark,Masked,,,,,
885,2165,3570,avibase-D34970F5,0,Passeriformes,Nectariniidae,Deleornis,axillaris,Sunbirds,Sunbird,Grey-headed,,,,,
1187,2167,3572,avibase-8333D907,0,Passeriformes,Nectariniidae,Hedydipna,metallica,Sunbirds,Sunbird,Nile Valley,,Moved Valley from Common_group to Common_species,,,
1188,2168,3574,avibase-0B4F3AA2,0,Passeriformes,Nectariniidae,Hedydipna,pallidigaster,Sunbirds,Sunbird,Amani,,,,,
1189,2169,3576,avibase-B0E7740F,0,Passeriformes,Nectariniidae,Hedydipna,platura,Sunbirds,Sunbird,Pygmy,,,,,
140,2170,3578,avibase-1DA9FFC9,0,Passeriformes,Paridae,Anthreptes,anchietae,Sunbirds,Sunbird,Anchieta's,,,,,
141,2171,3580,avibase-74D67BDB,0,Passeriformes,Paridae,Anthreptes,aurantius,Sunbirds,Sunbird,Violet-tailed,,,,,
886,2172,3582,avibase-D508B219,0,Passeriformes,Nectariniidae,Deleornis,fraseri,Sunbirds,Sunbird,Fraser's,,,,,
142,2173,3584,avibase-C13861D6,0,Passeriformes,Paridae,Anthreptes,gabonicus,Sunbirds,Sunbird,Mangrove,,,,,
144,2175,3586,avibase-56C6CBA8,0,Passeriformes,Paridae,Anthreptes,neglectus,Sunbirds,Sunbird,Uluguru Violet-backed,,,,,
2699,2176,3588,avibase-2D0C83B2,0,Passeriformes,Paridae,Anthreptes,orientalis,Sunbirds,Sunbird,Eastern Violet-backed,,Retire. duplicate of #3590! BL use #3590,,,
145,2177,3590,avibase-2D0C83B2,0,Passeriformes,Paridae,Anthreptes,orientalis,Sunbirds,Sunbird,Eastern Violet-backed,,Use this,,,
149,2178,3592,avibase-35A2CCDF,0,Passeriformes,Paridae,Anthreptes,tephrolaemus,Sunbirds,Sunbird,Grey-chinned,,,,,
147,2180,3594,avibase-8C506F22,0,Passeriformes,Paridae,Anthreptes,rubritorques,Sunbirds,Sunbird,Banded Green,,,,,
2700,2181,3596,avibase-D93A8052,0,Passeriformes,Nectariniidae,Cinnyris,sp.,Sunbirds,Sunbird,Toha,,,,,
609,2183,3598,avibase-411ECD6F,0,Passeriformes,Nectariniidae,Cinnyris,fuelleborni,Sunbirds,Sunbird,Forest  Double-collared,,,,,
639,2184,3600,avibase-CBA39A29,0,Passeriformes,Nectariniidae,Cinnyris,usambaricus,Sunbirds,Sunbird,Usambara Double-collared,,,,,
98,2187,3602,avibase-9B953393,0,Passeriformes,Nectariniidae,Anabathmis,reichenbachii,Sunbirds,Sunbird,Reichenbach's,,,,,
529,2189,3604,avibase-59EE3B94,0,Passeriformes,Nectariniidae,Chalcomitra,adelberti,Sunbirds,Sunbird,Buff-throated,,,,,
531,2191,3606,avibase-98E4ABFF,0,Passeriformes,Nectariniidae,Chalcomitra,balfouri,Sunbirds,Sunbird,Socotra,,,,,
532,2192,3608,avibase-23BEFB19,0,Passeriformes,Nectariniidae,Chalcomitra,fuliginosa,Sunbirds,Sunbird,Carmelite,,,,,
533,2193,3610,avibase-8F052626,0,Passeriformes,Nectariniidae,Chalcomitra,hunteri,Sunbirds,Sunbird,Hunter's,,,,,
615,2196,3612,avibase-2CD990E7,0,Passeriformes,Nectariniidae,Cinnyris,ludovicensis,Sunbirds,Sunbird,Ludwig's  Double-collared,,,,,
634,2197,3614,avibase-E0C82A32,0,Passeriformes,Nectariniidae,Cinnyris,stuhlmanni,Sunbirds,Sunbird,Rwenzori  Double-collared,,,,,
2701,2198,3616,avibase-B233CF4A,0,Passeriformes,Nectariniidae,Nectarinia,stuhlmanni graueri,Sunbirds,Sunbird,Grauer's Double-collared,,,,,
626,2199,3618,avibase-5D8A4ACA,0,Passeriformes,Nectariniidae,Cinnyris,prigoginei,Sunbirds,Sunbird,Prigogine's  Double-collared,,,,,
620,2200,3620,avibase-B929416B,0,Passeriformes,Nectariniidae,Cinnyris,moreaui,Sunbirds,Sunbird,Moreau's,,,,,
596,2202,3622,avibase-DD180188,0,Passeriformes,Nectariniidae,Cinnyris,batesi,Sunbirds,Sunbird,Bates's,,,,,
1609,2204,3624,avibase-F500EA53,0,Passeriformes,Nectariniidae,Nectarinia,bocagii,Sunbirds,Sunbird,Bocage's,,,,,
598,2205,3626,avibase-693FC6FD,0,Passeriformes,Nectariniidae,Cinnyris,bouvieri,Sunbirds,Sunbird,Orange-tufted,,,,,
599,2206,3628,avibase-9CDA630C,0,Passeriformes,Nectariniidae,Cinnyris,chalcomelas,Sunbirds,Sunbird,Violet-breasted,,,,,
602,2209,3630,avibase-48EC6C78,0,Passeriformes,Nectariniidae,Cinnyris,coccinigastrus,Sunbirds,Sunbird,Splendid,,,,,
603,2210,3632,avibase-0D9CEEA0,0,Passeriformes,Nectariniidae,Cinnyris,comorensis,Sunbirds,Sunbird,Anjouan,,,,,
604,2211,3634,avibase-6A9FC674,0,Passeriformes,Nectariniidae,Cinnyris,congensis,Sunbirds,Sunbird,Congo,,,,,
605,2212,3636,avibase-A3D7FDD3,0,Passeriformes,Nectariniidae,Cinnyris,coquerellii,Sunbirds,Sunbird,Mayotte,,,,,
608,2215,3638,avibase-4C428439,0,Passeriformes,Nectariniidae,Cinnyris,erythrocercus,Sunbirds,Sunbird,Red-chested,,,,,
611,2218,3640,avibase-688582BF,0,Passeriformes,Nectariniidae,Cinnyris,habessinicus,Sunbirds,Sunbird,Shining,,,,,
612,2219,3642,avibase-308AEC0F,0,Passeriformes,Nectariniidae,Cinnyris,humbloti,Sunbirds,Sunbird,Humblot's,,,,,
613,2220,3644,avibase-3D3EF8AC,0,Passeriformes,Nectariniidae,Cinnyris,johannae,Sunbirds,Sunbird,Johanna's,,,,,
1611,2221,3646,avibase-D91BCC1B,0,Passeriformes,Nectariniidae,Nectarinia,johnstoni,Sunbirds,Sunbird,Scarlet-tufted,,,,,
614,2223,3648,avibase-85666B49,0,Passeriformes,Nectariniidae,Cinnyris,loveridgei,Sunbirds,Sunbird,Loveridge's,,,,,
619,2227,3650,avibase-6F3E5C98,0,Passeriformes,Nectariniidae,Cinnyris,minullus,Sunbirds,Sunbird,Tiny,,,,,
2702,2229,3652,avibase-DFB0693C,0,Passeriformes,Nectariniidae,Cinnyris,notatus,Sunbirds,Sunbird,Malagasy Green,,,,,
623,2230,3654,avibase-783E492C,0,Passeriformes,Nectariniidae,Cinnyris,osea,Sunbirds,Sunbird,Palestine,,,,,
624,2231,3656,avibase-F2C131F9,0,Passeriformes,Nectariniidae,Cinnyris,oustaleti,Sunbirds,Sunbird,Oustalet's,,,,,
625,2232,3658,avibase-8427E71F,0,Passeriformes,Nectariniidae,Cinnyris,pembae,Sunbirds,Sunbird,Pemba,,,,,
629,2233,3660,avibase-A6083057,0,Passeriformes,Nectariniidae,Cinnyris,reichenowi,Sunbirds,Sunbird,Northern  Double-collared,,,,,
1613,2234,3662,avibase-0F533AC6,0,Passeriformes,Nectariniidae,Nectarinia,purpureiventris,Sunbirds,Sunbird,Purple-breasted,,,,,
628,2235,3664,avibase-F995313F,0,Passeriformes,Nectariniidae,Cinnyris,regius,Sunbirds,Sunbird,Regal,,,,,
630,2237,3666,avibase-D88A2E02,0,Passeriformes,Nectariniidae,Cinnyris,rockefelleri,Sunbirds,Sunbird,Rockefeller's,,,,,
631,2238,3668,avibase-E3B9A841,0,Passeriformes,Nectariniidae,Cinnyris,rufipennis,Sunbirds,Sunbird,Rufous-winged,,,,,
148,2239,3670,avibase-1B29AD28,0,Passeriformes,Nectariniidae,Anthreptes,seimundi,Sunbirds,Sunbird,Little Green,,,,,
635,2242,3672,avibase-7C8BC7CF,0,Passeriformes,Nectariniidae,Cinnyris,superbus,Sunbirds,Sunbird,Superb,,,,,
1614,2243,3674,avibase-FAFA576B,0,Passeriformes,Nectariniidae,Nectarinia,tacazze,Sunbirds,Sunbird,Tacazze,,,,,
637,2245,3676,avibase-17DE4B1F,0,Passeriformes,Nectariniidae,Cinnyris,tsavoensis,Sunbirds,Sunbird,Tsavo,,,,,
638,2246,3678,avibase-6781CD7F,0,Passeriformes,Nectariniidae,Cinnyris,ursulae,Sunbirds,Sunbird,Ursula's,,,,,
872,2249,3680,avibase-AE0035FF,0,Passeriformes,Nectariniidae,Cyanomitra,alinae,Sunbirds,Sunbird,Blue-headed,,,,,
874,2251,3682,avibase-36A24C79,0,Passeriformes,Nectariniidae,Cyanomitra,cyanolaema,Sunbirds,Sunbird,Blue-throated Brown,,,,,
621,2255,3684,avibase-7C822074,0,Passeriformes,Nectariniidae,Cinnyris,nectarinioides,Sunbirds,Sunbird,Black-bellied,,,,,
627,2256,3686,avibase-00D5E1C6,0,Passeriformes,Nectariniidae,Cinnyris,pulchellus,Sunbirds,Sunbird,Beautiful,,,,,
1438,2266,3688,avibase-FED54E53,0,Passeriformes,Motacillidae,Macronyx,sharpei,"Wagtails, Pipits",Longclaw,Sharpe's,,,,,
2703,2267,3690,avibase-29A6C2E1,0,Passeriformes,Motacillidae,Anthus,camaroonensis,,Pipit,Cameroon,Lumped,Retire. Lumped with #692 African Pipit,,,
156,2268,3692,avibase-9D49AF5D,0,Passeriformes,Motacillidae,Anthus,cinnamomeus latistriatus,,Pipit (ssp),African,Lumped,Retire. Lumped with #692 African Pipit,,,
2704,2269,3694,avibase-3E3E0327,,Passeriformes,Motacillidae,Anthus,bannermani,,Pipit,Bannerman's,,,,,
152,2273,3696,avibase-250CDA58,0,Passeriformes,Motacillidae,Anthus,campestris,"Wagtails, Pipits",Pipit,Tawny,,,,,
161,2282,3698,avibase-D8A51184,0,Passeriformes,Motacillidae,Anthus,melindae,"Wagtails, Pipits",Pipit,Malindi,,,,,
164,2283,3700,avibase-1DD0949C,0,Passeriformes,Motacillidae,Anthus,pallidiventris,"Wagtails, Pipits",Pipit,Long-legged,,,,,
165,2284,3702,avibase-E1CBB1C2,0,Passeriformes,Motacillidae,Anthus,petrosus,"Wagtails, Pipits",Pipit,Eurasian Rock ,,,,,
2892,,3704,,0,Passeriformes,Motacillidae,Anthus,pratensis,Wagtail and Pipits,Pipit,Meadow,,,,,
2706,2286,3706,avibase-AC7F730D,938,Passeriformes,Motacillidae,Anthus,pseudosimilis,,Pipit,Kimberley,,,,,
166,2287,3708,avibase-41ECD10E,0,Passeriformes,Motacillidae,Anthus,richardi,"Wagtails, Pipits",Pipit,Richard's,,,,,
168,2289,3710,avibase-8F268682,0,Passeriformes,Motacillidae,Anthus,rubescens,"Wagtails, Pipits",Pipit,Buff-bellied,,,,,
171,2291,3712,avibase-19489268,0,Passeriformes,Motacillidae,Anthus,sokokensis,"Wagtails, Pipits",Pipit,Sokoke,,,,,
172,2292,3714,avibase-0A3FA185,0,Passeriformes,Motacillidae,Anthus,spinoletta,"Wagtails, Pipits",Pipit,Water,,,,,
318,2295,3716,avibase-D76AC221,0,Passeriformes,Ploceidae,Brachycope,anomala,"Weavers, Widowbirds",Weaver,Bob-tailed,,,,,
336,2296,3718,avibase-864D4A4F,0,Passeriformes,Ploceidae,Bubalornis,albirostris,"Weavers, Widowbirds",Weaver,White-billed Buffalo,,,,,
485,2298,3720,avibase-B1A5B22C,0,Passeriformes,Passeridae,Carpospiza,brachydactyla,,Rockfinch,Pale,,,,,
711,2299,3722,avibase-BD7558AD,0,Passeriformes,Estrildidae,Clytospiza,monteiri,"Waxbills, Munias and allies",Twinspot,Brown,,,,,
851,2300,3724,avibase-7E6DF5D5,0,Passeriformes,Estrildidae,Cryptospiza,jacksoni,"Waxbills, Munias and allies",Crimsonwing,Dusky,,,,,
853,2302,3726,avibase-98B15EE7,0,Passeriformes,Estrildidae,Cryptospiza,salvadorii,"Waxbills, Munias and allies",Crimsonwing,Abyssinian,,,,,
854,2303,3728,avibase-1C1A87C4,0,Passeriformes,Estrildidae,Cryptospiza,shelleyi,"Waxbills, Munias and allies",Crimsonwing,Shelley's,,,,,
914,2304,3730,avibase-00B07B12,0,Passeriformes,Ploceidae,Dinemellia,dinemelli,"Weavers, Widowbirds",Weaver,White-headed Buffalo,,,,,
1001,2307,3732,avibase-9C12483E,0,Passeriformes,Estrildidae,Estrilda,nigriloris,"Waxbills, Munias and allies",Waxbill,Black-lored,,,,,
334,2308,3734,avibase-50BF77FB,0,Passeriformes,Estrildidae,Brunhilda,charmosyna,"Waxbills, Munias and allies",Waxbill,Black-cheeked,,,,,
1003,2309,3736,avibase-8E269F21,0,Passeriformes,Estrildidae,Estrilda,ochrogaster,"Waxbills, Munias and allies",Waxbill,Abyssinian,,,,,
1005,2310,3738,avibase-A25AFBEA,0,Passeriformes,Estrildidae,Estrilda,poliopareia,"Waxbills, Munias and allies",Waxbill,Anambra,,,,,
998,2312,3740,avibase-16E6A0F3,0,Passeriformes,Estrildidae,Estrilda,atricapilla,"Waxbills, Munias and allies",Waxbill,Black-headed,,#13163 is a dublicate Retire #13163. BL use this,,,
999,2313,3742,avibase-174BFAB6,0,Passeriformes,Estrildidae,Estrilda,caerulescens,"Waxbills, Munias and allies",Waxbill,Lavender,,,,,
1007,2321,3744,avibase-D30DC715,0,Passeriformes,Estrildidae,Estrilda,troglodytes,"Waxbills, Munias and allies",Waxbill,Black-rumped,,,,,
1021,2328,3746,avibase-95A724BE,3746,Passeriformes,Ploceidae,Euplectes,diadematus,"Weavers, Widowbirds",Bishop,Fire-fronted,,,,,
1022,2329,3748,avibase-3D122849,3748,Passeriformes,Ploceidae,Euplectes,franciscanus,"Weavers, Widowbirds",Red Bishop,Northern,,,,,
1023,2330,3750,avibase-CC7862AF,3750,Passeriformes,Ploceidae,Euplectes,gierowii,"Weavers, Widowbirds",Bishop,Black,,,,,
1026,2333,3752,avibase-87071086,3752,Passeriformes,Ploceidae,Euplectes,jacksoni,"Weavers, Widowbirds",Widowbird,Jackson's,,,,,
1028,2335,3754,avibase-A31AC101,3754,Passeriformes,Ploceidae,Euplectes,nigroventris,"Weavers, Widowbirds",Red Bishop,Zanzibar,,,,,
1031,2338,3756,avibase-F7C77F74,3756,Passeriformes,Ploceidae,Euplectes,psammacromius,"Weavers, Widowbirds",Widowbird,Montane,,,,,
1047,2339,3758,avibase-F729393B,0,Passeriformes,Estrildidae,Euschistospiza,cinereovinacea,"Waxbills, Munias and allies",Twinspot,Dusky,,,,,
1048,2340,3760,avibase-76B35118,0,Passeriformes,Estrildidae,Euschistospiza,dybowskii,"Waxbills, Munias and allies",Twinspot,Dybowski's,,,,,
1081,2342,3762,avibase-CC3F83AD,3762,Passeriformes,Ploceidae,Foudia,flavicans,"Weavers, Widowbirds",Fody,Rodrigues,,,,,
2749,2637,3763,avibase-8999FD8C,3763,Passeriformes,Ploceidae,Foudia,aldabrana,,Fody,Aldabra,,,,,
1083,2344,3764,avibase-FD358454,3764,Passeriformes,Ploceidae,Foudia,omissa,"Weavers, Widowbirds",Fody,Forest,,,,,
1214,2347,3766,avibase-FD2FEFFD,0,Passeriformes,Ploceidae,Histurgops,ruficauda,,Weaver,Rufous-tailed,,,,,
1290,2350,3768,avibase-43FE4788,0,Passeriformes,Estrildidae,Lagonosticta,rufopicta,"Waxbills, Munias and allies",Firefinch,Bar-breasted,,,,,
1293,2351,3770,avibase-D2EDC42A,0,Passeriformes,Estrildidae,Lagonosticta,umbrinodorsalis,,Firefinch,Chad,,,,,
1294,2352,3772,avibase-8AC4DC43,0,Passeriformes,Estrildidae,Lagonosticta,virata,"Waxbills, Munias and allies",Firefinch,Mali,,,,,
1284,2353,3774,avibase-C1898D74,0,Passeriformes,Estrildidae,Lagonosticta,landanae,,Firefinch,Landana,,,,,
1285,2354,3776,avibase-88C74BEE,0,Passeriformes,Estrildidae,Lagonosticta,larvata,"Waxbills, Munias and allies",Firefinch,Black-faced,,,,,
1287,2356,3778,avibase-27012CC9,0,Passeriformes,Estrildidae,Lagonosticta,rara,"Waxbills, Munias and allies",Firefinch,Black-bellied,,,,,
1291,2359,3780,avibase-25D648E7,0,Passeriformes,Estrildidae,Lagonosticta,sanguinodorsalis,"Waxbills, Munias and allies",Firefinch,Rock,,,,,
1370,2361,3782,avibase-9E75E6F9,0,Passeriformes,Estrildidae,Lepidopygia,nana,,Mannikin,Madagascar,,Changed from Madagascan to Madagascar,,,
1014,2362,3784,avibase-FC6A9CD0,0,Passeriformes,Estrildidae,Euodice,cantans,,Silverbill,African,,,,,
1432,2364,3786,avibase-F774B577,0,Passeriformes,Motacillidae,Macronyx,aurantiigula,"Wagtails, Pipits",Longclaw,Pangani,,,,,
1435,2367,3788,avibase-05AE5DFF,0,Passeriformes,Motacillidae,Macronyx,flavicollis,"Wagtails, Pipits",Longclaw,Abyssinian,,,,,
1437,2369,3790,avibase-E05608A4,0,Passeriformes,Motacillidae,Macronyx,grimwoodi,"Wagtails, Pipits",Longclaw,Grimwood's,,,,,
1915,2370,3792,avibase-3A590685,0,Passeriformes,Ploceidae,Ploceus,flavipes,"Weavers, Widowbirds",Weaver,Yellow-legged,,,,,
1451,2371,3794,avibase-50D17C91,3794,Passeriformes,Ploceidae,Malimbus,ballmanni,"Weavers, Widowbirds",Malimbe,Gola,,,,,
1452,2372,3796,avibase-6E20B613,3796,Passeriformes,Ploceidae,Malimbus,cassini,"Weavers, Widowbirds",Malimbe,Cassin's,,,,,
1453,2373,3798,avibase-7B17318C,3798,Passeriformes,Ploceidae,Malimbus,coronatus,"Weavers, Widowbirds",Malimbe,Red-crowned,,,,,
1454,2374,3800,avibase-A41AEDC9,3800,Passeriformes,Ploceidae,Malimbus,erythrogaster,"Weavers, Widowbirds",Malimbe,Red-bellied,,,,,
1455,2375,3802,avibase-228DDFAD,3802,Passeriformes,Ploceidae,Malimbus,ibadanensis,"Weavers, Widowbirds",Malimbe,Ibadan,,,,,
1456,2376,3804,avibase-D0203B65,3804,Passeriformes,Ploceidae,Malimbus,malimbicus,"Weavers, Widowbirds",Malimbe,Crested,,,,,
1457,2377,3806,avibase-E27AFD14,3806,Passeriformes,Ploceidae,Malimbus,nitens,"Weavers, Widowbirds",Malimbe,Blue-billed,,,,,
1458,2378,3808,avibase-EA26AF30,3808,Passeriformes,Ploceidae,Malimbus,racheliae,"Weavers, Widowbirds",Malimbe,Rachel's,,,,,
1459,2379,3810,avibase-960B56F2,3810,Passeriformes,Ploceidae,Malimbus,rubricollis,"Weavers, Widowbirds",Malimbe,Red-headed,,,,,
1460,2380,3812,avibase-13AA5A5C,3812,Passeriformes,Ploceidae,Malimbus,scutatus,"Weavers, Widowbirds",Malimbe,Red-vented,,,,,
2707,2382,3814,avibase-24956ECB,0,Passeriformes,Motacillidae,Motacilla,[alba] subpersonata,,Wagtail,Moroccan,,,,,
1571,2384,3816,avibase-400E032C,0,Passeriformes,Motacillidae,Motacilla,alba,"Wagtails, Pipits",Wagtail,White,,Changed English name to White Wagtail,,,
1577,2390,3818,avibase-B034A3E6,0,Passeriformes,Motacillidae,Motacilla,flaviventris,"Wagtails, Pipits",Wagtail,Madagascar,,Changed English name to Madagascar,,,
1635,2392,3820,avibase-99453701,0,Passeriformes,Estrildidae,Nesocharis,ansorgei,"Waxbills, Munias and allies",Oliveback,White-collared,,,,,
1636,2393,3822,avibase-2AD189C1,0,Passeriformes,Estrildidae,Nesocharis,capistrata,"Waxbills, Munias and allies",Oliveback,Grey-headed,,,,,
1654,2396,3824,avibase-F3B46894,0,Passeriformes,Estrildidae,Nigrita,fusconotus,,Nigrita,White-breasted,,,,,
1655,2397,3826,avibase-AE4727FB,0,Passeriformes,Estrildidae,Nigrita,luteifrons,"Waxbills, Munias and allies",Nigrita,Pale-fronted,,,,,
1720,2398,3828,,0,Passeriformes,Estrildidae,Ortygospiza,atricollis [gabonensis Group],,(ssp),Quailfinch,,,,,
1950,2401,3830,avibase-0405CA69,0,Passeriformes,Ploceidae,Ploceus,superciliosus,,Weaver,Compact,,,,,
1750,2402,3832,avibase-6B6E52A1,0,Passeriformes,Estrildidae,Parmoptila,rubrifrons,"Waxbills, Munias and allies",Antpecker,Red-fronted,,,,,
1760,2404,3834,avibase-DB4998D1,0,Passeriformes,Passeridae,Passer,gongonensis,"Old World Sparrows, Snowfinches",Sparrow,Parrot-billed,,Use this! Retire #3850 which is a duplicate,,,
1773,2405,3836,avibase-2B55E679,0,Passeriformes,Passeridae,Passer,suahelicus,"Old World Sparrows, Snowfinches",Sparrow,Swahili,,,,,
1774,2406,3838,avibase-F375B25B,0,Passeriformes,Passeridae,Passer,swainsonii,"Old World Sparrows, Snowfinches",Sparrow,Swainson's,,,,,
1770,2407,3840,avibase-DBAB527C,0,Passeriformes,Passeridae,Passer,rufocinctus,"Old World Sparrows, Snowfinches",Sparrow,Kenya,,,,,
1754,2408,3842,avibase-1D25E0DB,0,Passeriformes,Passeridae,Passer,castanopterus,"Old World Sparrows, Snowfinches",Sparrow,Somali,,,,,
1755,2409,3844,avibase-A3D20D11,0,Passeriformes,Passeridae,Passer,cordofanicus,"Old World Sparrows, Snowfinches",Sparrow,Kordofan,,,,,
1758,2412,3846,avibase-D8F2F78B,0,Passeriformes,Passeridae,Passer,eminibey,"Old World Sparrows, Snowfinches",Sparrow,Chestnut,,,,,
1759,2413,3848,avibase-24E0C8A6,0,Passeriformes,Passeridae,Passer,euchlorus,"Old World Sparrows, Snowfinches",Sparrow,Arabian Golden,,,,,
2708,2414,3850,avibase-DB4998D1,0,Passeriformes,Passeridae,Passer,gongonensis,,Sparrow,Parrot-billed,,Retire this its a duplicate of #3834,,,
1761,2415,3852,avibase-E10D0809,3852,Passeriformes,Passeridae,Passer,griseus,"Old World Sparrows, Snowfinches",Sparrow,Northern Grey-headed,,,,,
1762,2416,3854,avibase-5A8E09A1,0,Passeriformes,Passeridae,Passer,hispaniolensis,"Old World Sparrows, Snowfinches",Sparrow,Spanish,,,,,
1763,2417,3856,avibase-ECD1267B,0,Passeriformes,Passeridae,Passer,iagoensis,"Old World Sparrows, Snowfinches",Sparrow,Iago,,,,,
1764,2418,3858,avibase-E2E3F3F4,0,Passeriformes,Passeridae,Passer,insularis,"Old World Sparrows, Snowfinches",Sparrow,Socotra,,,,,
1765,2419,3860,avibase-4C373DA1,0,Passeriformes,Passeridae,Passer,luteus,"Old World Sparrows, Snowfinches",Sparrow,Sudan Golden,,,,,
1767,2421,3862,avibase-7D19D9ED,0,Passeriformes,Passeridae,Passer,moabiticus,"Old World Sparrows, Snowfinches",Sparrow,Dead Sea,,,,,
1768,2422,3864,avibase-C22FBF8D,0,Passeriformes,Passeridae,Passer,montanus,"Old World Sparrows, Snowfinches",Sparrow,Eurasian Tree,,,,,
1771,2424,3866,avibase-126E0CFA,0,Passeriformes,Passeridae,Passer,shelleyi,"Old World Sparrows, Snowfinches",Sparrow,Shelley's,,,,,
1772,2425,3868,avibase-B4037E8F,0,Passeriformes,Passeridae,Passer,simplex,"Old World Sparrows, Snowfinches",Sparrow,Desert,,,,,
1161,2426,3870,avibase-969A369C,0,Passeriformes,Passeridae,Gymnoris,dentata,"Old World Sparrows, Snowfinches",Petronia,Bush,,,,,
1794,2427,3872,avibase-F8748F12,0,Passeriformes,Passeridae,Petronia,petronia,"Old World Sparrows, Snowfinches",Sparrow,Rock,,,,,
1162,2428,3874,avibase-FCD72CEE,0,Passeriformes,Passeridae,Gymnoris,pyrgita,"Old World Sparrows, Snowfinches",Sparrow,Yellow-spotted Bush,,,,,
1891,2432,3876,avibase-5011E123,0,Passeriformes,Ploceidae,Plocepasser,donaldsoni,"Old World Sparrows, Snowfinches",Sparrow-Weaver,Donaldson Smith's,,,,,
1894,2435,3878,avibase-2C504059,0,Passeriformes,Ploceidae,Plocepasser,superciliosus,"Old World Sparrows, Snowfinches",Sparrow-Weaver,Chestnut-crowned,,,,,
1943,2437,3880,avibase-B4E50529,0,Passeriformes,Ploceidae,Ploceus,ruweti,,Weaver,Lufira Masked,,,,,
1924,2438,3882,avibase-637795BE,0,Passeriformes,Ploceidae,Ploceus,katangae,,Weaver,Katanga Masked,,,,,
1895,2441,3884,avibase-E6E4F15D,0,Passeriformes,Ploceidae,Ploceus,albinucha,"Weavers, Widowbirds",Weaver,Maxwell's Black,,,,,
1896,2442,3886,avibase-63A997EA,0,Passeriformes,Ploceidae,Ploceus,alienus,"Weavers, Widowbirds",Weaver,Strange,,,,,
1898,2444,3888,avibase-2C42345F,0,Passeriformes,Ploceidae,Ploceus,aurantius,"Weavers, Widowbirds",Weaver,Orange,,,,,
1899,2445,3890,avibase-79264A96,0,Passeriformes,Ploceidae,Ploceus,aureonucha,"Weavers, Widowbirds",Weaver,Golden-naped,,,,,
1900,2446,3892,avibase-6E00B2C6,0,Passeriformes,Ploceidae,Ploceus,badius,"Weavers, Widowbirds",Weaver,Cinnamon,,,,,
1902,2448,3894,avibase-8F52076C,0,Passeriformes,Ploceidae,Ploceus,bannermani,"Weavers, Widowbirds",Weaver,Bannerman's,,,,,
1903,2449,3896,avibase-8395D0B4,0,Passeriformes,Ploceidae,Ploceus,batesi,"Weavers, Widowbirds",Weaver,Bates's,,,,,
1907,2452,3898,avibase-F40197D6,0,Passeriformes,Ploceidae,Ploceus,bojeri,"Weavers, Widowbirds",Weaver,Golden Palm,,,,,
1908,2453,3900,avibase-98820857,0,Passeriformes,Ploceidae,Ploceus,burnieri,"Weavers, Widowbirds",Weaver,Kilombero,,,,,
1910,2455,3902,avibase-2379E3EB,0,Passeriformes,Ploceidae,Ploceus,castaneiceps,"Weavers, Widowbirds",Weaver,Taveta,,,,,
1911,2456,3904,avibase-F9FB0226,0,Passeriformes,Ploceidae,Ploceus,castanops,"Weavers, Widowbirds",Weaver,Northern Brown-throated,,,,,
1913,2458,3906,avibase-2E4A97D9,0,Passeriformes,Ploceidae,Ploceus,dichrocephalus,,Weaver,Juba,,,,,
1914,2459,3908,avibase-C34E4EF3,0,Passeriformes,Ploceidae,Ploceus,dorsomaculatus,"Weavers, Widowbirds",Weaver,Yellow-capped,,,,,
1916,2460,3910,avibase-9F7489D0,0,Passeriformes,Ploceidae,Ploceus,galbula,"Weavers, Widowbirds",Weaver,Rüppell's,,,,,
1917,2461,3912,avibase-2A2CC7B3,0,Passeriformes,Ploceidae,Ploceus,golandi,"Weavers, Widowbirds",Weaver,Clarke's,,,,,
1919,2463,3914,avibase-D8E67602,0,Passeriformes,Ploceidae,Ploceus,heuglini,"Weavers, Widowbirds",Weaver,Heuglin's Masked,,,,,
1923,2466,3916,avibase-DF0759C0,0,Passeriformes,Ploceidae,Ploceus,jacksoni,"Weavers, Widowbirds",Weaver,Golden-backed,,,,,
1925,2467,3918,avibase-1373D324,0,Passeriformes,Ploceidae,Ploceus,luteolus,"Weavers, Widowbirds",Weaver,Little,,,,,
1926,2468,3920,avibase-29FF745B,0,Passeriformes,Ploceidae,Ploceus,manyar,"Weavers, Widowbirds",Weaver,Streaked,,,,,
1928,2469,3922,avibase-19D053B3,0,Passeriformes,Ploceidae,Ploceus,melanocephalus,"Weavers, Widowbirds",Weaver,Black-headed,,,,,
1930,2471,3924,avibase-263E6762,0,Passeriformes,Ploceidae,Ploceus,nelicourvi,"Weavers, Widowbirds",Weaver,Nelicourvi,,,,,
1931,2472,3926,avibase-ECDFEAF6,0,Passeriformes,Ploceidae,Ploceus,nicolli,"Weavers, Widowbirds",Weaver,Usambara,,,,,
1934,2475,3928,avibase-9FB7D020,0,Passeriformes,Ploceidae,Ploceus,nigrimentus,,Weaver,Black-chinned,,,,,
1939,2479,3930,avibase-38D07CD0,0,Passeriformes,Ploceidae,Ploceus,preussi,"Weavers, Widowbirds",Weaver,Preuss's,,,,,
1944,2482,3932,avibase-E979E67D,0,Passeriformes,Ploceidae,Ploceus,sakalava,"Weavers, Widowbirds",Weaver,Sakalava,,,,,
1946,2483,3934,avibase-4DC2B23C,0,Passeriformes,Ploceidae,Ploceus,spekei,"Weavers, Widowbirds",Weaver,Speke's,,,,,
1947,2484,3936,avibase-4436DD6C,0,Passeriformes,Ploceidae,Ploceus,spekeoides,"Weavers, Widowbirds",Weaver,Fox's,,,,,
1949,2486,3938,avibase-23CA12EF,0,Passeriformes,Ploceidae,Ploceus,subpersonatus,"Weavers, Widowbirds",Weaver,Loango,,,,,
1951,2487,3940,avibase-6A84BDB8,0,Passeriformes,Ploceidae,Ploceus,taeniopterus,"Weavers, Widowbirds",Weaver,Northern Masked,,,,,
1952,2488,3942,avibase-476A437E,0,Passeriformes,Ploceidae,Ploceus,temporalis,"Weavers, Widowbirds",Weaver,Bocage's,,,,,
1953,2489,3944,avibase-BE85C81E,0,Passeriformes,Ploceidae,Ploceus,tricolor,"Weavers, Widowbirds",Weaver,Yellow-mantled,,,,,
1956,2491,3946,avibase-341298B9,0,Passeriformes,Ploceidae,Ploceus,weynsi,"Weavers, Widowbirds",Weaver,Weyns's,,,,,
2031,2494,3948,avibase-A783468F,0,Passeriformes,Prunellidae,Prunella,collaris,Accentors,Accentor,Alpine,,,,,
2032,2495,3950,avibase-26530C86,0,Passeriformes,Prunellidae,Prunella,modularis,Accentors,,Dunnock,,,,,
2046,2497,3952,avibase-573C3683,0,Passeriformes,Ploceidae,Pseudonigrita,arnaudi,"Old World Sparrows, Snowfinches",Weaver,Grey-capped Social,,,,,
2047,2498,3954,avibase-65856D49,0,Passeriformes,Ploceidae,Pseudonigrita,cabanisi,"Old World Sparrows, Snowfinches",Weaver,Black-capped Social,,,,,
2132,2500,3956,avibase-E617A8C3,0,Passeriformes,Estrildidae,Pyrenestes,sanguineus,"Waxbills, Munias and allies",Seedcracker,Crimson,,,,,
2131,2501,3958,avibase-2CC91390,0,Passeriformes,Estrildidae,Pyrenestes,ostrinus,"Waxbills, Munias and allies",Seedcracker,Black-bellied,,,,,
2138,2502,3960,avibase-2F790B56,0,Passeriformes,Estrildidae,Pytilia,lineata,,Pytilia,Red-billed,,,,,
2137,2504,3962,avibase-1AAAEAFD,0,Passeriformes,Estrildidae,Pytilia,hypogrammica,"Waxbills, Munias and allies",Pytilia,Yellow-winged,,,,,
2140,2506,3964,avibase-C7891867,0,Passeriformes,Estrildidae,Pytilia,phoenicoptera,"Waxbills, Munias and allies",Pytilia,Red-winged,,,,,
2230,2513,3966,avibase-7D6F12FE,0,Passeriformes,Estrildidae,Spermestes,griseicapilla,,Silverbill,Grey-headed,,,,,
2710,2514,3968,avibase-E358EC8A,0,Passeriformes,Estrildidae,Spermestes,nigriceps,,Mannikin,Red-backed ,,,,,
2232,2516,3970,avibase-AEAD40DD,0,Passeriformes,Estrildidae,Spermophaga,poliogenys,"Waxbills, Munias and allies",Bluebill,Grant's,,,,,
2247,2518,3972,avibase-C90890A3,0,Passeriformes,Ploceidae,Sporopipes,frontalis,"Old World Sparrows, Snowfinches",Weaver,Speckle-fronted,,,,,
2495,2523,3974,avibase-EAE77D96,0,Passeriformes,Estrildidae,Uraeginthus,bengalus,"Waxbills, Munias and allies",Cordon-bleu,Red-cheeked,,,,,
2496,2524,3976,avibase-5CAE6778,0,Passeriformes,Estrildidae,Uraeginthus,cyanocephalus,"Waxbills, Munias and allies",Cordon-bleu,Blue-capped,,,,,
2498,2525,3978,avibase-DE689967,0,Passeriformes,Estrildidae,Uraeginthus,ianthinogaster,"Waxbills, Munias and allies",Grenadier,Purple,,,,,
2533,2527,3980,avibase-12EC9197,0,Passeriformes,Viduidae,Vidua,maryae,"Indigobirds, Whydahs",Indigobird,Jos Plateau,,,,,
2534,2528,3982,avibase-86FBD1A0,0,Passeriformes,Viduidae,Vidua,nigeriae,"Indigobirds, Whydahs",Indigobird,Quailfinch,,,,,
2530,2529,3984,avibase-78607A22,0,Passeriformes,Viduidae,Vidua,interjecta,"Indigobirds, Whydahs",Whydah,Exclamatory Paradise,,,,,
2541,2530,3986,avibase-E60F7093,0,Passeriformes,Viduidae,Vidua,togoensis,"Indigobirds, Whydahs",Whydah,Togo Paradise,,,,,
2524,2531,3988,avibase-A37F0FEC,0,Passeriformes,Viduidae,Vidua,camerunensis,"Indigobirds, Whydahs",Indigobird,Cameroon,,,,,
2527,2533,3990,avibase-424B857C,0,Passeriformes,Viduidae,Vidua,fischeri,"Indigobirds, Whydahs",Whydah,Straw-tailed,,,,,
2529,2535,3992,avibase-8D05A048,0,Passeriformes,Viduidae,Vidua,hypocherina,"Indigobirds, Whydahs",Whydah,Steel-blue,,,,,
2531,2536,3994,avibase-04D7BC6C,0,Passeriformes,Viduidae,Vidua,larvaticola,"Indigobirds, Whydahs",Indigobird,Barka,,,,,
2536,2539,3996,avibase-DFCFAB2A,0,Passeriformes,Viduidae,Vidua,orientalis,,Whydah,Sahel Paradise,,,,,
2539,2542,3998,avibase-30A131ED,0,Passeriformes,Viduidae,Vidua,raricola,"Indigobirds, Whydahs",Indigobird,Jambandu,,,,,
391,2545,4000,avibase-3534E4CE,0,Passeriformes,Emberizidae,Calcarius,lapponicus,"Buntings, New World Sparrows and allies",Longspur,Lapland,,,,,
1383,2546,4002,avibase-32635892,0,Passeriformes,Fringillidae,Linaria,cannabina,Finches,Linnet,Common,,,,,
481,2547,4004,avibase-1B235E00,0,Passeriformes,Fringillidae,Carduelis,carduelis,Finches,Goldfinch,European,,,,,
564,2548,4006,avibase-65BD2033,0,Passeriformes,Fringillidae,Chloris,chloris,Finches,Greenfinch,European,,,,,
1,2549,4008,avibase-A2BB98A9,0,Passeriformes,Fringillidae,Acanthis,flammea,Finches,Redpoll,Common,,,,,
1384,2550,4010,avibase-3E8BDBBA,0,Passeriformes,Fringillidae,Linaria,johannis,Finches,Linnet,Warsangli,,,,,
2239,2551,4012,avibase-9820CECA,0,Passeriformes,Fringillidae,Spinus,spinus,Finches,Siskin,Eurasian,,,,,
483,2552,4014,avibase-3A713345,0,Passeriformes,Fringillidae,Carpodacus,erythrinus,Finches,Rosefinch,Common,,,,,
484,2553,4016,avibase-8F36D663,0,Passeriformes,Fringillidae,Carpodacus,synoicus,Finches,Rosefinch,Sinai,,,,,
715,2554,4018,avibase-84E1F114,0,Passeriformes,Fringillidae,Coccothraustes,coccothraustes,Finches,,Hawfinch,,,,,
948,2555,4020,avibase-BB11EE7F,0,Passeriformes,Fringillidae,Emberiza,affinis,"Buntings, New World Sparrows and allies",Bunting,Brown-rumped,,,,,
950,2557,4022,avibase-A7F3E6AE,0,Passeriformes,Fringillidae,Emberiza,caesia,"Buntings, New World Sparrows and allies",Bunting,Cretzschmar's,,,,,
953,2560,4026,avibase-7C5AC300,0,Passeriformes,Fringillidae,Emberiza,cineracea,"Buntings, New World Sparrows and allies",Bunting,Cinereous,,,,,
954,2561,4028,avibase-9AAB8C21,0,Passeriformes,Fringillidae,Emberiza,cirlus,"Buntings, New World Sparrows and allies",Bunting,Cirl,,,,,
955,2562,4030,avibase-56FB47C0,0,Passeriformes,Fringillidae,Emberiza,citrinella,"Buntings, New World Sparrows and allies",,Yellowhammer,,,,,
958,2564,4032,avibase-47210561,0,Passeriformes,Fringillidae,Emberiza,hortulana,"Buntings, New World Sparrows and allies",Bunting,Ortolan,,,,,
960,2566,4034,avibase-43EF3EA7,0,Passeriformes,Fringillidae,Emberiza,leucocephalos,"Buntings, New World Sparrows and allies",Bunting,Pine,,,,,
961,2567,4036,avibase-E2D2CB88,0,Passeriformes,Fringillidae,Emberiza,melanocephala,"Buntings, New World Sparrows and allies",Bunting,Black-headed,,,,,
962,2568,4038,avibase-72386016,0,Passeriformes,Fringillidae,Emberiza,poliopleura,"Buntings, New World Sparrows and allies",Bunting,Somali,,,,,
963,2569,4040,avibase-1866F80E,0,Passeriformes,Fringillidae,Emberiza,pusilla,"Buntings, New World Sparrows and allies",Bunting,Little,,,,,
964,2570,4042,avibase-DA9746CE,0,Passeriformes,Fringillidae,Emberiza,rustica,"Buntings, New World Sparrows and allies",Bunting,Rustic,,,,,
965,2571,4044,avibase-C0B97874,0,Passeriformes,Fringillidae,Emberiza,schoeniclus,"Buntings, New World Sparrows and allies",Bunting,Common Reed,,,,,
966,2572,4046,avibase-3C33A7C5,0,Passeriformes,Fringillidae,Emberiza,socotrana,"Buntings, New World Sparrows and allies",Bunting,Socotra,,,,,
967,2573,4048,avibase-CDF4A106,0,Passeriformes,Fringillidae,Emberiza,striolata,"Buntings, New World Sparrows and allies",Bunting,Striolated,,,,,
1098,2576,4050,avibase-E16B2C03,0,Passeriformes,Fringillidae,Fringilla,montifringilla,Finches,,Brambling,,,,,
1410,2578,4052,avibase-135564AA,0,Passeriformes,Fringillidae,Loxia,curvirostra,Finches,Crossbill,Red,,,,,
951,2579,4054,avibase-9A87EBB0,0,Passeriformes,Emberizidae,Emberiza,calandra,"Buntings, New World Sparrows and allies",Bunting,Corn,,,,,
1640,2582,4056,avibase-AED9D220,0,Passeriformes,Estrildidae,Nesospiza,acunhae,"Buntings, New World Sparrows and allies",Finch,Inaccessible Island,,Use this! Retire duplicate #968,,,
1396,2584,4058,avibase-549BEA0C,0,Passeriformes,Estrildidae,Lonchura,oryzivora,"Waxbills, Munias and allies",Sparrow,Java,,,,,
1888,2585,4060,avibase-9BEBC025,0,Anseriformes,Anatidae,Plectrophenax,nivalis,"Buntings, New World Sparrows and allies",Bunting,Snow,,,,,
2135,2588,4062,avibase-24764DC7,0,Passeriformes,Fringillidae,Pyrrhula,pyrrhula,Finches,Bullfinch,Eurasian,,,,,
349,2589,4064,avibase-8049F707,0,Passeriformes,Fringillidae,Bucanetes,githagineus,,Finch,Trumpeter,,,,,
2161,2590,4066,avibase-FA269911,0,Passeriformes,Fringillidae,Rhodospiza,obsoleta,,Finch,Desert,,,,,
2160,2591,4068,avibase-7782AD9F,0,Passeriformes,Fringillidae,Rhodopechys,sanguineus,,Finch,Eastern Crimson-winged,,,,,
2162,2592,4070,avibase-FB76AD60,0,Passeriformes,Fringillidae,Rhynchostruthus,louisae,Finches,Grosbeak,Somali Golden-winged,,,,,
2163,2593,4072,avibase-BE193EC5,0,Passeriformes,Fringillidae,Rhynchostruthus,socotranus,Finches,Grosbeak,Socotra Golden-winged,,,,,
838,2595,4074,avibase-69EB514A,0,Passeriformes,Fringillidae,Crithagra,reichenowi,Finches,Seedeater,Reichenow's,,,,,
848,2596,4076,avibase-71D3C8A6,0,Passeriformes,Fringillidae,Crithagra,xanthopygia,Finches,Seedeater,Yellow-rumped,,,,,
833,2597,4078,avibase-A25D8384,0,Passeriformes,Fringillidae,Crithagra,melanochroa,Finches,Seedeater,Kipengere,,,,,
830,2598,4080,avibase-5E456730,0,Passeriformes,Fringillidae,Crithagra,koliensis,Finches,Canary,Papyrus,,,,,
827,2599,4082,avibase-5108E1D3,0,Passeriformes,Fringillidae,Crithagra,frontalis,Finches,Citril,Western,,,,,
829,2600,4084,avibase-C978ABCC,0,Passeriformes,Fringillidae,Crithagra,hyposticta,Finches,Citril,Southern,,,,,
816,2601,4086,avibase-F3618305,0,Passeriformes,Fringillidae,Crithagra,buchanani,Finches,Grosbeak-Canary,Southern,,,,,
818,2602,4088,avibase-115CB3F4,0,Passeriformes,Fringillidae,Crithagra,canicapilla,,Seedeater,West African,,,,,
814,2605,4090,avibase-F422B222,0,Passeriformes,Fringillidae,Crithagra,ankoberensis,Finches,Serin,Ankober,,,,,
482,2610,4092,avibase-039E0011,0,Passeriformes,Fringillidae,Carduelis,citrinella,,Finch,Citril,,,,,
823,2613,4094,avibase-0CEB2DA6,0,Passeriformes,Fringillidae,Crithagra,donaldsoni,Finches,Grosbeak-Canary,Northern,,,,,
824,2614,4096,avibase-90C937E4,0,Passeriformes,Fringillidae,Crithagra,dorsostriata,Finches,Canary,White-bellied,,,,,
2212,2615,4098,avibase-DCFFEEC1,0,Passeriformes,Fringillidae,Serinus,flavivertex,,Canary,Yellow-crowned,,,,,
825,2616,4100,avibase-31B513F0,0,Passeriformes,Fringillidae,Crithagra,flavigula,Finches,Seedeater,Yellow-throated,,,,,
2210,2620,4102,avibase-BC5C392F,0,Passeriformes,Fringillidae,Serinus,alario leucolaemus,,Canary (ssp),Black-headed,,,,,
832,2622,4104,avibase-C887C3FC,0,Passeriformes,Fringillidae,Crithagra,leucopygia,Finches,Seedeater,White-rumped,,,,,
834,2623,4106,avibase-5C0BF88F,0,Passeriformes,Fringillidae,Crithagra,menachensis,Finches,Serin,Yemen,,,,,
2213,2626,4108,avibase-E211621B,0,Passeriformes,Fringillidae,Serinus,nigriceps,Finches,Siskin,Ethiopian,,,,,
2214,2627,4110,avibase-FB1C44D5,0,Passeriformes,Fringillidae,Serinus,pusillus,Finches,Serin,Red-fronted,,,,,
2215,2630,4112,avibase-C3227709,0,Passeriformes,Fringillidae,Serinus,serinus,Finches,Serin,European,,,,,
2216,2633,4114,avibase-95594E16,0,Passeriformes,Fringillidae,Serinus,syriacus,Finches,Serin,Syrian,,,,,
845,2634,4116,avibase-30384990,0,Passeriformes,Fringillidae,Crithagra,tristriata,Finches,Seedeater,Brown-rumped,,,,,
846,2635,4118,avibase-1CBC2DDE,0,Passeriformes,Fringillidae,Crithagra,whytii,,Seedeater,Yellow-browed,,,,,
847,2636,4120,avibase-8C436082,0,Passeriformes,Fringillidae,Crithagra,xantholaema,Finches,Seedeater,Salvadori's,,,,,
2098,0,4121,avibase-889232C7,0,Ciconiiformes,Procellariidae,Pterodroma,neglecta,"Petrels, Shearwaters",Petrel,Kermadec,,,,,
518,2099,4123,avibase-A80B0AC0,931,Passeriformes,Alaudidae,Certhilauda,brevirostris,,Lark,Agulhas Long-billed,,,,,
517,2098,4124,avibase-E42D0008,932,Passeriformes,Alaudidae,Certhilauda,benguelensis,,Lark,Benguela Long-billed,,,,,
520,2100,4125,avibase-BEC2F8B6,933,Passeriformes,Alaudidae,Certhilauda,curvirostris,Larks,Lark,Cape Long-billed,,,,,
521,2101,4126,avibase-56599D6D,934,Passeriformes,Alaudidae,Certhilauda,semitorquata,Larks,Lark,Eastern Long-billed,,,,,
522,2102,4127,avibase-69573E9E,935,Passeriformes,Alaudidae,Certhilauda,subcoronata,Larks,Lark,Karoo Long-billed,,,,,
2479,120,4128,avibase-0874B4D5,978,Turniciformes,Turnicidae,Turnix,nanus,Buttonquail,Buttonquail,Black-rumped,,,,,
2410,248,4129,avibase-73A7F4D0,0,Coraciiformes,Bucerotidae,Tockus,rufirostris,,Hornbill,Southern Red-billed,,,,,
859,353,4130,avibase-FF41B79F,4130,Cuculiformes,Cuculidae,Cuculus,poliocephalus,,Cuckoo,Lesser,,,,,
493,364,4131,avibase-6C342FFF,945,Cuculiformes,Centropodidae,Centropus,burchellii,,Coucal,Burchell's,,,,,
1990,386,4132,avibase-2F4B17A7,947,Psittaciformes,Psittacidae,Poicephalus,robustus,,Parrot,Cape,,,,,
2341,433,4133,avibase-45CE1202,949,Musophagiformes,Musophagidae,Tauraco,corythaix,,Turaco,Knysna,,,,,
45,567,4134,avibase-C84BD649,911,Gruiformes,Otididae,Afrotis,afra,Bustards,Korhaan,Southern Black,,,,,
1365,780,4136,avibase-2D52E3A5,4136,Charadriiformes,Laridae,Larus,fuscus,,Black-backed Gull,Lesser,,,,,
2023,1087,4137,avibase-35EB45A0,4137,Ciconiiformes,Procellariidae,Procellaria,aequinoctialis,,Petrel,White-chinned,,,,,
679,1817,4138,avibase-D74437DE,970,Passeriformes,Cisticolidae,Cisticola,galactotes,Cisticolas and allies,Cisticola,Rufous-winged,,,,,
2009,1865,4139,avibase-4CDA27A3,942,Passeriformes,Cisticolidae,Prinia,maculosa,Cisticolas and allies,Prinia,Karoo,,,,,
1540,2137,4140,avibase-6E24D502,960,Passeriformes,Alaudidae,Corypha,apiata,Larks,Lark,Cape Clapper,,"Corypha apiata, new Genus",,,
1756,2410,4142,avibase-7EB3ECC4,4142,Passeriformes,Passeridae,Passer,diffusus,"Old World Sparrows, Snowfinches",Sparrow,Southern Grey-headed,,,,,
2387,1000,4143,avibase-3F9E1C51,4143,Charadriiformes,Laridae,Thalasseus,elegans,"Gulls, Terns and Skimmers",Tern,Elegant,,,,,
2731,0,4145,,0,Passeriformes,Ploceidae,Foudia,species,,Foudia,species,,,,,
918,1055,4148,avibase-A28D8D38,4148,Ciconiiformes,Diomedeidae,Diomedea,exulans,,Albatross,Wandering,,,,,
917,1054,4149,avibase-4D8C9B97,4149,Ciconiiformes,Diomedeidae,Diomedea,epomophora,,Albatross,Southern Royal,,,,,
2378,1116,4150,avibase-87797B47,4150,Ciconiiformes,Diomedeidae,Thalassarche,cauta,Albatrosses,Albatross,Shy,,,,,
2379,1117,4151,avibase-EA2FA918,4151,Ciconiiformes,Diomedeidae,Thalassarche,chlororhynchos,Albatrosses,Albatross,Atlantic Yellow-nosed,,,,,
2115,1110,4153,avibase-5AEDC002,4153,Ciconiiformes,Procellariidae,Puffinus,puffinus,,Shearwater,Manx,,,,,
1904,0,4183,avibase-AE1F2524,4183,Passeriformes,Ploceidae,Ploceus,benghalensis,"Weavers, Widowbirds",Weaver,Black-breasted,,,,,
1920,0,4184,avibase-1203E244,4184,Passeriformes,Ploceidae,Ploceus,hypoxanthus,"Weavers, Widowbirds",Weaver,Asian Golden,,,,,
1927,0,4185,avibase-47903D44,4185,Passeriformes,Ploceidae,Ploceus,megarhynchus,"Weavers, Widowbirds",Weaver,Finn's,,,,,
1938,0,4186,avibase-03DE2091,4186,Passeriformes,Ploceidae,Ploceus,philippinus,"Weavers, Widowbirds",Weaver,Baya,,,,,
1379,671,4188,avibase-B7E68EC8,0,Charadriiformes,Scolopacidae,Limnodromus,semipalmatus,"Sandpipers, Snipes",Dowitcher,Asian,,,,,
2797,,4189,avibase-F63BD872,0,,(null),Psittacus,timneh,,Parrot,Timneh,,,,,
2742,0,4190,avibase-E5E0B92F,4190,,,Ardeola,grayii,,Heron,Indian Pond,,,,,
2743,0,4191,,4191,,,,,,Buzzard ,Hyrbid Common/Forest ,,,,,
433,,4193,avibase-B38ABEF9,,Passeriformes,Cisticolidae,Camaroptera,harterti,,Camaroptera,Hartert's,,,,,
2744,1512,4195,avibase-927299E4,0,Passeriformes,Turdidae,Turdus,olivaceofuscus,,Thrush,Sao Tome,,Retire. BL use #1167,,,
89,,4483,avibase-F53518E3,4483,,Rallidae,Amaurornis,phoenicurus,,Waterhen,White-breasted,,,,,
2893,,4838,,0,Galliformes,Phasianidae,Arborophila,rolli,Pheasants and allies,Partridge,Roll's,,,,,
2894,,4839,,0,Galliformes,Phasianidae,Arborophila,sumatrana,Pheasants and allies,Partridge,Sumatran,,,,,
2686,1917,4847,avibase-D2E8BF1B,0,Passeriformes,Muscicapidae,Arcanator,orostruthus,"Chats, Old World Flycatchers (320)",,Dapple-throat,,,,,
,,4863,,,Passeriformes,Pycnonotidae,Arizelocichla,montana,Bulbuls,Greenbul,Cameroon Mountain,,replaces #1112,Updated the English name,,
257,1685,4864,avibase-DA399CC6,0,Passeriformes,Pycnonotidae,Arizelocichla,tephrolaema,Bulbuls,Greenbul,Western Mountain,,"new name, Mountain added",,,
,,4866,,,Passeriformes,Pycnonotidae,Arizelocichla,fusciceps,Bulbuls,Greenbul,Black-browed Mountain,,"Used by BL, replaces #3042 and 13623",Updated the English name,,
5080,,5080,,,Passeriformes,Platysteiridae,Batis ,crypta,Wattle-eyes and Batises,Batis,Dark ,,new species,,,
,,5095,avibase-51FA9111,0,Passeriformes,Pycnonotidae,Bernieria,madagascariensis,Bulbuls,Bernieria,Long-billed,,different no!! Suggest we use BL #5095 and retire #3018,,,
380,,5229,avibase-91B94FDB,0,Galliformes,Phasianidae,Cacicus,sclateri,,Cacique,Ecuadorian,,,,,
402,,5256,avibase-A0A67A81,5256,Charadriiformes,Scolopacidae,Calidris,acuminata,"Sandpipers, Snipes",Sandpiper,Sharp-tailed,,,,,
422,0,5271,avibase-45C1096F,5271,Anseriformes,Anatidae,Callonetta,leucophrys,"Ducks, Geese and Swans",Teal,Ringed,,,,,
,,5701,,,Passeriformes,Malaconotidae,Chlorophoneus,bocagei,Bushshrikes and Allies,Bushshrike,Bocage's,,"replace #2498, this used by BL",,,
269,,5708,avibase-C73137EA,5708,Passeriformes,Pycnonotidae,Atimastillas,flavicollis,Leafbirds,Greenbul,Yellow-gorgeted,,New English name. Old name Yellow-throated Leaflove. #14776 is a split from this,,,
712,,5892,avibase-95DC125B,5892,Passeriformes,Estrildidae,Coccopygia,bocagei,,Waxbill,Angolan,,,,,
,,6254,,,Passeriformes,Paridae,Cyanistes,teneriffae,"Tits, Chickadees and Titmice",Tit,African Blue,,New species,,,
,,6713,,,Passeriformes,Emberizidae,Emberiza,sahari,Old worl buntings,Bunting,House,,Replace #13610,,,
,,6835,,,Passeriformes,Estrildidae,Estrilda,kandti,"Munias, Parrotfinches, Waxbills, and Allies",Waxbill,Kandt's,,new species,,,
,,6907,avibase-0B325B7F,,Passeriformes,Pycnonotidae,Eurillas,curvirostris,Bulbuls,Greenbul,Plain,,replaces #2940 and #2946,"This species has been retired, now denoted with a [x] prefix. Not available for logging anymore.",,
,,7051,,,Passeriformes,,,,,Lark ,Maghreb,Lumped,Retired by BL. Lumped with #3506,,,
1302,,7863,avibase-0319D393,7863,Passeriformes,,Lamprotornis,chloropterus,"Starlings, Rhabdornis",Starling,Lesser Blue-eared,,,,,
,,7864,,,Passeriformes,Malaconotidae,Laniarius,willardi,Bushshrikes and Allies,Boubou,Willard's Sooty,,new species,,,
1333,1257.2,7865,avibase-E7DC526A,7865,Passeriformes,Malaconotidae,Laniarius,nigerrimus,,Boubou,Black,,,,,
1331,1241,7866,avibase-07F940AA,7866,Passeriformes,,Laniarius,major,Bushshrikes,Boubou,Tropical,,,,,
1336,1257.1,7867,avibase-0133C47B,7867,Passeriformes,Malaconotidae,Laniarius,sublacteus,,Boubou,East Coast,,Coast moved from Common_group to Common_species,,,
1354,,7878,avibase-EE7915A2,7878,Passeriformes,,Lanius,phoenicuroides,,Shrike,Red-tailed,,,,,
1347,1137,7887,avibase-5792867A,14190,Passeriformes,Laniidae,Lanius,humeralis,,Fiscal,Northern,,,,,
1358,0,7888,avibase-FF6C3B9C,0,Passeriformes,Muscicapidae,Larosterna,inca,"Chats, Old World Flycatchers (320)",Tern,Inca,,,To be added to SABAP2,,
,,7901,,,Charadriiformes,Laridae,Larus,michahellis,"Skimmers, Noddies, Terns, and Gulls",Gull,Yellow-legged,,new species,,,
1392,,8090,avibase-21C4CE6A,8090,Passeriformes,Estrildidae,Lonchura,bicolor,,Mannikin,Black-and-white,,,,,
1397,0,8100,avibase-497038CC,0,Strigiformes,Tytonidae or Strigidae,Lonchura,quinticolor,Owls,Munia,Five-colored,,,,,
,,8511,,,Coraciiformes,Meropidae,Merops,mentalis,Bee-eaters,Bee-eater,Blue-moustached,split,new species split from #1574,,,
,,9388,,,Passeriformes,Estrildidae,Parmoptila,jamesoni,"Munias, Parrotfinches, Waxbills, and Allies",Antpecker,Jameson's ,,new species,,,
1775,,9430,avibase-24208346,9430,,Sturnidae,Pastor,roseus,,Starling,Rosy,,,,,
1800,,9638,avibase-849B4EE5,9638,,,Phalacrocorax,carbo,,Cormorant,Great,,,,,
,,9756,,,Passeriformes,Pycnonotidae,Phyllastrephus,albigula,Bulbuls,Greenbul,Montane Tiny,,new species,,,
2262,0,10000,,0,Charadriiformes,Laridae,Sterna,bengalensis x sandvicensis,,Tern,Hybrid Lesser-crested x Sandwich,,,,,
2712,0,10001,,0,Ciconiiformes,Procellariidae,Pterodroma,neglecta/?,,Petrel,Hybrid Kermadec/Round-island,,,,,
2401,0,10002,,0,Coraciiformes,Bucerotidae,Tockus,damarensis x erythrorhynchus,,Hornbill,Hybrid Damara x Red-billed ,,,,,
381,100,10003,avibase-8DE14046,914,Anseriformes,Anatidae,Cairina,moschata,"Ducks, Geese and Swans",Duck,Muscovy,,,,,
130,62,10004,avibase-6835DC6C,913,Anseriformes,Anatidae,Anser,anser domesticus,"Ducks, Geese and Swans",Goose,Domestic,,,,,
110,1000,10005,,917,Anseriformes,Anatidae,Anas,hybrid,,Duck,Hybrid,,,,,
115,1000,10006,avibase-07FFC1E5,918,Anseriformes,Anatidae,Anas,platyrhynchos domesticus,,Duck,Domestic,,,,,
879,100,10007,avibase-46B54DB1,921,Anseriformes,Anatidae,Cygnus,atratus,"Ducks, Geese and Swans",Swan,Black,,,,,
2714,0,10008,,,,,N/A,N/A,,Wader,Unidentified,,,,,
2716,0,10009,avibase-A744B03C,,,,N/A,N/A,,Tern,Unidentified,,,,,
2717,0,10010,avibase-4D321548,,,,Lanus,sp.,,Gull,Unidentified,,,,,
2718,0,10011,avibase-5451B31A,995,,,Ardea,sp.,,Heron,Unidentified,,,,,
2719,0,10012,,994,,,N/A,N/A,,Seabird,Unidentified,,,,,
2123,0,10013,,0,Passeriformes,Pycnonotidae,Pycnonotus,nigricans x tricolor,Bulbuls,Bulbul,Hybrid Red-eyed x Dark-capped ,,,,,
2715,0,10014,avibase-093E93E1,998,,,Anas,sp.,,Duck,Unidentified,,,,,
111,1000,10015,,919,Anseriformes,Anatidae,Anas,hybrid,,Mallard,Hybrid,,,,,
2727,0,10016,avibase-1FF0754B,10016,,,Phoeniconaias,sp.,,Flamingo,Unidentified,,,,,
2728,0,10017,,10017,Passeriformes,Fringillidae,Nesospiza,acunhae/wilkinsi,,Bunting,Hybrid Nesospiza,,,,,
2730,0,10019,avibase-D17D101A,10019,Psittaciformes,Psittacidae,Melopsittacus,undulatus,,,Budgerigar,,"Retire, replaced by #1102",,,
61,999999,10020,avibase-27B2749A,10020,Anseriformes,Anatidae,Aix,sponsa,"Ducks, Geese and Swans",Duck,Wood,,,,,
83,0,10021,,10021,Passeriformes,Estrildidae,Amadina,erythrocephala x fasciata,,Finch,Hybrid Red-headed x Cut-throat,,,,,
2733,0,10022,avibase-CDDEA7EB,10022,,,Nesoenas ,picturata,,Dove,Seychelle's Turtle X Madagascar Turtle,,,,,
2734,0,10023,avibase-C8D08ECB,10023,Ciconiiformes,Procellariidae,Pachyptila,sp.,"Petrels, Shearwaters",Prion,Unidentified,,,,,
2735,0,10024,avibase-070E73F9,10024,,,Stercorarius,sp.,,Skua,Unidentified,,,,,
2736,0,10025,avibase-586F2343,,,,Oceanodroma,sp.,,Storm-petrel,Unidentified,,,,,
2737,0,10026,avibase-528F0652,,,,Phalacrocorax,sp.,,Cormorant,Unidentified,,,,,
2738,0,10027,avibase-288753F2,10027,,,Diomedea,sp.,,Albatross,Unidentified,,,,,
2740,0,10028,avibase-3FD683D4,,,,Ardenna,sp.,,Shearwater,Unidentified,,,,,
2741,0,10029,,10029,,,Spheniscus,sp.,,Penguin,Unidentified,,,,,
2750,0,10030,,,,,Hybrid,Common House Martin/Barn Swallow,,Martin/Swallow,Hybrid Common House/Barn,,,,,
49,,10031,,,,,Agapornis,fischeri x personatus,,Lovebird,Fischer's x Yellow-collared ,,,,,
2751,0,10032,,,,,,,,,,,,,,
2752,,10033,,,,,,,,Lapwing,Hybrid Blacksmith/White-crowned,,,,,
2759,0,10034,,,Anseriformes,Anatidae,Anas,platyrhynchos x undulata,,Duck,Hyrbid Mallard/Yellow-billed,,,,,
2760,,10035,,,Coraciiformes,Meropidae,Merops,variegatus x orientalis,,Bee-eater,Hybrid Green/Blue-breasted,,,,,
2798,,10037,,,,Psittacidae,Agapornis ,roseicollis/nigrigenis,,Lovebird,Hybrid Rosy-faced x Black-cheeked,,,,,
2799,,10038,,,,Pycnonotidae,Pycnonotus ,capensis x nigricans,,Bulbul,Hybrid Cape and Red eyed,,,,,
2804,,10040,,10040,,Anatidae,Oxyura maccoa x Alopochen aegyptiacus ,Oxyura maccoa x Alopochen aegyptiacus,"Ducks, Swans, and Geese",Duck,Hybrid Maccoa Duck x Egyptian Goose,,,,,
2800,,10041,,,,Promeropidae,Promerops sp.,,,Sugarbird,Unidentified Promerops,,,,,
2805,,10042,avibase-47B16A4A,,,Psittaculidae,,,,"Parrots, Parrotlets and Lovebirds","Parrots, Parrotlets and Lovebirds (unidentified)",,,,,
2806,,10043,avibase-9C5ED06A,0,Galliformes,Phasianidae,Meleagris,gallopavo,Pheasants and allies,Turkey,Domestic,,,,,
2809,,10046,avibase-A23B8E7A,,Passeriformes,Zosteropidae,Zosterops,eurycricotus,White-eyes,White-eye,Broad-ringed,,Retire. Replace with #10959,Retired,,
2810,,10047,avibase-086290D2,,Passeriformes,Zosteropidae,Zosterops,mbuluensis,White-eyes,White-eye,Mbulu,,Retire. Replace with #10994,Retired,,
2812,,10049,avibase-28458566,,Passeriformes,Zosteropidae,Zosterops,stenocricotus,White-eyes,White-eye,Forest (split),,Retire and use #3218,,,
2813,,10050,avibase-13B373F3,,Anseriformes,Anatidae,Radjah,radjah,"Ducks, Geese and Swans",Shelduck,Radjah,,,,,
2814,,10051,avibase-1EC15745,,Anseriformes,Anatidae,Anser,cygnoides,"Ducks, Geese and Swans",Goose,Domesticated / Hybrid Chinese,,,Retired,,
2815,,10052,avibase-0AAA530E,0,Coraciiformes,Meropidae,Merops,viridissimus,Bee-eaters,Bee-eater,African Green,,Retire. Replace with #14862,,,
2816,,10053,avibase-90AAE188,,Anseriformes,Anatidae,Nettapus,coromandelianus,"Ducks, Geese and Swans",Goose,Cotton Pygmy,,,,,
2817,,10054,,,Coliiformes,Coliida,Colius,colius x striatus,Mousebirds,Mousebird,Hybrid White-backed and Speckled,,,,,
2818,,10055,,,,Ardeidae,Colius,colius x striatus,,Heron,Hybrid Grey Heron x Black-headed Heron,,,,,
2819,,10056,avibase-D6A69E06,0,Passeriformes,Sylviidae,Bradypterus,centralis,Sylviid Babblers,Warbler,Highland Rush,,Retire. Replace with #10781,,,
2820,,10057,avibase-9D29C252,,Galliformes,Numididae,Guttera,verreauxi,Guineafowl,Guineafowl,Western Crested,,,,,
2821,,10058,avibase-35D60F12,,Galliformes,Numididae,Guttera,pucherani,Guineafowl,Guineafowl,Eastern Crested,,,,,
2822,,10059,avibase-34703319,,Galliformes,Numididae,Guttera,edouardi,Guineafowl,Guineafowl,Southern Crested,,,,,
2823,,10060,avibase-521D2C7A,,Passeriformes,Acrocephalidae,,,Reed and Tree warblers,Warblers,(unidentified),,,,,
423,1048,10702,avibase-710BB4E6,10702,Ciconiiformes,Procellariidae,Calonectris,borealis,"Petrels, Shearwaters",Shearwater,Cory's,,,,,
426,,10703,avibase-CA4D268D,10703,,,Calonectris,diomedea,,Shearwater,Scopoli's,,,No changes until IOC agrees to lump,,
,,10707,,,Anseriformes,Anatidae,Anas,crecca,"Ducks, Swans, and Geese",Teal,Green-winged,Lumped,"new species to ABAP, # 1274 lumped with this",,,
2113,0,10726,avibase-6F4BBFE2,10726,,Procellariidae,Puffinus,elegans,,Shearwater,Subantarctic,,,,,
2091,,10731,avibase-DF92B7F9,10731,,,Pterodroma,gouldi,,Petrel,Grey-faced,,,,,
2801,0,10761,avibase-82E7EDC0,10039,,,Cinnyris ,gertrudis,,Sunbird,Western Miombo,,,,,
,,10781,,,Passeriformes,Locustellidae,Bradypterus,centralis,"Grasshopper Warblers, Grassbirds, and Allies",Warbler,Highland Rush,,Replaces #10056,"This species has been retired, now denoted with a [x] prefix. Not available for logging anymore.",,
2807,,10782,avibase-E172D2DD,0,Passeriformes,Muscicapidae,Myrmecocichla,collaris,"Chats, Old World Flycatchers",Chat,Ruaha,,,"This species has been retired, now denoted with a [x] prefix. Not available for logging anymore.",,
2587,213,10783,avibase-55E9B668,0,Passeriformes,Lybiidae,Trachyphonus,usambiro,African Barbets,Barbet,Usambiro,,,,,
2573,1892,10874,avibase-EAC8528E,10874,Passeriformes,Zosteropidae,Zosterops,senegalensis,White-eyes,White-eye,Northern Yellow,,,,,
169,0,10876,avibase-ECFF22D2,10876,,,Anthus,similis,,Pipit,Long-billed,,,,,
162,,10877,avibase-3A1FA0A7,10877,Passeriformes,Motacillidae,Anthus,nicholsoni,"Wagtails, Pipits",Pipit,Nicholson's,,,,,
1086,,10878,avibase-F80D69C2,0,Passeriformes,Zosteropidae,Zosterops,flavilateralis,White-eyes,White-eye,Pale,,"Retire. Replace with #10949, its another species, Kikau Foulehaio procerior in BL!!",,,
912,,10945,avibase-84249EE3,10945,Passeriformes,Dicruridae,Dicrurus,sharpei,Drongos,Drongo,Sharpe's,,,,,
,,10949,avibase-F80D69C2,0,Passeriformes,Zosteropidae,Zosterops,flavilateralis,White-eyes,White-eye,Pale,,Replaces #10878,,,
957,,10958,avibase-17E7F90B,10958,Passeriformes,Fringillidae,Emberiza,goslingi,,Bunting,Gosling's,,,,,
,,10959,avibase-A23B8E7A,,Passeriformes,Zosteropidae,Zosterops,eurycricotus,White-eyes,White-eye,Broad-ringed,,Replaces #10046,,,
,,10960,,,Passeriformes,Corvidae,Pica,mauritanica,"Crows, Jays, and Magpies",Magpie,Maghreb,,new species,,,
,,10966,,,Passeriformes,Muscicapidae,Oenanthe,hispanica,"Chats, Old World Flycatchers, and Allies",Wheatear,Western Black-eared,split,"hispanica split into hispanica and melanoleuca ""Replaces"" #2674",,,
450,,10987,avibase-D0A5FADB,10987,,,Campethera,taeniolaema,,Woodpecker,Fine-banded,,,,,
661,,10988,avibase-43B615B3,10988,Passeriformes,,Cisticola,bakerorum,,Cisticola,Kilombero,,,"retire, lumped with #517",,
907,,10989,avibase-7763FEC8,10989,Passeriformes,,Dicrurus,divaricatus,,Drongo,Glossy-backed,lumped,"retire, lumped with #517",,,
,,10992,,,Passeriformes,Nectariniidae,Anthrepthes,rectirostris,Spiderhunters and Sunbirds,Sunbird,Yellow-chinned,split,New species. split from Anthreptes tephrolaemus #3592,,,
,,10993,,,Passeriformes,Platysteiridae,Dyaphorophyia,hormophora,Wattle-eyes and Batises,Wattle-eye,West African,split,"New species, split from Dyaphorophyia (Platysteira) castanea",,,
,,10994,avibase-086290D2,,Passeriformes,Zosteropidae,Zosterops,mbuluensis,White-eyes,White-eye,Mbulu,,Replaces #10047,,,
,,10996,,,Passeriformes,Cisticolidae,Cisticola,anderseni,Cisticolas and Allies,Cisticola ,White-tailed,,Replaces #3162,,,
2808,,10997,avibase-33C35018,,Passeriformes,Zosteropidae,Zosterops,stuhlmanni,White-eyes,White-eye,Green,,,,,
1268,,11000,avibase-FDD62B5C,0,,,Iole,cacharensis,,Bulbul,Cachar,,,,,
,,11818,,,Passeriformes,Sylviidae,Scepomycter,winifredae,Cisticolas and Allies,Warbler,Winifred's,,,,,
2117,0,11491,avibase-ADC1F0C9,11491,Passeriformes,,Pycnonotus,barbatus,Bulbuls,Bulbul,Common,,,,,
2172,0,11763,avibase-88AB027C,0,Charadriiformes,Laridae,Rynchops,niger,,Skimmer,Black,,,,,
,,11803,,,Passeriformes,Muscicapidae,Saxicola,rubicola,"Chats, Old World Flycatchers, and Allies",Stonechat,European,,New species,,,
,,11951,,,Passeriformes,Muscicapidae,Sheppardia,aurantiithorax,"Chats, Old World Flycatchers, and Allies",Akalat,Rubeho,split,"New species, split from #2714",,,
,,12976,avibase-9813B521,13617,Passeriformes,Bernieridae,Xanthomixis,zosterops,Sylviid Babblers,Tetraka,Spectacled,,New number! Retire #3030 and #13617,,,
,,12977,avibase-2CF15271,13618,Passeriformes,Bernieridae,Xanthomixis,apperti,Sylviid Babblers,Tetraka,Appert's,,New number! Retire #3004 and #13618,,,
,,12978,avibase-6FD3006B,13619,Passeriformes,Bernieridae,Crossleyia,tenebrosa,Sylviid Babblers,Tetraka,Dusky,,New number! Retire #3026 and #13619,,,
,,12979,avibase-BABC6C7F,13620,Passeriformes,Bernieridae,Xanthomixis,cinereiceps,Sylviid Babblers,Tetraka,Grey-crowned,,New number! Retire #3008 and #13620,,,
2561,,13153,avibase-6483A467,13153,Passeriformes,Zosteropidae,Zosterops,kikuyuensis,White-eyes,White-eye,Kikuyu,,,,,
,,13156,,,Passeriformes,Zosteropidae,Zosterops,feae,"White-eyes, Yuhinas, and Allies",White-eye,Sao Tome,,New species,,,
2753,2308,13163,avibase-16E6A0F3,0,Passeriformes,Estrildidae,Estrilda,atricapilla,"Waxbills, Munias and allies",Waxbill,Black-headed,,Retire. Duplicate of #3740 which is used by BL,,,
2745,,13200,,13200,,,,,,Bunting,,,,,,
2746,,13201,,13201,,,,,,Bunting,,,,,,
2747,,13202,,13202,,,,,,Bunting,,,,,,
1010,,13203,avibase-8722DFC2,13203,,,Eudyptes,moseleyi,,Rockhopper Penguin,Northern,,,,,
2748,,13204,avibase-4023CC81,13204,,,Eudyptes,chrysocome,,Penguin,Southern Rockhopper,,,,,
2754,,13610,avibase-C7C1A6EB,13610,Passeriformes,Fringillidae,Emberiza,sahari,,Bunting,House,,Retire. Replaced by #6713,,,
2761,,13611,,13611,Passeriformes,Hirundinidae,Hirundo,,"Swallows, Martins",Swallow,,,,,,
2762,,13612,avibase-B1C204EC,13612,Galliformes,Phasianidae,Francolinus,pondicerianus,Pheasants and allies,Francolin,Grey,,,,,
2763,,13613,avibase-6D4F72B1,13613,Passeriformes,Estrildidae,Lonchura,punctulata,,Silverbill,Scaly-breasted,,,,,
2764,,13614,avibase-25BD316A,13614,Passeriformes,Zosteropidae,Zosterops,mauritianus,White-eyes,White-eye,Mauritius Grey,,,,,
2765,,13616,avibase-51FA9111,13616,Passeriformes,Bernieridae,Bernieria,madagascariensis,Sylviid Babblers,Oxylabes,White-throated,,"Retire. White-throated Oxylabes, Oxylabes madagascariensis. Has #3354. #13616 should be Long-billed Berniera and retire",BL use #12976,,
2766,,13617,avibase-9813B521,13617,Passeriformes,Bernieridae,Xanthomixis,zosterops,Sylviid Babblers,Tetraka,Spectacled,,Retire this and #3030. Use #12976 as BL do,Bl use #12977,,
2767,,13618,avibase-2CF15271,13618,Passeriformes,Bernieridae,Xanthomixis,apperti,Sylviid Babblers,Tetraka,White-throated,,wrong name. Retire this and #3004 use #12977 as BL do,Bl use #12978,,
2768,,13619,avibase-6FD3006B,13619,Passeriformes,Bernieridae,Xanthomixis,tenebrosa,Sylviid Babblers,Tetraka,Dusky,,"wrong name, new Genus. Retire this and #3026, use #12978",Bl use #12979,,
2769,,13620,avibase-BABC6C7F,13620,Passeriformes,Bernieridae,Xanthomixis,cinereiceps,Sylviid Babblers,Tetraka,Grey-crowned,,"wrong name,  Retire this and #3008 use #12979","Retired! Unsure which way we shall go here since each database has retired one number, but not the same",,
2771,,13622,avibase-FC523946,13622,Passeriformes,Pycnonotidae,Arizelocichla,nigriceps,,Greenbul,Northern Mountain,,"Retire. Replaced with #2942, re-inserted to ABAP, new name Black-headed Mountain Greenbul",,,
2772,,13623,avibase-8EDD570A,13623,Passeriformes,Pycnonotidae,Arizelocichla,fusciceps,,Greenbul,Black-crowned Mountain,,"Retire this and also Arizelocichla fusciceps at #3042, BL has it as #4866 create new number",,,
2773,,13624,avibase-B8802336,13624,Psittaciformes,Psittrichasiidae,Coracopsis,nigra,African & New World Parrots,Parrot,Lesser Vasa,,"Retire, use #1646 used by BL",,,
2774,,13625,avibase-EB97C0F2,13625,Psittaciformes,Psittrichasiidae,Coracopsis,barklyi,African & New World Parrots,Parrot,Seychelles Black,,,,,
2786,0,13626,avibase-09D88471,0,Passeriformes,Alaudidae,Alaudala,somalica megaensis,Larks,Lark,Somali Short-toed,,,,,
2787,0,13627,avibase-C8EF4F36,0,Columbiformes,Columbidae,Spilopelia,chinensis,"Pigeons, Doves",Dove,Spotted,,,,,
2788,0,13628,,0,Coraciiformes,Bucerotidae,,,Hornbills,Hornbill,,,,,,
2789,,13629,avibase-3DE98CA4,,Passeriformes,Cisticolidae,Prinia,hypoxantha x maculosa,Cisticolas and allies,Prinia,Hybrid Drakensberg/Karoo,,,,,
2790,0,13630,avibase-DF7C8FC5,0,Passeriformes,Malaconotidae,Batis,erlangeri,"Wattle-eyes, Batises",Batis,Western Black-headed,,"Retire, already in as #2310",,,
2791,,13631,avibase-0EC8C471,0,Passeriformes,Dicruridae,Dicrurus,aldabranus,Drongos,Drongo,Aldabra,,"Retire, already in as #1071",,,
2556,1892,13633,avibase-ABDC4E76,13633,Passeriformes,Zosteropidae,Zosterops,anderssoni,White-eyes,White-eye,Southern Yellow,,,,,
2793,,13635,avibase-1044B438,,Galliformes,Numididae,Numida,meleagris,Guineafowl,Guineafowl,Domestic,,,,,
2758,0,14000,avibase-7DCA1C1E,14000,Passerines,,Bocagia,minuta,Bushshrikes,Tchagra,Marsh,,"Retire, use #716",,,
2610,898,14189,avibase-C1C255AA,889,Falconiformes,Accipitridae,Milvus,migrans,"Kites, Hawks and Eagles",Kite,Black,,Retire duplicate of #128. But how shall we do with #128 Black Kite and #129 Yellow-billed Kite??,,,
2755,,14191,avibase-861DA135,14191,Passeriformes,Leiothrichidae,Argya,rubiginosa,,Chatterer,Rufous ,,"Retire, use #3456",,,
1318,1241,14193,avibase-EBC3B53B,14193,Passeriformes,,Laniarius,aethiopicus,Bushshrikes,Boubou,Ethiopian,,,,,
2775,,14201,avibase-A8433A58,14201,Ciconiiformes,Procellariidae,Pachyptila,macgillivrayi,"Petrels, Shearwaters",Prion,MacGillivary's,,,,,
2776,,14202,avibase-2FA39DCD,14202,Galliformes,Phasianidae,Phasianus,colchicus,Pheasants and allies,Pheasant,Common ,,,,,
2777,,14203,avibase-FD2456D5,14203,Casuariiformes,Phasianidae,Dromaius,novaehollandiae,Cassowary and Emu,Emu,,,,,,
2778,,14204,avibase-AD455318,0,Strigiformes,Caprimulgidae,Caprimulgus,sp.,Nightjars,Nightjar,Unidentified,,,,,
2779,,14205,avibase-03A3B616,14205,Anseriformes,Anatidae,Netta,peposaca,"Ducks, Geese and Swans",Pochard,Rosy-billed,,,,,
2780,,14206,avibase-082F3A63,14206,Charadriiformes,Scolopacidae,Numenius,phaeopus,"Sandpipers, Snipes",Whimbrel,Steppe,,,,,
2781,,14207,avibase-32413666,14207,Galliformes,Phasianidae,Perdicula,asiatica,Pheasants and allies,Quail,Jungle Bush,,,,,
2782,,14208,,,Falconiformes,Accipitridae,,,"Kites, Hawks and Eagles",Raptor,Unidentified,,,,,
2783,,14209,,,Passeriformes,Sturnidae,,,"Starlings, Rhabdornis",Starling,(unidentified),,,,,
2010,,14210,,,Passeriformes,Cisticolidae,Prinia,maculosa x flavicans,Cisticolas and allies,Prinia,Karoo x Black-chested ,,,,,
2784,1115,14211,,0,Ciconiiformes,Diomedeidae,Thalassarche,,Albatrosses,Albatross,Yellow-nosed Albatross (unidentified),,,,,
2785,0,14225,avibase-BA7B32E6,,Cuculiformes,Cuculidae,,,Cuckoos,Cuckoo,Unidentified,,,,,
1245,,14226,avibase-A7275096,0,Passeriformes,Acrocephalidae,Iduna,opaca,Warbler,Olivaceous Warbler,Western,,,,,
2792,,14227,avibase-FCFBB7D9,,Ciconiiformes,Procellariidae,Pseudobulweria,rostrata,"Petrels, Shearwaters",Petrel,Tahiti,,,,,
2794,,14228,,0,Charadriiformes,Glareolidae,,,"Coursers, Pratincoles",Pratincoles,,,,,,
1659,,14229,avibase-4D844D5E,14229,,,Numenius,hudsonicus,,Whimbrel,Hudsonian,,,,,
1247,,14230,avibase-7D7541EB,14230,,,Iduna,pallida elaeica,,Olivaceous Warbler (ssp),Eastern,,,,,
1248,,14231,avibase-D34262ED,14231,,,Iduna,pallida pallida,,Olivaceous Warbler (ssp),Eastern,,,,,
1249,,14232,avibase-DEF62556,14232,,,Iduna,pallida reiseri,,Olivaceous Warbler (ssp),Eastern,,,,,
,,14233,,,Passeriformes,Malaconotidae,Laniarius, holomelas,Bushshrikes and Allies,Boubou,Albertine Sooty,,New species,,,
2384,,14234,avibase-CF8461BF,14234,Charadriiformes,,Thalasseus,albididorsalis,,Tern,West African Crested,,,,,
2321,,14235,avibase-3FC15B06,14235,Passeriformes,Sylviidae,Curruca,subalpina,Sylviid Babblers,Warbler,Moltoni's,,,,,
2305,,14236,avibase-5F33823D,14236,Passeriformes,Sylviidae,Curruca,cantillans inornata/iberiae,Sylviid Babblers,Warbler (ssp),Subalpine,,,,,
2118,,14237,avibase-8ABE28C8,14237,Passeriformes,Pycnonotidae,Pycnonotus,barbatus inornatus,,Bulbul (ssp),Common,,,,,
284,,14238,avibase-F50F4ACE,14238,Columbiformes,Columbidae,Basileuterus,delattrii,"Pigeons, Doves",Warbler,Chestnut-capped,,,,,
2796,,14239,avibase-C532D642,14239,Passeriformes,Estrildidae,Taeniopygia,guttata,,Finch,Zebra,,,,,
2802,,14240,avibase-2A07367C,,Psittaciformes,Psittrichasiidae,Forpus,coelestis,African & New World Parrots,Parrotlet,Pacific,,,,,
2803,,14241,,,,Anatidae,Anas,erythroryncha x capensis,,Teal,Hybrid Cape and Red eyed teal,,,,,
32,19120,14242,avibase-3F0EE474,14242,Passeriformes,Sylviidae,Acrocephalus,scirpaceus,Sylviid Babblers,Warbler,Common Reed,,,,,
,,14329,,,Passeriformes,Pellorneidae,Illadopsis,distans,Ground Babblers and Allies,Illadopsis,Tanzanian,,New species,,,
,,14342,,,Charadriiformes,Charadriidae,Anarhynchus,atrifrons,Plovers and Lapwings,Sand Plover,Tibetan,split,"New species from #234  Anarhynchus mongolus, new genus",,,
2890,0,14369,,0,Passeriformes,Ploceidae,Euplectes,laticauda,"Weavers, Widowbirds",Widowbird,Red-cowled,,,,,
,,14756,,,Passeriformes,Muscicapidae,Oenanthe,seebohmi,"Chats, Old World Flycatchers, and Allies",Wheatear,Atlas,,New species,,,
,,14760,,,Passeriformes,Fringillidae,Fringilla,spodiogenys,"Finches, Euphonias, and Allies",Chaffinch,African,,New species,,,
,,14761,,,Passeriformes,Sylviidae,Curruca,iberiae,Sylviid Warblers and Allies,Warbler,Western Subalpine,,New species,,,
,,14762,,,Passeriformes,Alaudidae,Alaudala,rufescens,Larks,Lark,Mediterranean Short-toed,,"New common name, two Alaudala rufescens #3488 and #14762, with different common names, retire #3488 ??",,,
,,14774,,,Passeriformes,Hirundinidae,Ptyonoprogne,rufigula,"Swallows, Martins",Martin,Red-throated Rock,split,"New species, split from #506",,,
,,14775,,,Piciformes,Lybiidae,Pogoniulus,uropygialis,African Barbets,Tinkerbird,Northern Red-fronted,split,New species from #436,,,
2901,,14776,,5708,Passeriformes,Pycnonotidae,Atimastillas,flavigula,Greenbul,Greenbul,Pale-throated,,Split from #5708,,,
,,14782,,,Passeriformes,Alaudidae,Corypha,kidepoensis,Larks,Lark,Kidepo,,New species,,,
,,14783,,,Passeriformes,Alaudidae,Corypha,kurrae,Larks,Lark,Higland,,New species,,,
,,14784,,,Passeriformes,Alaudidae,Corypha,athi,Larks,Lark,Sentinel,,New species,,,
,,14785,,,Passeriformes,Alaudidae,Corypha,kabalii,Larks,Lark,Plains,,New species,,,
,,14786,,,Passeriformes,Alaudidae,Corypha,nigriscnes,Larks,Lark,Plateau,,New species,,,
,,14787,,,Passeriformes,Pycnonotidae,Pycnonotidae,viridiceps,Greenbul,Greenbul,Angola,,New species,,,
2899,14788,14788,,0,Ciconiiformes,Ardeidae,Egretta,plumifera,"Herons, Bitterns",Egret,Plumed,,,,,
,,14789,,,Passeriformes,Ploceidae,Ploceus,brachypterus,Weavers and Allies,Weaver,Olive-naped,split,New species split from #1187,,,
2898,14798,14798,,0,Ciconiiformes,Ardeidae,Egretta,intermedia,"Herons, Bitterns",Egret,Medium,,,,,
2824,14799,14799,avibase-C3ABF863,0,Ciconiiformes,Ardeidae,Ardea,brachyrhyncha,"Herons, Bitterns",Egret,Yellow-billed,,Changed Genus to Ardea,,,
2900,,14816,,0,Gruiformes,Otididae,Otus,bikegila,Owls,Owl,Principe Scops,,Moved Scops from Common_group,,,
2895,,14836,,0,Ciconiiformes,Ciconiidae,Ciconia,microscelis,Storks,Stork,Africa Woolly-necked,,,,,
2896,,14837,,0,Ciconiiformes,Ciconiidae,Ciconia,episcopus,Storks,Stork,Asian Woolly-necked,,,,,
,,14853,,,Passeriformes,Hirundinidae,Cecropis,daurica,"Swallows, Martins",Swallow,Eastern Red-rumped Swallow,split,from #962 Red-rumped Swallow,,,
,,14873,,,Passeriformes,Cisticolidae,Camaroptera,brachyura,Cisticolas and Allies,Camaroptera,Bleating,,"Bleating Camaroptera replaces #627 #628, BUT I THINK WE SHOULD RETAIN THEM FOR NOW!",,,
,,14862,,,Coraciiformes,Meropidae,Merops,viridissimus,Bee-eaters,Bee-eater,African Green,split,Replaces #10052,,,
,,14864,,,Passeriformes,Zosteropidae,Zosterops,kasaicus,"White-eyes, Yuhinas, and Allies",White-eye,Angola,split,"New specis, split from senegalensis",,,
,,14869,,,Coraciiformes,Meropidae,Merops,lafresnayii,Bee-eaters,Bee-eater,Ethiopian,split ,New species split from #1584 Blue-breasted Bee-eater,,,
,,14916,avibase-ECEE0622,,Sphenisciformes,Spheniscidae,Eudyptes,chrysocome,Rockhopper ,Penguin,Western Rockhopper,,"New species split from #3 , Southern Rockhopper Penguin",,,
,,14917,avibase-D5A715E4,,Sphenisciformes,Spheniscidae,Eudyptes,filholi,Rockhopper ,Penguin,Eastern Rockhopper,,New species split from #3 ,,Lovebird,Hybrid
,,14918,,,Passeriformes,Alaudidae,Corypha,sharpii,Larks,Lark,Russet,split,Replace #3524,,,
,,14919,,,Passeriformes,Zosteropidae,Zosterops,kaffaensis,"White-eyes, Yuhinas, and Allies",White-eye,Kafa,split,New species split from #3214,,,
,,14920,,,Psittaciformes,Psittaculidae,Coracopsis,sibilans,African & New World Parrots,Parrot,Comoro Black Parrot,split,"New species, split from Lesse Vasa Parrot",,,
,,,,,,,,,,,,,,,,
,,,,,,,,,,,,,,,,
,,,,,,,,,,,,,,,,
,,,,,,,,,,,,,,,,
,,,,,,,,,,,,,,,,
50,,20004,,20004,Charadriiformes,Charadriidae,Vanellus,hybrid,Plovers,Lapwing,Hybrid Blacksmith x White-crowed,,,,,
2891,0,20005,,20005,,,,armatus x albiceps,,,,,,,,
